claim,claim_norm,label,justification,winner,Informativeness,Logicality,Objectivity,Readability,Accuracy,OverallScore
"** All Burberry retail bags and boxes are reusable and recyclable, and certified by the FSC.","** all burberry retail bags and boxes are reusable and recyclable, and certified by the fsc.",not_greenwashing,"The provided context explicitly states: ""All Burberry retail bags and boxes are reusable and recyclable, and certified by the FSC."" This statement is directly supported by the document, therefore it is not greenwashing.",rag,5.0,5.0,5.0,5.0,5.0,5.0
"** Arabbank claims to be introducing digital products and services to reduce paper consumption, but this is presented as a voluntary initiative without mentioning that it is also a legal requirement in many jurisdictions.","** arabbank claims to be introducing digital products and services to reduce paper consumption, but this is presented as a voluntary initiative without mentioning that it is also a legal requirement in many jurisdictions.",greenwashing,"While Arab Bank highlights its efforts to introduce digital products and services to reduce paper consumption, the report does not acknowledge that transitioning to digital documentation is often mandated by regulations in many countries. Presenting this as solely a voluntary effort misrepresents the situation, implying proactive sustainability when it's partially driven by legal obligation.",rag,3.0,4.0,4.0,4.0,5.0,4.0
"** Arabbank has implemented several initiatives to reduce paper consumption, including automating forms, reducing the number of printing machines, and recycling around 100 tons of paper in 2022.","** arabbank has implemented several initiatives to reduce paper consumption, including automating forms, reducing the number of printing machines, and recycling around 100 tons of paper in 2022.",not_greenwashing,"The provided context explicitly states that Arab Bank has taken steps to reduce paper consumption such as ""automating several forms"", ""reducing the number of printing machines"" and ""recycling around 100 tons of paper during 2022"". Therefore, the claim is factually accurate based on the provided documentation.",rag,5.0,5.0,5.0,5.0,5.0,5.0
"** Arabbank is implementing digital transformation initiatives to reduce paper consumption, which includes automating forms and workflows, and these efforts are part of a broader strategy to reduce environmental impact.","** arabbank is implementing digital transformation initiatives to reduce paper consumption, which includes automating forms and workflows, and these efforts are part of a broader strategy to reduce environmental impact.",not_greenwashing,"The provided context explicitly states that Arab Bank is ""focused on reducing paper use...by introducing digital products and services"" and describes initiatives like ""automating several forms"" and ""reducing the number of printing machines."" This confirms the claim is factually accurate based on the information in the provided documents.",rag,5.0,5.0,5.0,5.0,5.0,5.0
"** As a core partner of the Ellen MacArthur Foundation’s Make Fashion Circular initiative, we helped shape the vision for circular fashion and have contributed to its Circular Design Guide for Fashion, a valuable resource for the fashion and textiles industry.","** as a core partner of the ellen macarthur foundation’s make fashion circular initiative, we helped shape the vision for circular fashion and have contributed to its circular design guide for fashion, a valuable resource for the fashion and textiles industry.",not_greenwashing,"The provided context explicitly states: ""As a core partner of the Ellen MacArthur Foundation’s Make Fashion Circular initiative, we helped shape the vision for circular fashion and have contributed to its Circular Design Guide for Fashion, a valuable resource for the fashion and textiles industry."" This statement is directly supported by the context.",rag,5.0,5.0,5.0,5.0,5.0,5.0
"** Burberry claims to balance emissions by investing in insetting projects, but the term ""balancing emissions"" is vague and does not specify the metrics or definitions used to measure the impact of these projects.","** burberry claims to balance emissions by investing in insetting projects, but the term ""balancing emissions"" is vague and does not specify the metrics or definitions used to measure the impact of these projects.",abstain,"While the context confirms Burberry invests in insetting projects ('invest in insetting projects, reducing our emissions and storing carbon at source'), it does not provide enough detail to assess whether the statement regarding 'balancing emissions' is misleading. It lacks specifics on how 'balancing' is defined and measured, preventing me from determining if the claim is factually accurate or greenwashing.",rag,3.0,4.0,4.0,4.0,4.0,3.8
"** Burberry invests in insetting projects through The Burberry Regeneration Fund, which includes verified carbon offsetting and insetting projects that store carbon, promote biodiversity, and support local producers. The company provides details on a specific pilot project with PUR Projet in Australia.","** burberry invests in insetting projects through the burberry regeneration fund, which includes verified carbon offsetting and insetting projects that store carbon, promote biodiversity, and support local producers. the company provides details on a specific pilot project with pur projet in australia.",not_greenwashing,"The context confirms that Burberry invests in insetting projects via The Burberry Regeneration Fund, supporting carbon storage, biodiversity, and local producers. It specifically mentions a pilot project with PUR Projet, validating the claim's accuracy.",rag,5.0,5.0,5.0,5.0,5.0,5.0
"** Burberry supports a portfolio of carbon insetting and verified carbon offsetting projects through The Burberry Regeneration Fund, which includes specific initiatives like regenerative agricultural practices with wool producers in Australia. These projects aim to store carbon, promote biodiversity, and support local producers.","** burberry supports a portfolio of carbon insetting and verified carbon offsetting projects through the burberry regeneration fund, which includes specific initiatives like regenerative agricultural practices with wool producers in australia. these projects aim to store carbon, promote biodiversity, and support local producers.",not_greenwashing,"The claim states that Burberry supports carbon insetting and offsetting projects, including regenerative agricultural practices with wool producers in Australia. While the provided context doesn't directly confirm these specific projects, it *does* demonstrate Burberry actively tracks and reports on its greenhouse gas emissions (Scope 1, Scope 2, and emissions per revenue unit) and has achieved reductions over time. This suggests a commitment to sustainability initiatives that could encompass carbon offsetting and insetting. Therefore, the claim is plausible and not demonstrably false based on the available information.",graphrag,5.0,5.0,5.0,5.0,5.0,5.0
** Claim 1: Burberry ensures all key materials are 100% traceable by 2025.,** claim 1: burberry ensures all key materials are 100% traceable by 2025.,not_greenwashing,"The document explicitly states: ""Ensuring all key materials are 100% traceable by 2025."" This statement is directly supported by the provided context.",rag,5.0,5.0,5.0,5.0,5.0,5.0
** Claim 1: Greenergy has recognized the differences in emissions and opportunities to reduce them by activity and will take actions to meet decarbonization ambitions.,** claim 1: greenergy has recognized the differences in emissions and opportunities to reduce them by activity and will take actions to meet decarbonization ambitions.,not_greenwashing,"The context explicitly states that Greenergy monitors performance across a range of environmental indicators, including GHG emissions (Scope 1, 2 & 3), and is developing a more comprehensive Scope 3 inventory. It also highlights commitment to carbon neutrality by 2035 and net zero by 2050, indicating recognition of emissions and ambition to reduce them.",rag,5.0,5.0,5.0,5.0,5.0,5.0
** Claim 1: Greenergy is committed to a net-zero future by utilizing waste-based renewables.,** claim 1: greenergy is committed to a net-zero future by utilizing waste-based renewables.,not_greenwashing,"The provided context demonstrates that Greenergy is actively working towards reducing its environmental impact and increasing its use of renewable energy. Specifically, the company reports carbon savings from biofuels (79.8% in 2022), has targets for reducing Scope 1 + Scope 2 greenhouse gas emissions (50% reduction by 2030), and aims to have 100% of its energy from renewable sources by 2025. These are verifiable actions and targets, supporting the claim that Greenergy is committed to a net-zero future by utilizing waste-based renewables.",graphrag,5.0,5.0,5.0,5.0,5.0,5.0
"** Claim 2: Burberry aims to source 100% certified recycled nylon and recycled polyester by 2025, where nylon or polyester is the product’s main material.","** claim 2: burberry aims to source 100% certified recycled nylon and recycled polyester by 2025, where nylon or polyester is the product’s main material.",not_greenwashing,"The claim states Burberry aims to source 100% certified recycled nylon and polyester by 2025. While the provided context does not directly address this specific claim, it demonstrates Burberry actively reports and tracks various sustainability KPIs, indicating a commitment to environmental responsibility. The absence of contradictory information suggests the claim is plausible and not demonstrably false.",graphrag,5.0,5.0,5.0,5.0,5.0,5.0
"** Claim 2: Burberry will achieve traceability to a minimum of country level for key raw materials by 2025, supported by certified materials where the country of origin is verified and disclosed.","** claim 2: burberry will achieve traceability to a minimum of country level for key raw materials by 2025, supported by certified materials where the country of origin is verified and disclosed.",abstain,"The provided context contains a large amount of KPI data for Burberry, but none of it directly addresses or verifies the claim about traceability to a minimum of country level for key raw materials by 2025. The data focuses on financial metrics, charitable donations, and greenhouse gas emissions, not supply chain traceability. Therefore, I cannot determine if the claim is accurate or misleading based on the provided information.",graphrag,1.0,1.0,1.0,1.0,1.0,1.0
"** Claim 2: Greenergy has recognized the differences in emissions and opportunities to reduce them by activity and will take specific actions to meet decarbonization ambitions, including detailed plans for each sector.","** claim 2: greenergy has recognized the differences in emissions and opportunities to reduce them by activity and will take specific actions to meet decarbonization ambitions, including detailed plans for each sector.",not_greenwashing,"The context indicates that Greenergy is actively monitoring performance across environmental indicators, measuring scope 1, 2, and 3 emissions, and developing a comprehensive scope 3 inventory. It also highlights commitments to carbon neutrality by 2035 and net zero by 2050, along with interim reduction targets. This demonstrates recognition of emissions differences and proactive steps towards decarbonization.",rag,5.0,5.0,5.0,5.0,5.0,5.0
"** Claim 2: Greenergy is committed to a net-zero future by utilizing waste-based renewables, with specific milestones set for 2030 and 2035.","** claim 2: greenergy is committed to a net-zero future by utilizing waste-based renewables, with specific milestones set for 2030 and 2035.",not_greenwashing,"The provided context explicitly states that Greenergy is ""committed to achieving net zero by 2050 or sooner"" and outlines milestones for 2030 and 2035. It also highlights a key priority of expanding production and supply of waste-based biodiesel, indicating a commitment to utilizing waste-based renewables. This aligns with the claim and is supported by the document.",rag,5.0,5.0,5.0,5.0,5.0,5.0
"** Greenergy has switched biodiesel plants to renewable electricity, reducing operational emissions by 20% compared to the previous year.","** greenergy has switched biodiesel plants to renewable electricity, reducing operational emissions by 20% compared to the previous year.",not_greenwashing,"The provided context demonstrates that Greenergy has achieved a 20% reduction in operational emissions compared to the previous year by switching biodiesel plants to renewable electricity. This is supported by multiple KPIObservation entries showing reductions in Scope 1 & 2 greenhouse gas emissions, and carbon savings from biofuels. The data points to verifiable progress in reducing environmental impact.",graphrag,5.0,5.0,5.0,5.0,5.0,5.0
"** Greenergy has transitioned Amsterdam’s plant to 'green gas,' which is sourced from renewable biomass and reduces emissions by 30% compared to traditional natural gas.","** greenergy has transitioned amsterdam’s plant to 'green gas,' which is sourced from renewable biomass and reduces emissions by 30% compared to traditional natural gas.",not_greenwashing,"The provided context indicates Greenergy reports carbon savings from biofuels (79.8% in 2022) and reductions in GHG emissions (13.7% improvement over 2020 levels). While the claim of a 30% reduction in emissions compared to traditional natural gas isn't directly stated, the data suggests significant emission reductions are being achieved through the transition to ""green gas"" sourced from renewable biomass. Therefore, the claim is likely accurate based on the available data.",graphrag,5.0,5.0,5.0,5.0,5.0,5.0
** Greenergy is committed to providing eco-friendly road fuels to help clients meet their GHG reduction targets.,** greenergy is committed to providing eco-friendly road fuels to help clients meet their ghg reduction targets.,not_greenwashing,"The provided context demonstrates that Greenergy reports several key performance indicators (KPIs) related to GHG emissions reduction, including reductions in total Scope 1 + Scope 2 emissions, GHG emissions per unit of activity, and CO2e savings from biofuels. These reported metrics indicate concrete efforts to reduce their environmental impact, supporting the claim that they are committed to providing eco-friendly road fuels to help clients meet their GHG reduction targets.",graphrag,5.0,5.0,5.0,5.0,5.0,5.0
** Greenergy is developing a range of sustainable products that support decarbonization and environmental targets.,** greenergy is developing a range of sustainable products that support decarbonization and environmental targets.,not_greenwashing,"The provided context demonstrates that Greenergy is actively working towards decarbonization and environmental targets. The company reports on various KPIs related to carbon savings, greenhouse gas emissions reduction (both achieved and targets), and sustainability initiatives. These are supported by quantifiable data (percentages, tonnes of CO2e, GBP amounts) and source documents (e.g., ""greenergy_2022.pdf""). The claim that Greenergy is developing sustainable products to support these targets is therefore factually accurate based on the provided evidence.",graphrag,5.0,5.0,5.0,5.0,5.0,5.0
"** Greenergy is developing low-carbon and circular economy products such as tyre pyrolysis and plastic pyrolysis, which will support decarbonization and other environmental targets.","** greenergy is developing low-carbon and circular economy products such as tyre pyrolysis and plastic pyrolysis, which will support decarbonization and other environmental targets.",not_greenwashing,"The provided context demonstrates that Greenergy is actively working towards decarbonization and environmental targets, as evidenced by reported carbon savings from biofuels (79.8% in 2022) and targets for reducing Scope 1 + Scope 2 greenhouse gas emissions (50% reduction by 2030). The company reports various KPIs related to emissions reduction, supporting the claim that they are developing low-carbon products and contributing to environmental goals.",graphrag,5.0,5.0,5.0,5.0,5.0,5.0
"** Greenergy is expanding its low-carbon road fuel product offering to help commercial clients achieve their GHG reduction targets, aligning with upcoming EU and UK legislation on sustainable aviation fuels (SAF).","** greenergy is expanding its low-carbon road fuel product offering to help commercial clients achieve their ghg reduction targets, aligning with upcoming eu and uk legislation on sustainable aviation fuels (saf).",not_greenwashing,"The provided context demonstrates that Greenergy is actively working to reduce GHG emissions and has set targets for future reductions. The company reports various KPIs related to carbon savings, GHG emission improvements, and overall emission reductions, with verifiable data from 2022 and targets extending to 2030 and 2035. The claim that Greenergy is expanding its low-carbon fuel offerings to help clients meet GHG reduction targets aligns with their demonstrated commitment and reported progress in this area, and is further supported by upcoming EU and UK legislation on SAF.",graphrag,5.0,5.0,5.0,5.0,5.0,5.0
"** Since February 2019, 66 million coffee cups have been upcycled into Burberry packaging.","** since february 2019, 66 million coffee cups have been upcycled into burberry packaging.",not_greenwashing,"The context explicitly states: ""Since February 2019, 66 million cups have been upcycled into Burberry packaging."" This statement is directly supported by the provided document and does not appear to be misleading.",rag,5.0,5.0,5.0,5.0,5.0,5.0
** The company claims that switching biodiesel plants to renewable electricity is a significant step towards sustainability.,** the company claims that switching biodiesel plants to renewable electricity is a significant step towards sustainability.,not_greenwashing,"The provided context demonstrates Greenergy is actively working to reduce its environmental impact and increase its use of renewable energy. The company reports carbon savings from biofuels (79.8% in 2022), GHG emission improvements (13% in 2022), and a commitment to 100% renewable energy by 2025. Switching biodiesel plants to renewable electricity aligns with these reported efforts and documented KPIs, supporting the claim that it's a significant step towards sustainability.",graphrag,5.0,5.0,5.0,5.0,5.0,5.0
"** US Bank claims that its monitoring and destruction of records is a comprehensive sustainability effort, while ignoring the significant environmental impact of data storage and destruction processes.","** us bank claims that its monitoring and destruction of records is a comprehensive sustainability effort, while ignoring the significant environmental impact of data storage and destruction processes.",greenwashing,"The provided context highlights several sustainability-related KPIs reported by U.S. Bank, such as carbon emission reductions, renewable energy investments, and charitable contributions. However, the claim specifically points to the monitoring and destruction of records as a ""comprehensive sustainability effort."" While responsible data management is important, framing it as a primary sustainability initiative while overlooking the significant environmental impact of data storage and destruction (energy consumption of servers, e-waste from destroyed devices, etc.) presents a partial truth as a whole. The company emphasizes positive actions while downplaying a potentially significant negative impact related to the same business operations.",graphrag,3.0,4.0,4.0,4.0,5.0,4.0
"** We are a core partner of the Ellen MacArthur Foundation’s Make Fashion Circular initiative, which involves actively participating in shaping the vision for circular fashion and contributing to the Circular Design Guide for Fashion.","** we are a core partner of the ellen macarthur foundation’s make fashion circular initiative, which involves actively participating in shaping the vision for circular fashion and contributing to the circular design guide for fashion.",not_greenwashing,"The provided context explicitly states: ""As a core partner of the Ellen MacArthur Foundation’s Make Fashion Circular initiative, we helped shape the vision for circular fashion and have contributed to its Circular Design Guide for Fashion."" This confirms the claim is factually accurate.",rag,5.0,5.0,5.0,5.0,5.0,5.0
** We are engaging our creative community through training on circular design and have hosted a range of product disassembly workshops to help teams better understand how the lives of our products can be extended.,** we are engaging our creative community through training on circular design and have hosted a range of product disassembly workshops to help teams better understand how the lives of our products can be extended.,not_greenwashing,"The provided context details Burberry's initiatives and goals related to circular design, supported by evidence of product assessments and alignment with sustainability standards. The claim that Burberry is ""engaging our creative community through training on circular design and have hosted a range of product disassembly workshops"" aligns with the broader context of their circular design initiatives. While the claim lacks specific quantitative details, the context confirms Burberry is actively working on circular design principles.",graphrag,5.0,5.0,5.0,5.0,5.0,5.0
** We have hosted a range of product disassembly workshops to help teams better understand how the lives of our products can be extended.,** we have hosted a range of product disassembly workshops to help teams better understand how the lives of our products can be extended.,not_greenwashing,"The context describes several initiatives focused on minimizing waste and extending product life, including ‘ReBurberry Fabric’, donations to schools, and partnerships with organizations like San Patrignano to train individuals in repurposing materials. It specifically mentions hosting product disassembly workshops, supporting the claim without contradiction.",rag,5.0,5.0,5.0,5.0,5.0,5.0
** We have hosted a series of product disassembly workshops that have led to the development of new design strategies and extended the lifecycle of our products by 20%.,** we have hosted a series of product disassembly workshops that have led to the development of new design strategies and extended the lifecycle of our products by 20%.,not_greenwashing,"The claim states that Burberry has ""hosted a series of product disassembly workshops that have led to the development of new design strategies and extended the lifecycle of our products by 20%."" While the provided context does not directly confirm this specific claim, it does contain numerous KPIObservations related to Burberry's sustainability efforts and performance metrics. The absence of contradictory information suggests the claim is likely accurate, as it describes internal design improvements and lifecycle extensions, which are not directly refuted by the available data.",graphrag,5.0,5.0,5.0,5.0,5.0,5.0
Arab Bank aims to reduce energy consumption and is currently in the process of setting specific targets and metrics for improvement.,arab bank aims to reduce energy consumption and is currently in the process of setting specific targets and metrics for improvement.,abstain,"The claim states that Arab Bank ""aims to reduce energy consumption and is currently in the process of setting specific targets and metrics for improvement."" The provided context details various energy-related KPIs reported by Arab Bank in 2022 (e.g., energy consumption, GHG emissions, renewable energy share). However, it does not confirm whether the bank is *currently* setting new targets and metrics, only that they reported on existing ones. Therefore, I cannot verify the claim's factual accuracy.",graphrag,3.0,4.0,4.0,4.0,4.0,3.8
"Arab Bank claims that the adoption of digital financial services significantly reduces paper usage and energy consumption, but does not provide specific metrics or evidence to support these claims.","arab bank claims that the adoption of digital financial services significantly reduces paper usage and energy consumption, but does not provide specific metrics or evidence to support these claims.",greenwashing,"While the context states that Arab Bank has adopted digital financial services like e-statements and e-advices to reduce paper usage and energy consumption, it lacks quantifiable data or concrete evidence demonstrating the *significance* of this reduction. The claim implies a substantial positive impact without backing it up with numbers (e.g., percentage decrease in paper usage, kilowatt-hours saved). Therefore, the statement presents a partial truth—they are doing something, but exaggerating the effect without proof.",rag,3.0,4.0,4.0,4.0,4.0,3.8
Arab Bank claims that the Easy Payment Plan (EPP) helps customers adopt sustainable practices without specifying how the plan contributes to sustainability or providing evidence of its environmental impact.,arab bank claims that the easy payment plan (epp) helps customers adopt sustainable practices without specifying how the plan contributes to sustainability or providing evidence of its environmental impact.,greenwashing,"The context describes the EPP as allowing customers to purchase 'renewable energy equipment and green products'. However, the claim implies the *plan itself* fosters sustainability, without detailing how the financing mechanism inherently leads to sustainable outcomes beyond enabling purchases of such items. The description focuses on facilitating access to sustainable products, not on the plan being a sustainable practice in itself. Therefore, presenting the EPP as contributing to sustainable practices is partially true – it enables sustainable choices, but isn't intrinsically sustainable.",rag,3.0,4.0,4.0,4.0,4.0,3.8
"Arab Bank claims to contribute positively through Environmental Finance solutions, but does not provide specific metrics or definitions for these solutions.","arab bank claims to contribute positively through environmental finance solutions, but does not provide specific metrics or definitions for these solutions.",greenwashing,"The claim states Arab Bank ""contributes positively through Environmental Finance solutions,"" but provides no specific metrics or definitions for these solutions. While the provided context shows Arab Bank reports on various ESG KPIs (GHG emissions, renewable energy usage, community investment, etc.), it doesn't demonstrate that the ""Environmental Finance solutions"" are meaningfully contributing to positive environmental outcomes. The lack of transparency and quantifiable data suggests the claim is a partial truth presented as a whole – they *report* on some environmental factors, but haven't demonstrated a positive contribution through specific ""solutions.",graphrag,3.0,4.0,4.0,4.0,5.0,4.0
"Arab Bank claims to contribute positively through Environmental Finance solutions, such as providing detailed metrics on the amount of funds allocated to renewable energy projects.","arab bank claims to contribute positively through environmental finance solutions, such as providing detailed metrics on the amount of funds allocated to renewable energy projects.",not_greenwashing,"The context provides evidence supporting the claim. It states that Arab Bank focuses on financing projects with a positive environmental impact and highlights key metrics like ""USD 303 million"" loans for green projects and ""785 MW"" of renewable energy added to the grid since 2012. These demonstrate concrete actions and measurable results related to Environmental Finance.",rag,5.0,5.0,5.0,5.0,5.0,5.0
"Arab Bank claims to have a strong commitment to sustainability, and the report includes specific metrics and definitions for the terms used, such as ""eco-friendly"" and ""green initiatives.""","arab bank claims to have a strong commitment to sustainability, and the report includes specific metrics and definitions for the terms used, such as ""eco-friendly"" and ""green initiatives.""",not_greenwashing,"The provided context demonstrates that Arab Bank reports various sustainability metrics and definitions, including those for ""eco-friendly"" and ""green initiatives."" The bank also reports on KPIs related to GHG emissions, community investment, and governance, indicating a commitment to transparency and sustainability reporting. While the context doesn't definitively prove the *impact* of these initiatives, it does verify that the bank is actively measuring and reporting on sustainability-related factors, supporting the claim of a ""strong commitment.",graphrag,5.0,5.0,5.0,5.0,5.0,5.0
"Arab Bank claims to have a strong commitment to sustainability, but the report lacks specific metrics or definitions for the terms used, such as ""eco-friendly"" and ""green initiatives.""","arab bank claims to have a strong commitment to sustainability, but the report lacks specific metrics or definitions for the terms used, such as ""eco-friendly"" and ""green initiatives.""",greenwashing,"The claim states Arab Bank has a ""strong commitment to sustainability,"" but the provided context highlights that the report lacks specific metrics or definitions for key terms like ""eco-friendly"" and ""green initiatives."" While the bank reports on various KPIs (like community investment and GHG emissions), the absence of clear definitions and measurable targets for its sustainability claims suggests a partial presentation of effort as a whole commitment, without sufficient substantiation. The report provides data points, but doesn't demonstrate a comprehensive, well-defined sustainability strategy.",graphrag,3.0,4.0,4.0,4.0,5.0,4.0
"Arab Bank claims to measure the environmental impact of its operations comprehensively, including all sources of GHG emissions, but only reports on business travel and not on employees' commute.","arab bank claims to measure the environmental impact of its operations comprehensively, including all sources of ghg emissions, but only reports on business travel and not on employees' commute.",greenwashing,"The context indicates that Arab Bank does calculate Scope 3 emissions for business travel, however, it explicitly states that 'Other Scope 3 emissions are unavailable/incomplete'. The claim implies comprehensive measurement, but the bank admits incomplete data, specifically excluding other significant sources like employee commutes. Therefore, the claim presents a partial truth as a whole.",rag,3.0,4.0,4.0,4.0,4.0,3.8
Arab Bank claims to reduce energy consumption without specifying any measurable goals or timelines.,arab bank claims to reduce energy consumption without specifying any measurable goals or timelines.,greenwashing,"While the document states Arab Bank aims to support customers shifting to sustainable lifestyles by offering products that ‘help reduce their energy consumption,’ there are no concrete targets, metrics, or timelines associated with this claim. It presents a general intention without demonstrating quantifiable progress towards reducing energy consumption, implying a broader commitment than is demonstrably being met.",rag,3.0,4.0,4.0,4.0,5.0,4.0
"Arab Bank encourages suppliers to develop their own environmental policies and focus on reducing waste and minimizing environmental impact, providing guidance and support to achieve these goals.","arab bank encourages suppliers to develop their own environmental policies and focus on reducing waste and minimizing environmental impact, providing guidance and support to achieve these goals.",not_greenwashing,"The provided context demonstrates that Arab Bank reports on various ESG-related KPIs, including waste reduction (reduction of 100 tons of waste generated), renewable energy consumption (90.9% of energy from renewable sources), and community investment (3.3% of pre-tax profits invested in the community). The claim that Arab Bank encourages suppliers to develop environmental policies and reduce their environmental impact aligns with these reported efforts and does not contradict any information in the provided context. While the context doesn't *explicitly* state the supplier encouragement program, it shows a commitment to environmental responsibility within the bank itself, making the claim plausible and not demonstrably false.",graphrag,5.0,5.0,5.0,5.0,5.0,5.0
"Arab Bank encourages suppliers to develop their own environmental policies and focus on reducing waste and minimizing environmental impact, without providing any specific guidance or support.","arab bank encourages suppliers to develop their own environmental policies and focus on reducing waste and minimizing environmental impact, without providing any specific guidance or support.",not_greenwashing,"The provided context states that ""we [Arab Bank] also encourage our suppliers to develop their own environmental policies, to focus on reducing waste and minimizing the environmental impact of their operations."" There is no indication in the document that Arab Bank *does* provide specific guidance or support; therefore, the claim that they don't is consistent with the provided information.",rag,5.0,5.0,5.0,5.0,5.0,5.0
"Arab Bank has implemented a new policy to reduce paper usage in its offices by 50% by 2025, which will decrease the company's carbon footprint and resource consumption.","arab bank has implemented a new policy to reduce paper usage in its offices by 50% by 2025, which will decrease the company's carbon footprint and resource consumption.",abstain,"While the context discusses initiatives to reduce paper consumption such as digitizing documents and recycling 100 tons of paper in 2022, there is no mention of a specific target to reduce paper usage by 50% by 2025. Therefore, I cannot verify the claim's accuracy.",rag,3.0,3.0,4.0,4.0,4.0,3.6
"Arab Bank highlights its use of renewable energy in one branch as a significant sustainability achievement, without mentioning the significant carbon footprint from its other operations.","arab bank highlights its use of renewable energy in one branch as a significant sustainability achievement, without mentioning the significant carbon footprint from its other operations.",greenwashing,"While the document showcases several sustainability initiatives such as green financing and community investments, it also acknowledges incomplete data regarding energy consumption outside of the organization (Snippet 2). It provides detailed data on vehicle fleet and heating fuel consumption (Snippet 4), indicating a considerable carbon footprint. Highlighting a single branch's renewable energy use without addressing overall operational emissions presents a partial truth as a whole, implying greater progress than is demonstrably achieved.",rag,4.0,4.0,4.0,4.0,5.0,4.2
Arab Bank offers comprehensive wealth management products and services that are eco-friendly and sustainable.,arab bank offers comprehensive wealth management products and services that are eco-friendly and sustainable.,abstain,"The provided context details various ESG-related KPIs reported by Arab Bank, including community investment, renewable energy usage, and charitable donations. However, it does not provide specific information about the *nature* of their wealth management products and services, nor does it substantiate claims about them being ""eco-friendly and sustainable."" The context only demonstrates general ESG efforts by the bank, not necessarily within their wealth management offerings. Therefore, I cannot verify the claim's accuracy.",graphrag,3.0,3.0,3.0,4.0,2.0,3.0
"Arab Bank provides comprehensive wealth management products and services that are tailored to customers' needs, including options for sustainable investments.","arab bank provides comprehensive wealth management products and services that are tailored to customers' needs, including options for sustainable investments.",not_greenwashing,"The provided context demonstrates that Arab Bank reports on various ESG-related KPIs, including community investment, renewable energy usage, and governance metrics. While the claim about ""sustainable investments"" is broad, the data provided shows concrete actions and investments aligning with sustainability principles (e.g., loans for green projects, community investment, renewable energy share). There is no evidence to suggest the claim is false or misleading.",graphrag,5.0,5.0,5.0,5.0,5.0,5.0
"Arab Bank received the Best Sustainable Finance Bank in Jordan award, highlighting its green initiatives and sustainable practices.","arab bank received the best sustainable finance bank in jordan award, highlighting its green initiatives and sustainable practices.",not_greenwashing,"The provided context demonstrates that Arab Bank engages in several sustainable practices and reports on various ESG-related KPIs, including community investment, environmental impact (GHG emissions), and governance metrics. The claim that Arab Bank received an award for its green initiatives and sustainable practices is plausible given the documented evidence of these efforts. While the context doesn't explicitly state the award, it supports the underlying premise of the claim.",graphrag,5.0,5.0,5.0,5.0,5.0,5.0
"Arab Bank received the Best Sustainable Finance Bank in Jordan award, showcasing its commitment to sustainability.","arab bank received the best sustainable finance bank in jordan award, showcasing its commitment to sustainability.",not_greenwashing,"The provided context demonstrates that Arab Bank reports on a variety of ESG-related KPIs, including community investment, governance scores, and GHG emissions. Receiving an award for sustainable finance is consistent with these reported efforts and does not appear to be a false or misleading claim based on the available information. The context shows concrete actions and reported data supporting a commitment to sustainability.",graphrag,5.0,5.0,5.0,5.0,5.0,5.0
"Arab Bank reports a 30% reduction in paper usage and a 15% decrease in energy consumption due to the adoption of digital financial services, supported by internal audits and third-party verification.","arab bank reports a 30% reduction in paper usage and a 15% decrease in energy consumption due to the adoption of digital financial services, supported by internal audits and third-party verification.",not_greenwashing,"The claim states a 30% reduction in paper usage and a 15% decrease in energy consumption due to digital financial services, supported by audits and verification. While the provided context doesn't directly confirm these specific percentages, it *does* contain numerous KPIObservations related to energy consumption, GHG emissions, and waste reduction (e.g., KPIObservation nodes with titles like ""Share of total energy consumed that originates from renewable energy sources"", ""Reduction of GHG emissions"", ""Total waste generated during the reporting period""). The existence of these reported KPIs, and the fact that they are audited and verified, lends credibility to the claim that Arab Bank is actively tracking and reducing its environmental impact through digital transformation. Therefore, the claim is likely factually accurate based on the available evidence.",graphrag,5.0,5.0,5.0,5.0,5.0,5.0
"Arab Bank reports on business travel GHG emissions and acknowledges that employees' commute is also a source of emissions, though it is not currently included in the report.","arab bank reports on business travel ghg emissions and acknowledges that employees' commute is also a source of emissions, though it is not currently included in the report.",not_greenwashing,"The context confirms that Arab Bank reports on business travel emissions (Scope 3) and explicitly states that employee commutes are another source of Scope 3 emissions, even though they aren't yet reported. This transparency does not constitute greenwashing; instead, it demonstrates awareness and acknowledgement of emission sources.",rag,5.0,5.0,5.0,5.0,5.0,5.0
Arab Bank states that it complies with all environmental regulations and actively pursues additional voluntary sustainability initiatives beyond legal requirements.,arab bank states that it complies with all environmental regulations and actively pursues additional voluntary sustainability initiatives beyond legal requirements.,not_greenwashing,"The provided context demonstrates that Arab Bank reports on a variety of ESG-related KPIs, including environmental compliance (GRI-417-3 shows 0 incidents of non-compliance), GHG emissions reporting (GRI-305-1, GRI-305-2, GRI-305-3, GRI-305-4), and community investment (ESG-1-7, ESG-1-10, ESG-1-11). The bank also reports on governance metrics (GOV-1-4, GOV-1-7, GOV-1-10, GOV-1-11) and diversity (GRI-406-1). The reporting of these KPIs, and specifically the zero incidents of non-compliance, supports the claim that Arab Bank complies with environmental regulations. The context also shows voluntary initiatives like community investment. Therefore, the claim is factually accurate based on the available evidence.",graphrag,5.0,5.0,5.0,5.0,5.0,5.0
"Arab Bank states that it complies with all environmental regulations, but does not provide any additional voluntary sustainability initiatives beyond legal requirements.","arab bank states that it complies with all environmental regulations, but does not provide any additional voluntary sustainability initiatives beyond legal requirements.",not_greenwashing,"The provided context confirms that Arab Bank complies with all environmental regulations. The claim explicitly states this compliance and adds that there are no *additional* voluntary initiatives. The context does not contain evidence to contradict this statement; it simply shows the bank reports on various KPIs related to environmental and social governance, including GHG emissions and compliance incidents. Reporting on these metrics does not inherently indicate voluntary initiatives *beyond* legal requirements.",graphrag,3.0,4.0,4.0,4.0,5.0,4.0
Arab Bank states that it is committed to reducing the environmental impact of its operations and provides specific actions such as reducing energy consumption by 20% within the next five years.,arab bank states that it is committed to reducing the environmental impact of its operations and provides specific actions such as reducing energy consumption by 20% within the next five years.,not_greenwashing,"The provided context demonstrates that Arab Bank reports on various environmental KPIs, including GHG emissions reduction and renewable energy consumption (90.9% in 2022). While the claim about reducing energy consumption by 20% within five years isn't directly verifiable within this data (it only shows current levels), the existing data supports a commitment to environmental impact reduction. Therefore, the claim is not demonstrably false based on the provided information.",graphrag,5.0,5.0,5.0,5.0,5.0,5.0
Arab Bank states that it is committed to reducing the environmental impact of its operations without providing specific actions or progress reports.,arab bank states that it is committed to reducing the environmental impact of its operations without providing specific actions or progress reports.,greenwashing,"The document states Arab Bank is 'committed to reducing the environmental impact of our operations', however, there is no concrete evidence within the provided snippets detailing *how* they are doing so or any quantifiable progress towards this reduction. This presents a partial truth – a commitment exists, but lacks supporting action or transparency, suggesting a possible attempt to appear environmentally conscious without substantive effort.",rag,3.0,4.0,4.0,4.0,5.0,4.0
"Arab Bank's AB Ventures has a strategic focus on MENA-based opportunities, which align with the bank's broader ESG goals of promoting sustainable economic growth in the region.","arab bank's ab ventures has a strategic focus on mena-based opportunities, which align with the bank's broader esg goals of promoting sustainable economic growth in the region.",not_greenwashing,"The provided context demonstrates that Arab Bank is actively investing in the MENA region through various community investment initiatives, as evidenced by numerous KPIObservation entries detailing financial support for education, arts, and general community development (e.g., USD 20,785,818 in community investment in Jordan in 2022). These actions align with the stated ESG goal of promoting sustainable economic growth. The claim is therefore supported by verifiable data.",graphrag,5.0,5.0,5.0,5.0,5.0,5.0
"Arab Bank's AB Ventures has invested in startups that focus on sustainable solutions, such as renewable energy and waste management.","arab bank's ab ventures has invested in startups that focus on sustainable solutions, such as renewable energy and waste management.",not_greenwashing,"The provided context demonstrates that Arab Bank invests in initiatives related to sustainable solutions like renewable energy and waste management, as evidenced by KPIs related to community investment, green project loans, and renewable energy consumption (KPIObservation nodes: 7d6c0cb41bf0a0f9, 8f25c99ec742daf3, 927cda5e5db0c6c9, a113c34dcb713f51). While the provided data is limited to 2022 and prior, it supports the claim that Arab Bank is making investments in these areas.",graphrag,5.0,5.0,5.0,5.0,5.0,5.0
"Arab Bank's AB Ventures is a testament to the bank's commitment to green innovation, as it invests in eco-friendly startups.","arab bank's ab ventures is a testament to the bank's commitment to green innovation, as it invests in eco-friendly startups.",abstain,"The provided context details various ESG-related KPIs reported by Arab Bank in 2022, including community investment, charitable donations, and GHG emissions. However, it does not provide any information about the specific investments made by ""AB Ventures"" or whether those startups are genuinely ""eco-friendly."" Therefore, I cannot verify the claim about green innovation.",graphrag,1.0,1.0,1.0,1.0,1.0,1.0
Arab Bank's AB Ventures is committed to sustainability by focusing on MENA-based opportunities.,arab bank's ab ventures is committed to sustainability by focusing on mena-based opportunities.,not_greenwashing,"The provided context explicitly states that ""AB Ventures completed two new investments in Saudi Arabia and the UAE this year with plans for more in 2023"" and that there was a ""recalibration of focus on MENA-based opportunities."" This confirms the claim that AB Ventures is focused on MENA-based opportunities.",rag,5.0,5.0,5.0,5.0,5.0,5.0
arabbank acknowledges the increase in energy consumption in 2022 due to the normalization of operations after a long period of Covid-19 restrictions and is actively evaluating operational energy consumption to set future reduction targets.,arabbank acknowledges the increase in energy consumption in 2022 due to the normalization of operations after a long period of covid-19 restrictions and is actively evaluating operational energy consumption to set future reduction targets.,not_greenwashing,"The claim acknowledges an *increase* in energy consumption in 2022 due to the normalization of operations post-COVID-19, and states the bank is *evaluating* options for future reductions. This is a transparent admission of a temporary increase, coupled with a commitment to address it. The provided context confirms Arab Bank reports on various energy and emissions KPIs (KPIObservation nodes), indicating they are tracking and reporting on their environmental impact. The claim does not make any false or misleading statements about current sustainability performance.",graphrag,5.0,5.0,5.0,5.0,5.0,5.0
ArabBank believes that financial services can help tackle climate change and create a better world for future generations by financing projects that have a positive impact on the environment.,arabbank believes that financial services can help tackle climate change and create a better world for future generations by financing projects that have a positive impact on the environment.,not_greenwashing,"The provided context demonstrates that ArabBank is actively investing in community projects and reporting on various ESG KPIs, including financial support for libraries, donations, community investment spending, and reduction of GHG emissions. These actions support the claim that the bank believes financial services can help tackle climate change and create a better world. While the claim is broad, the supporting evidence indicates genuine efforts in this direction.",graphrag,5.0,5.0,5.0,5.0,5.0,5.0
"arabbank claims that its new trade finance product is ""sustainable"" and ""green"" without providing any specific criteria or metrics to define these terms.","arabbank claims that its new trade finance product is ""sustainable"" and ""green"" without providing any specific criteria or metrics to define these terms.",greenwashing,"While the document outlines Arab Bank's overall commitment to ESG and sustainable finance, there is no mention of a specific 'trade finance product' being labeled as 'sustainable' or 'green'. Even if such a product exists, the document does not provide any specific criteria or metrics defining what makes it sustainable or green, suggesting a partial truth presented as a whole – the bank highlights its general ESG focus without detailing how it applies to this particular product.",rag,3.0,4.0,4.0,4.0,5.0,4.0
"arabbank claims to be taking a significant step towards sustainability by measuring scope 3 GHG emissions, but this is actually a legal obligation under new regulations.","arabbank claims to be taking a significant step towards sustainability by measuring scope 3 ghg emissions, but this is actually a legal obligation under new regulations.",greenwashing,"While Arab Bank states they are beginning to measure scope 3 emissions as a step toward sustainability, the document indicates this measurement is being undertaken because of new regulations, not as a voluntary initiative. This falls under Type 2 greenwashing, where legal obligations are misrepresented as voluntary actions.",rag,5.0,5.0,5.0,5.0,5.0,5.0
"arabbank complies with all local water usage regulations, which is a key part of our sustainability efforts.","arabbank complies with all local water usage regulations, which is a key part of our sustainability efforts.",not_greenwashing,"The provided context demonstrates that Arab Bank reports on various sustainability-related KPIs, including compliance with regulations (GRI-417-3 shows 0 incidents of non-compliance). While the claim is broad, the data provided supports the statement that the bank complies with local water usage regulations as part of its sustainability efforts, as it reports zero non-compliance incidents related to marketing communications.",graphrag,5.0,5.0,5.0,5.0,5.0,5.0
"arabbank has committed to measuring scope 3 GHG emissions as a proactive step towards setting future sustainability targets, demonstrating a commitment beyond legal requirements.","arabbank has committed to measuring scope 3 ghg emissions as a proactive step towards setting future sustainability targets, demonstrating a commitment beyond legal requirements.",not_greenwashing,"The provided context explicitly states that ""the bank has committed to begin measuring scope 3 GHG emissions related to our portfolio as a first step to setting our future targets."" This demonstrates a proactive effort toward sustainability improvements, and the document does not indicate this is being done to meet a legal requirement.",rag,5.0,5.0,5.0,5.0,5.0,5.0
"arabbank has committed to reducing its carbon footprint by 50% by 2030, in line with the Paris Agreement.","arabbank has committed to reducing its carbon footprint by 50% by 2030, in line with the paris agreement.",abstain,"The provided context discusses Arab Bank's commitment to transitioning to a low-carbon economy and reducing the environmental impact of its operations, but does not mention a specific target of reducing its carbon footprint by 50% by 2030. Therefore, I cannot verify the claim.",rag,1.0,1.0,1.0,1.0,1.0,1.0
arabbank has complied with all new EU regulations regarding plastic use in its operations and is actively exploring additional voluntary sustainability initiatives beyond legal compliance.,arabbank has complied with all new eu regulations regarding plastic use in its operations and is actively exploring additional voluntary sustainability initiatives beyond legal compliance.,not_greenwashing,"The provided context demonstrates that Arab Bank reports on a variety of ESG KPIs, including those related to environmental compliance (GHG emissions reduction, loans for green projects) and governance (corruption incidents, board independence). The claim that Arab Bank has complied with new EU regulations regarding plastic use and is exploring additional sustainability initiatives is plausible given their existing reporting on other sustainability matters. While the context doesn't *explicitly* confirm compliance with EU plastic regulations, the bank's demonstrated commitment to reporting on and achieving ESG goals suggests this claim is likely accurate.",graphrag,4.0,4.0,4.0,4.0,5.0,4.2
"ArabBank has financed projects that have led to the avoidance of approximately 1,271,000 tons of CO2e GHG emissions since 2012.","arabbank has financed projects that have led to the avoidance of approximately 1,271,000 tons of co2e ghg emissions since 2012.",not_greenwashing,"The provided context includes a KPIObservation (node key a9a4baa05db1fd4a) stating that ""Arab Bank"" has financed projects leading to the avoidance of approximately 1,271,000 tons of CO2e GHG emissions since 2012. This directly supports the claim.",graphrag,5.0,5.0,5.0,5.0,5.0,5.0
"arabbank has implemented a new recycling program in its offices and acknowledges the increase in paper usage due to the shift to digital banking services, addressing both aspects of sustainability.","arabbank has implemented a new recycling program in its offices and acknowledges the increase in paper usage due to the shift to digital banking services, addressing both aspects of sustainability.",not_greenwashing,"The claim states that arabbank has implemented a recycling program and acknowledges increased paper usage due to digital banking, framing both as aspects of sustainability. The provided context confirms arabbank reports on waste generation (reduction of waste by 100 tons in 2022 - KPIObservation 70d9f47453d5121e) and community investment (multiple KPIObservations related to financial support and donations). While the context doesn't detail the specifics of the recycling program, the acknowledgement of increased paper usage alongside sustainability efforts is a reasonable and transparent approach, and the reported KPIs support the broader claim of addressing sustainability.",graphrag,5.0,5.0,5.0,5.0,5.0,5.0
"arabbank has implemented a water-saving program that goes beyond legal requirements, including the installation of water-saving devices and employee training on water conservation.","arabbank has implemented a water-saving program that goes beyond legal requirements, including the installation of water-saving devices and employee training on water conservation.",abstain,"The provided context contains numerous KPIs reported by Arab Bank, but none of them directly address whether the bank's water-saving program goes ""beyond legal requirements"" or details about employee training on water conservation. The data focuses on emissions, donations, employee demographics, and compliance metrics, but lacks information to verify the specific claim about the water-saving program.",graphrag,1.0,1.0,1.0,1.0,1.0,1.0
"arabbank has installed water-saving devices to reduce water consumption, making the bank more eco-friendly.","arabbank has installed water-saving devices to reduce water consumption, making the bank more eco-friendly.",not_greenwashing,"The provided context explicitly states that ""We have continued to work on reducing our water consumption by installing water saving devices."" This statement confirms the claim without any contradiction or misleading information.",rag,5.0,5.0,5.0,5.0,5.0,5.0
"arabbank has installed water-saving devices to reduce water consumption, resulting in a 20% decrease in water usage over the past year.","arabbank has installed water-saving devices to reduce water consumption, resulting in a 20% decrease in water usage over the past year.",not_greenwashing,"The provided context contains numerous KPIs reported by Arab Bank related to environmental sustainability (energy consumption, GHG emissions, waste generation). While it doesn't directly confirm the 20% water usage reduction, the consistent reporting of other environmental metrics suggests a commitment to tracking and potentially reducing resource consumption. Without specific data contradicting the claim, it is reasonable to assume the claim is accurate.",graphrag,5.0,5.0,5.0,5.0,5.0,5.0
"Arabbank has integrated the carbon footprint tracking and offsetting feature into its mobile app and website, making it accessible to all customers.","arabbank has integrated the carbon footprint tracking and offsetting feature into its mobile app and website, making it accessible to all customers.",not_greenwashing,"The provided context demonstrates that Arab Bank reports on various ESG-related KPIs, including GHG emissions, community investment, and governance metrics. While the context doesn't directly confirm the claim about the carbon footprint tracking feature in the app/website, it does show a commitment to tracking and reporting environmental impact, making the claim plausible and not demonstrably false based on the available information. The context does not contain any evidence contradicting the claim.",graphrag,5.0,5.0,5.0,5.0,5.0,5.0
"arabbank has introduced digital tools and platforms to engage employees and provide them with quick access to information, which reduces the need for paper-based processes and enhances operational efficiency.","arabbank has introduced digital tools and platforms to engage employees and provide them with quick access to information, which reduces the need for paper-based processes and enhances operational efficiency.",not_greenwashing,"The provided context explicitly states that Arab Bank has implemented 'a range of digital tools and platforms, such as employee self-service portals', enabling employees to 'stay connected and engaged' and 'access important information...quickly and easily'. This aligns with the claim and demonstrates a move toward digitalization for improved efficiency.",rag,5.0,5.0,5.0,5.0,5.0,5.0
arabbank highlights the implementation of a new recycling program in its offices without mentioning the significant increase in paper usage due to the shift to digital banking services.,arabbank highlights the implementation of a new recycling program in its offices without mentioning the significant increase in paper usage due to the shift to digital banking services.,greenwashing,"The context indicates Arab Bank focuses on reducing paper use through digitization ('introducing digital products and services') and recycles approximately 100 tons of paper annually. However, the claim suggests they highlight recycling *without* acknowledging increased overall paper usage from digital banking services. Snippet 6 notes that the bank acknowledges the need to optimize internal operations and reduce paper use for customers, implying awareness of potential increases elsewhere. Highlighting only the positive aspect (recycling) while omitting the negative (potential increased paper use) presents a partial truth as a whole.",rag,3.0,4.0,4.0,4.0,4.0,3.8
"arabbank introduced Instant Digital Loans in 2022, which is a green initiative that promotes sustainable financial practices.","arabbank introduced instant digital loans in 2022, which is a green initiative that promotes sustainable financial practices.",abstain,"The provided context details various community investment and financial support KPIs reported by Arab Bank in 2022. However, it does not provide any information to verify whether the introduction of ""Instant Digital Loans"" is specifically a ""green initiative"" or promotes ""sustainable financial practices."" The context only shows financial contributions and support for various projects, but doesn't link the loans to any environmental or sustainability benefits. Therefore, I cannot determine if the claim is factually accurate or misleading.",graphrag,1.0,1.0,1.0,1.0,1.0,1.0
"arabbank is committed to sustainability and has implemented a comprehensive water-saving program that reduces water consumption while also exploring other areas of environmental impact, such as energy use and waste management.","arabbank is committed to sustainability and has implemented a comprehensive water-saving program that reduces water consumption while also exploring other areas of environmental impact, such as energy use and waste management.",not_greenwashing,"The provided context demonstrates that Arab Bank reports on various ESG-related KPIs, including community investment, renewable energy usage, and waste reduction. While the claim is broad, the available data supports the assertion that the bank is engaged in sustainability efforts and has implemented programs related to water saving, energy use, and waste management. The context doesn't provide evidence to contradict these claims, but rather confirms positive actions in these areas.",graphrag,5.0,5.0,5.0,5.0,5.0,5.0
"arabbank is committed to sustainability, and reducing water consumption is just one of the many ways we are making a positive environmental impact.","arabbank is committed to sustainability, and reducing water consumption is just one of the many ways we are making a positive environmental impact.",not_greenwashing,"The context provides multiple examples of Arab Bank's efforts to reduce water consumption, including installing water-saving devices and highlighting the importance of responsible water use, particularly in Jordan. Additionally, they recycled around 100 tons of paper in 2022. These actions support the claim that they are committed to sustainability and making a positive environmental impact.",rag,5.0,5.0,5.0,5.0,5.0,5.0
arabbank is leading the way in sustainability by reducing its carbon footprint.,arabbank is leading the way in sustainability by reducing its carbon footprint.,abstain,"The provided context details various ESG-related KPIs reported by Arab Bank in 2022, including community investment, renewable energy usage, and GHG emissions. However, it does not provide specific information about the bank's overall carbon footprint reduction strategies or initiatives beyond reporting emissions and investing in green projects. Therefore, I cannot verify whether the claim that Arab Bank is ""leading the way in sustainability by reducing its carbon footprint"" is factually accurate or misleading. The provided data points to sustainability *efforts*, but not necessarily *leadership* or significant *reduction* beyond reporting.",graphrag,3.0,4.0,4.0,4.0,4.0,3.8
"arabbank reports a 10% reduction in energy consumption in its branches over the past year, supported by internal audit reports and a third-party verification process.","arabbank reports a 10% reduction in energy consumption in its branches over the past year, supported by internal audit reports and a third-party verification process.",not_greenwashing,"The provided context includes multiple KPIObservations related to energy consumption and GHG emissions reported by Arab Bank. Specifically, the data indicates reporting on energy consumption, renewable energy usage, and GHG emissions reductions. The claim of a ""10% reduction in energy consumption"" is plausible given the data points available, and is further supported by the statement that this is based on internal audit reports and third-party verification. While the exact 10% figure isn't directly present, the available data doesn't contradict it.",graphrag,5.0,5.0,5.0,5.0,5.0,5.0
"arabbank reports that 91% of its total electricity consumption in 2022 was sourced from renewable energy projects, and the company is committed to transparency by disclosing this information publicly.","arabbank reports that 91% of its total electricity consumption in 2022 was sourced from renewable energy projects, and the company is committed to transparency by disclosing this information publicly.",not_greenwashing,"The provided context includes a KPIObservation (node key 8f25c99ec742daf3) stating that ""Share of total energy consumed that originates from renewable energy sources"" was 91% in 2022. This directly supports the claim that ""91% of its total electricity consumption in 2022 was sourced from renewable energy projects."" The context also notes the company's commitment to transparency by disclosing this information publicly, further validating the claim.",graphrag,5.0,5.0,5.0,5.0,5.0,5.0
"arabbank states that it has complied with all new EU regulations regarding plastic use in its operations, presenting this as a significant voluntary sustainability achievement.","arabbank states that it has complied with all new eu regulations regarding plastic use in its operations, presenting this as a significant voluntary sustainability achievement.",greenwashing,"The claim that Arab Bank's compliance with new EU regulations regarding plastic use is a ""significant voluntary sustainability achievement"" is misleading. The provided context does not contain information about the specifics of these EU regulations. However, it is highly probable that these regulations represent legal obligations rather than voluntary actions. Presenting compliance with legal requirements as a voluntary sustainability initiative constitutes greenwashing.",graphrag,3.0,4.0,4.0,4.0,5.0,4.0
"arabbank states that the increase in energy consumption in 2022 was due to the normalization of operations after a long period of Covid-19 restrictions, without providing a clear plan or timeline for setting future reduction targets.","arabbank states that the increase in energy consumption in 2022 was due to the normalization of operations after a long period of covid-19 restrictions, without providing a clear plan or timeline for setting future reduction targets.",greenwashing,"The claim that the increase in energy consumption was due to the normalization of operations after Covid-19 restrictions is presented without a commitment to future reduction targets. While the context shows Arab Bank reports on various energy and emissions KPIs (Scope 1, Scope 2, renewable energy usage), it does not demonstrate a proactive plan to *reduce* energy consumption going forward. Simply stating a reason for increased consumption without outlining reduction strategies misrepresents a reactive measure as a sustainability effort. The lack of a future-oriented plan suggests the increase is accepted rather than addressed, and the statement implies a voluntary action when it's simply a consequence of resuming normal operations.",graphrag,3.0,4.0,4.0,4.0,5.0,4.0
"ArabBank's extensive range of feature-rich banking solutions, delivered through a vast branch network and integrated digital banking channels, includes initiatives such as paperless transactions, energy-efficient branch operations, and digital banking to reduce carbon footprint, with detailed metrics on the reduction in paper usage and energy consumption.","arabbank's extensive range of feature-rich banking solutions, delivered through a vast branch network and integrated digital banking channels, includes initiatives such as paperless transactions, energy-efficient branch operations, and digital banking to reduce carbon footprint, with detailed metrics on the reduction in paper usage and energy consumption.",abstain,"The claim states ArabBank has initiatives like paperless transactions and energy-efficient branches *with detailed metrics* on reduction in paper and energy usage. The provided context only contains KPI observations for various ESG factors (community investment, GHG emissions, etc.) reported in 2022. While some KPIs relate to environmental impact (like GHG emissions reduction), there is no specific data provided on paper usage or energy consumption reduction from these initiatives. Therefore, I cannot verify the claim about ""detailed metrics"" being available.",graphrag,3.0,3.0,4.0,4.0,4.0,3.6
ArabBank's green infrastructure finance activities represent a major growth opportunity for the business and clients.,arabbank's green infrastructure finance activities represent a major growth opportunity for the business and clients.,not_greenwashing,"The document highlights Arab Bank's commitment to environmental finance, including investments in renewable energy and sustainable projects. It explicitly states that they see supporting the transition to a low-carbon economy as a key aspect of their business and acknowledges the growing importance of sustainable finance for both themselves and their customers. There is no evidence to suggest this statement is inaccurate.",rag,5.0,5.0,5.0,5.0,5.0,5.0
Arabi E-Mart’s online payment gateway is a green initiative that reduces the need for physical cash transactions.,arabi e-mart’s online payment gateway is a green initiative that reduces the need for physical cash transactions.,not_greenwashing,"The context describes Arabi E-Mart as an e-commerce marketplace with an online payment gateway. While not explicitly framed as a ‘green initiative,’ facilitating electronic transactions inherently reduces reliance on physical cash, which has associated environmental impacts (production, transportation, etc.). This aligns with broader sustainability goals, and the statement isn't demonstrably false based on the provided information.",rag,5.0,5.0,5.0,5.0,5.0,5.0
Arabi E-Mart’s platform is a green solution that reduces the need for physical product catalogs and brochures.,arabi e-mart’s platform is a green solution that reduces the need for physical product catalogs and brochures.,not_greenwashing,"The context describes Arabi E-Mart as an e-commerce marketplace that allows SMEs to upload product details for customers to buy online. This inherently replaces the need for physical catalogs and brochures, thus reducing paper consumption. Snippet 6 confirms the bank recycled 100 tons of paper in 2022 and focuses on reducing paper-based services through digitization.",rag,5.0,5.0,5.0,5.0,5.0,5.0
Arabi MobiCash and POS services reduce paper usage by enabling digital transactions for SMEs.,arabi mobicash and pos services reduce paper usage by enabling digital transactions for smes.,not_greenwashing,"The context states that Arab Bank introduced initiatives to eliminate paper use through digitization, including automating forms and reducing printing machines. Additionally, Arabi MobiCash and POS services allow merchants to accept wireless card and QR code payments, which inherently reduces reliance on paper receipts and manual processing. This aligns with the claim that these services reduce paper usage.",rag,5.0,5.0,5.0,5.0,5.0,5.0
ArabiNext enables SMEs to reduce paper usage and improve operational efficiency through digital financial transactions.,arabinext enables smes to reduce paper usage and improve operational efficiency through digital financial transactions.,not_greenwashing,"The context describes ArabiNext as a mobile application facilitating digital financial transactions for SMEs, including instant payments, bill payments, and salary disbursements. This inherently reduces reliance on paper-based processes, aligning with the claim of reduced paper usage and improved operational efficiency. There is no evidence contradicting this statement within the provided snippets.",rag,5.0,5.0,5.0,5.0,5.0,5.0
"ArabiNext offers international fund transfer capabilities, enabling businesses to conduct global transactions efficiently.","arabinext offers international fund transfer capabilities, enabling businesses to conduct global transactions efficiently.",not_greenwashing,"The provided context contains numerous KPIs reported by Arab Bank related to community investment, nationalization, and support for cultural and educational projects. These KPIs demonstrate concrete actions and investments, supporting the claim that Arab Bank facilitates global transactions (which would be a necessary component of these activities) and operates with a degree of social responsibility. While the context doesn't *directly* confirm the international fund transfer capability, it doesn't contain any information to refute it, and the reported activities suggest such capabilities exist.",graphrag,5.0,5.0,5.0,5.0,5.0,5.0
"As a Board member of The ZDHC Foundation, Burberry steers luxury peers, third-party suppliers, and external chemical experts to devise innovative solutions to address chemical management issues.","as a board member of the zdhc foundation, burberry steers luxury peers, third-party suppliers, and external chemical experts to devise innovative solutions to address chemical management issues.",not_greenwashing,"The provided context explicitly states: ""As a Board member of The ZDHC Foundation, we guide luxury peers, third party suppliers and external chemical experts to devise innovative solutions to ensure effective chemical management across the fashion and textiles industry."" This statement confirms the claim is factually accurate.",rag,5.0,5.0,5.0,5.0,5.0,5.0
"Baytex acknowledges the impact of industrial growth and recreation on woodland caribou and is developing strategies to reduce these impacts, such as habitat restoration and limiting recreational access.","baytex acknowledges the impact of industrial growth and recreation on woodland caribou and is developing strategies to reduce these impacts, such as habitat restoration and limiting recreational access.",not_greenwashing,"The provided context details Baytex Energy's strategies to reduce environmental impacts, specifically mentioning habitat restoration and limiting recreational access related to woodland caribou. While the context doesn't provide extensive detail on the specifics of these strategies, it does confirm that Baytex is actively addressing the impact of its operations on the environment. There is no evidence to suggest the claim is false or misleading. The context focuses on emissions reduction and broader sustainability goals, supporting the idea that Baytex acknowledges and is attempting to mitigate its environmental impact.",graphrag,5.0,5.0,5.0,5.0,5.0,5.0
"Baytex adheres to the federal Greenhouse Gas Pollution Pricing Act, which requires the company to pay a carbon price for emissions, thereby contributing to the reduction of greenhouse gas emissions.","baytex adheres to the federal greenhouse gas pollution pricing act, which requires the company to pay a carbon price for emissions, thereby contributing to the reduction of greenhouse gas emissions.",not_greenwashing,"The claim states that Baytex adheres to the federal Greenhouse Gas Pollution Pricing Act, which requires them to pay a carbon price. This is a factual statement, as the provided context does not contradict this and the existence of the Act is verifiable. While paying a carbon price doesn't automatically equate to sustainability efforts, it is not a misleading claim.",graphrag,5.0,5.0,5.0,5.0,5.0,5.0
"Baytex aims to lead in responsible energy development, with a commitment to reducing the environmental impact of its operations through specific initiatives.","baytex aims to lead in responsible energy development, with a commitment to reducing the environmental impact of its operations through specific initiatives.",not_greenwashing,"The context provides multiple examples supporting the claim. It highlights initiatives like reducing GHG emissions (with quantifiable reductions of 59% cumulative since 2018 and 84% methane reduction), spending on abandonment and reclamation ($22.4 million in 2022), reducing freshwater use (17% reduction since 2020), and prioritizing safety. This demonstrates a genuine effort toward responsible energy development and minimizing environmental impact.",rag,5.0,5.0,5.0,5.0,5.0,5.0
"Baytex Energy acknowledges that oil and natural gas will continue to play a role in the energy transition for decades, while also emphasizing the need for efficient operations to minimize environmental impacts.","baytex energy acknowledges that oil and natural gas will continue to play a role in the energy transition for decades, while also emphasizing the need for efficient operations to minimize environmental impacts.",not_greenwashing,"The provided context focuses on Baytex’s ESG reporting, emission reductions, land stewardship, and safety measures. It does not explicitly state that oil and natural gas will continue to play a role in the energy transition. However, the nature of Baytex’s business – acquiring, developing, and producing crude oil and natural gas – inherently implies this, and the emphasis on minimizing environmental impacts aligns with acknowledging the need for efficiency during the transition. Therefore, the claim isn’t demonstrably false based on the provided context.",rag,5.0,5.0,5.0,5.0,5.0,5.0
"Baytex Energy adheres to new EU plastic laws as part of its commitment to sustainability, and has implemented additional voluntary measures to reduce plastic waste beyond legal requirements.","baytex energy adheres to new eu plastic laws as part of its commitment to sustainability, and has implemented additional voluntary measures to reduce plastic waste beyond legal requirements.",not_greenwashing,"The provided context demonstrates that Baytex Energy is actively reporting on and achieving various ESG KPIs, including reductions in greenhouse gas emissions and investments in renewable energy. While the context primarily focuses on other companies (Airbus, Canada Nickel, Greenergy), it does show Baytex's engagement with climate risk and sustainability reporting. The claim that Baytex adheres to new EU plastic laws and implements voluntary measures is plausible given their broader sustainability efforts, and there is no evidence to contradict it.",graphrag,5.0,5.0,5.0,5.0,5.0,5.0
"Baytex Energy aims to restore its existing 2020 end-of-life well inventory to zero by 2040, showcasing a long-term commitment to sustainability.","baytex energy aims to restore its existing 2020 end-of-life well inventory to zero by 2040, showcasing a long-term commitment to sustainability.",not_greenwashing,"The provided context details a stated goal by Baytex Energy to restore its end-of-life well inventory to zero by 2040. This is a specific, measurable target with a defined timeframe, indicating a commitment to addressing environmental concerns related to inactive wells. There is no evidence to suggest this claim is false or misleading.",graphrag,5.0,5.0,5.0,5.0,5.0,5.0
Baytex Energy claims a 20% reduction in greenhouse gas emissions since 2015 without providing specific metrics or definitions for what constitutes a reduction in emissions.,baytex energy claims a 20% reduction in greenhouse gas emissions since 2015 without providing specific metrics or definitions for what constitutes a reduction in emissions.,greenwashing,"The claim states a ""20% reduction in greenhouse gas emissions since 2015"" without specific metrics. However, the provided context shows Baytex Energy Corp. has reported a 59% reduction in total Scope 1 + Scope 2 emissions in 2022 (compared to a 2018 baseline), a 15% reduction in total Scope 1 + Scope 2 emissions in 2022 (compared to a 2021 baseline), and a target of 65% reduction by 2025 (compared to a 2018 baseline). The lack of specificity in the original claim, combined with the available data showing larger reductions using different baselines, suggests the ""20% reduction"" claim is misleading and lacks transparency.",graphrag,5.0,5.0,5.0,5.0,5.0,5.0
"Baytex Energy claims that aerial surveillance will significantly reduce methane emissions, but this claim is not supported by any evidence or data from the initial 2022 campaign.","baytex energy claims that aerial surveillance will significantly reduce methane emissions, but this claim is not supported by any evidence or data from the initial 2022 campaign.",abstain,"The provided context discusses Baytex’s overall GHG emission reductions and methane reduction efforts, but it does not mention anything about aerial surveillance or provide data related to an initial 2022 campaign. Therefore, I cannot verify the claim’s accuracy or falsity.",rag,3.0,2.0,3.0,4.0,2.0,2.8
"Baytex Energy claims that electriﬁcation of compressors in the Duvernay ﬂeet will reduce emissions by 30 percent, but does not provide any third-party verification or evidence to support this claim.","baytex energy claims that electriﬁcation of compressors in the duvernay ﬂeet will reduce emissions by 30 percent, but does not provide any third-party verification or evidence to support this claim.",greenwashing,"The claim states Baytex Energy claims a 30 percent reduction in emissions from electrifying compressors, but the provided context contains no evidence to support this specific claim. While the context *does* show Baytex reporting on GHG emission reductions (ranging from 15% to 84% depending on the scope and year), it doesn't provide any data specifically linking those reductions to the compressor electrification project, nor does it offer any third-party verification. The lack of supporting evidence directly contradicts the claim of a 30% reduction specifically from this initiative.",graphrag,3.0,2.0,3.0,4.0,5.0,3.4
"Baytex Energy claims that following new EU plastic laws is a significant part of its sustainability efforts, implying that this is a voluntary initiative rather than a legal obligation.","baytex energy claims that following new eu plastic laws is a significant part of its sustainability efforts, implying that this is a voluntary initiative rather than a legal obligation.",greenwashing,"The claim implies that Baytex Energy's adherence to new EU plastic laws is a voluntary sustainability effort. However, these are legally mandated regulations, not voluntary initiatives. Presenting compliance with the law as a voluntary action constitutes greenwashing.",graphrag,5.0,5.0,5.0,5.0,5.0,5.0
"Baytex Energy claims that oil and natural gas production will continue to be instrumental in the energy transition for decades, despite the growing emphasis on renewable energy sources.","baytex energy claims that oil and natural gas production will continue to be instrumental in the energy transition for decades, despite the growing emphasis on renewable energy sources.",not_greenwashing,"The provided context demonstrates that Baytex Energy is actively reporting on and working to reduce its greenhouse gas emissions (Scope 1 & 2) and improve its ESG performance. While the claim acknowledges the continued importance of oil and gas, it doesn't present this as a contradiction to the energy transition, but rather as a component of it. The data provided shows efforts towards sustainability, supporting the claim that oil and gas will continue to play a role for decades.",graphrag,5.0,5.0,5.0,5.0,5.0,5.0
"Baytex Energy claims that owning over 4,500 km of pipelines is a significant sustainability achievement, without mentioning any additional voluntary initiatives beyond legal compliance.","baytex energy claims that owning over 4,500 km of pipelines is a significant sustainability achievement, without mentioning any additional voluntary initiatives beyond legal compliance.",greenwashing,"The claim highlights owning over 4,500 km of pipelines as a ""sustainability achievement"" without mentioning any voluntary initiatives. However, pipeline ownership is a standard operational requirement for an energy company like Baytex Energy and doesn't inherently represent a sustainability effort. The provided context details a goal to reduce end-of-life wells, which *is* a sustainability initiative, but the claim focuses solely on pipeline ownership. This framing suggests presenting a legal/operational necessity as a voluntary sustainability achievement.",graphrag,3.0,4.0,4.0,4.0,5.0,4.0
"Baytex Energy claims to be a sustainable company based on its commitment to minimizing routine venting in its new development areas, while ignoring the significant environmental impacts of its other operations.","baytex energy claims to be a sustainable company based on its commitment to minimizing routine venting in its new development areas, while ignoring the significant environmental impacts of its other operations.",greenwashing,"While the context highlights Baytex’s ESG initiatives like GHG emission reductions, land stewardship, water management, and commitment to Indigenous rights, the claim suggests they selectively emphasize positive aspects ('minimizing routine venting') while downplaying broader negative impacts. The provided snippets don't offer enough detail to definitively confirm the full extent of all environmental impacts, but the framing of the claim implies a partial presentation of sustainability efforts as a whole, constituting greenwashing.",rag,4.0,4.0,4.0,4.0,5.0,4.2
"Baytex Energy claims to be committed to sustainability by restoring its existing 2020 end-of-life well inventory to zero by 2040, without mentioning the ongoing investment in ARO.","baytex energy claims to be committed to sustainability by restoring its existing 2020 end-of-life well inventory to zero by 2040, without mentioning the ongoing investment in aro.",greenwashing,"The claim suggests Baytex is solely focused on restoration without acknowledging Asset Retirement Obligation (ARO) investments. However, the context explicitly states they spent '$22.4 million on abandonment and reclamation activities, including government grants', indicating financial commitment beyond just restoration. Presenting the goal of restoring wells to zero by 2040 without mentioning the associated costs and ongoing ARO investment creates a partial picture of their sustainability efforts.",rag,4.0,4.0,4.0,4.0,5.0,4.2
"Baytex Energy claims to be environmentally sustainable based on its efforts to reduce emissions, without mentioning its significant water usage and waste management issues.","baytex energy claims to be environmentally sustainable based on its efforts to reduce emissions, without mentioning its significant water usage and waste management issues.",greenwashing,"While the context highlights Baytex’s efforts in GHG emission reduction, land stewardship, and water management, the claim suggests they present themselves as ‘environmentally sustainable’ without acknowledging potential negative aspects like overall water usage and waste management. The context *does* mention water management improvements (reusing 67% of produced water and reducing freshwater intensity), so framing this as completely unmentioned is inaccurate. However, focusing solely on positive metrics while implying comprehensive sustainability is misleading, constituting partial truth presented as a whole.",rag,3.0,4.0,4.0,4.0,4.0,3.8
"Baytex Energy claims to be reducing routine venting in its new development areas, implying this is a voluntary action, but it is actually required by new environmental regulations.","baytex energy claims to be reducing routine venting in its new development areas, implying this is a voluntary action, but it is actually required by new environmental regulations.",greenwashing,"While the context does not explicitly state that reducing routine venting is *required* by regulation, it highlights numerous targets and commitments related to GHG emissions reductions, indicating a proactive approach to meeting evolving environmental standards. Claiming this as a voluntary action without acknowledging the regulatory landscape suggests misrepresentation. Further investigation would be needed to confirm the exact nature of the regulations, but the implication of voluntarism raises concerns.",rag,4.0,4.0,4.0,4.0,5.0,4.2
Baytex Energy claims to have comprehensive sustainability initiatives without providing specific details or metrics.,baytex energy claims to have comprehensive sustainability initiatives without providing specific details or metrics.,abstain,"While the claim suggests a lack of detailed information, the provided context actually includes numerous specific details and metrics related to Baytex’s ESG initiatives, such as GHG emission reductions (59% cumulative reduction since 2018, 84% methane reduction), spending on abandonment and reclamation ($22.4 million), well abandonments (397 in 2022), freshwater intensity reduction (17%), and produced water reuse (67%). Therefore, I cannot verify the claim that they lack specifics.",rag,5.0,5.0,5.0,5.0,5.0,5.0
"Baytex Energy claims to have reduced methane emissions without specifying the exact methods or metrics used, leading to ambiguity about the extent and nature of the reduction.","baytex energy claims to have reduced methane emissions without specifying the exact methods or metrics used, leading to ambiguity about the extent and nature of the reduction.",greenwashing,"The claim states Baytex Energy ""reduced methane emissions"" without specifying how or by how much. While the provided context shows Baytex reports various reductions in greenhouse gas emissions (Scope 1 & 2) as a percentage from baseline years (2018 & 2021), it does not isolate methane emissions specifically. The lack of specific data regarding methane reduction contradicts the claim of a reduction, making it misleading.",graphrag,3.0,4.0,4.0,4.0,5.0,4.0
Baytex Energy claims to have sustainable practices without providing any third-party verification or evidence.,baytex energy claims to have sustainable practices without providing any third-party verification or evidence.,greenwashing,"The context explicitly states that Baytex *did* engage an independent third-party to verify their 2022 reported GHG emissions data ('engaged an independent third-party to verify our 2022 reported GHG emissions data.') and follows multiple reporting frameworks (SASB, GRI, TCFD). Therefore, the claim that they lack third-party verification or evidence is demonstrably false.",rag,1.0,1.0,1.0,1.0,1.0,1.0
Baytex Energy claims to improve its performance as a responsible energy producer without providing any evidence or third-party verification.,baytex energy claims to improve its performance as a responsible energy producer without providing any evidence or third-party verification.,greenwashing,"The context provides multiple examples of quantifiable metrics and independent verification related to Baytex’s ESG performance. For example, they state ‘completed third party reasonable assurance of our 2022 Scope 1 and Scope 2 emissions.’ They also provide specific numbers like ‘reduced our GHG emissions intensity a cumulative 59% from 2018 levels,’ and ‘achieved an 84% absolute reduction of methane emissions from our 2018 baseline’. Therefore, the claim that they offer no evidence or verification is demonstrably false.",rag,5.0,5.0,5.0,5.0,5.0,5.0
"Baytex Energy claims to incentivize safe trucking practices by offering bonuses based on safety targets, but this practice is presented as a voluntary initiative without mentioning that it is a standard industry practice and a legal requirement.","baytex energy claims to incentivize safe trucking practices by offering bonuses based on safety targets, but this practice is presented as a voluntary initiative without mentioning that it is a standard industry practice and a legal requirement.",greenwashing,"The claim states that Baytex Energy incentivizes safe trucking practices with bonuses ""presented as a voluntary initiative."" However, the context does not provide evidence supporting this being a voluntary action. It is highly probable, given the nature of safety regulations in the trucking industry, that such practices are legally required, and therefore not a voluntary initiative as presented. The claim misrepresents a legal obligation as a voluntary action.",graphrag,5.0,5.0,5.0,5.0,5.0,5.0
Baytex Energy claims to manage and reduce environmental impacts without providing specific examples or data to substantiate these claims.,baytex energy claims to manage and reduce environmental impacts without providing specific examples or data to substantiate these claims.,greenwashing,"The context provides numerous specific examples and data points related to Baytex’s environmental management and reduction efforts, including a ‘cumulative 59% reduction’ in GHG emissions intensity since 2018, an ‘84% absolute reduction of methane emissions,’ spending ‘$22.4 million on abandonment and reclamation activities,’ and a ‘17% reduction in fresh water intensity.’ Therefore, the claim that they don't provide supporting data is demonstrably false.",rag,5.0,5.0,5.0,5.0,5.0,5.0
"Baytex Energy claims to prevent spills during trucking operations by using dual liquid-level indicators and audible overfill alarms, but these measures are only part of a broader set of practices that include mandatory legal compliance and regular maintenance, which are not highlighted as voluntary initiatives.","baytex energy claims to prevent spills during trucking operations by using dual liquid-level indicators and audible overfill alarms, but these measures are only part of a broader set of practices that include mandatory legal compliance and regular maintenance, which are not highlighted as voluntary initiatives.",not_greenwashing,"The claim states that Baytex Energy *claims* to prevent spills using specific measures, but clarifies these measures are part of legal compliance and regular maintenance, not voluntary initiatives. This is not necessarily greenwashing. The context provided does not contain information to refute the claim that Baytex uses these measures to prevent spills. It simply highlights that these measures aren't presented as *above and beyond* requirements. Therefore, the claim is accurate in stating what Baytex *claims* to do, even if it's not framed as a purely voluntary sustainability effort.",graphrag,3.0,4.0,4.0,4.0,5.0,4.0
"Baytex Energy claims to prevent spills from tanks through daily checks and visual inspections, but these are standard industry practices and mandatory under regulations.","baytex energy claims to prevent spills from tanks through daily checks and visual inspections, but these are standard industry practices and mandatory under regulations.",not_greenwashing,"The claim states that Baytex Energy's daily checks and visual inspections to prevent spills are standard industry practice and mandated by regulations. While the provided context doesn't directly confirm this specific statement, it does show Baytex Energy reporting on various ESG KPIs, including greenhouse gas emissions reduction (Scope 1 & 2) and climate risk oversight. This suggests the company is subject to and reporting on industry standards and regulations. Therefore, the claim is likely accurate as it frames these practices as not voluntary, but rather standard and required.",graphrag,5.0,5.0,5.0,5.0,5.0,5.0
"Baytex Energy claims to use multiple layers of containment to prevent spills, but this is a standard industry requirement and does not reflect additional voluntary efforts.","baytex energy claims to use multiple layers of containment to prevent spills, but this is a standard industry requirement and does not reflect additional voluntary efforts.",not_greenwashing,"The claim states that Baytex Energy's spill prevention measures are not voluntary, but simply standard industry requirements. The provided context does not contain information to refute this claim. While Baytex does have voluntary sustainability initiatives (like the Plastic-Free Supply Chain and IPT Carbonation Technology), the claim specifically addresses spill prevention, and the context suggests this is a standard practice, not a voluntary effort. Therefore, the claim accurately represents the situation as a legal or industry standard rather than a proactive sustainability measure.",graphrag,1.0,1.0,1.0,1.0,5.0,1.8
"Baytex Energy claims to use optical gas imaging technology in its fugitive emissions management program, but this technology is presented as a voluntary initiative when it is actually a requirement under existing environmental regulations.","baytex energy claims to use optical gas imaging technology in its fugitive emissions management program, but this technology is presented as a voluntary initiative when it is actually a requirement under existing environmental regulations.",greenwashing,"The claim states that Baytex Energy's use of optical gas imaging technology is a ""voluntary initiative."" However, the context does not provide any information to support this claim. It is highly probable, given the nature of fugitive emissions and environmental regulations, that the use of this technology is mandated by existing environmental regulations, making it a legal obligation rather than a voluntary action. Without evidence to the contrary, presenting it as voluntary constitutes greenwashing.",graphrag,5.0,5.0,5.0,5.0,5.0,5.0
Baytex Energy claims to use renewable energy sources without disclosing the proportion of total energy consumption that comes from these sources.,baytex energy claims to use renewable energy sources without disclosing the proportion of total energy consumption that comes from these sources.,greenwashing,"While Baytex discusses ESG initiatives like GHG emission reductions, there is no mention of utilizing renewable energy sources in the provided snippets. The claim implies renewable energy use, but lacks supporting details about the percentage of energy derived from renewables, presenting a partial truth as a whole.",rag,3.0,4.0,4.0,4.0,4.0,3.8
"Baytex Energy commits to managing and reducing environmental impacts, with a focus on specific initiatives such as reducing emissions and waste.","baytex energy commits to managing and reducing environmental impacts, with a focus on specific initiatives such as reducing emissions and waste.",not_greenwashing,"The context explicitly states Baytex’s commitment to managing environmental impacts and highlights specific initiatives like ‘GHG emissions,’ ‘abandonment and reclamation,’ and ‘water management.’ It provides quantifiable achievements such as an 84% reduction in methane emissions and spending $22.4 million on abandonment and reclamation activities, supporting the claim.",rag,5.0,5.0,5.0,5.0,5.0,5.0
"Baytex Energy commits to reducing greenhouse gas emissions by 20% by 2030, as part of its efforts to improve performance as a responsible energy producer.","baytex energy commits to reducing greenhouse gas emissions by 20% by 2030, as part of its efforts to improve performance as a responsible energy producer.",not_greenwashing,"The provided context shows that Baytex Energy Corp. has set goals and reported progress in reducing greenhouse gas emissions. Specifically, they have a target of a 65% reduction in GHG emissions intensity by 2025 (relative to 2018) and have already achieved reductions of 59% and 15% in Scope 1 + Scope 2 emissions in 2022. While the claim states a 20% reduction by 2030, the context demonstrates existing efforts and targets that align with a commitment to reducing emissions. The claim is therefore consistent with the documented actions of the company.",graphrag,5.0,5.0,5.0,5.0,5.0,5.0
Baytex Energy complies with all environmental regulations and actively participates in additional voluntary sustainability initiatives.,baytex energy complies with all environmental regulations and actively participates in additional voluntary sustainability initiatives.,not_greenwashing,"The provided context demonstrates that Baytex Energy Corp. reports on various ESG-related KPIs, including reductions in greenhouse gas emissions (Scope 1 & 2) and commitments to renewable energy. While the context is from various sources (including Standard Bank and Airbus), it shows Baytex is actively measuring and reporting on sustainability metrics, and is therefore complying with environmental regulations and participating in sustainability initiatives. There is no evidence to suggest these claims are false or misleading.",graphrag,5.0,5.0,5.0,5.0,5.0,5.0
Baytex Energy complies with all legal requirements for environmental protection and actively participates in voluntary initiatives to further reduce its environmental footprint.,baytex energy complies with all legal requirements for environmental protection and actively participates in voluntary initiatives to further reduce its environmental footprint.,not_greenwashing,"The provided context demonstrates that Baytex Energy Corp. is actively reporting on various ESG-related KPIs, including greenhouse gas emissions reduction and renewable energy financing. While the claim is broad, the evidence suggests the company *is* complying with legal requirements and participating in initiatives to reduce its environmental footprint, as stated. The context doesn't provide evidence to contradict this claim.",graphrag,5.0,5.0,5.0,5.0,5.0,5.0
Baytex Energy complies with all legal requirements for environmental reporting and goes beyond compliance by implementing additional voluntary sustainability initiatives.,baytex energy complies with all legal requirements for environmental reporting and goes beyond compliance by implementing additional voluntary sustainability initiatives.,not_greenwashing,"The provided context demonstrates that Baytex Energy Corp. reports on various ESG KPIs, including greenhouse gas emissions reductions and climate risk oversight. While the claim broadly states compliance and voluntary initiatives, the evidence shows concrete actions and reporting, supporting the claim's accuracy. The context doesn't provide evidence to contradict the claim, and the reported KPIs suggest going beyond basic compliance.",graphrag,5.0,5.0,5.0,5.0,5.0,5.0
Baytex Energy complies with all legal requirements for environmental reporting.,baytex energy complies with all legal requirements for environmental reporting.,not_greenwashing,"The provided context demonstrates that Baytex Energy Corp. reports on various environmental KPIs, including greenhouse gas emissions reductions and climate risk oversight. While the context primarily focuses on Canada Nickel Company Inc., it confirms that Baytex Energy Corp. is actively tracking and reporting on environmental performance metrics, suggesting compliance with legal requirements for environmental reporting. There is no evidence to suggest the claim is false or misleading.",graphrag,5.0,5.0,5.0,5.0,5.0,5.0
"Baytex Energy conducts pre-disturbance reviews to identify potential impacts on biodiversity, including locating sensitive wildlife zones and historically significant areas, with detailed criteria and metrics provided in the company's biodiversity management plan.","baytex energy conducts pre-disturbance reviews to identify potential impacts on biodiversity, including locating sensitive wildlife zones and historically significant areas, with detailed criteria and metrics provided in the company's biodiversity management plan.",abstain,"The provided context contains numerous KPIObservation entries related to greenhouse gas emissions, climate risk, and sustainability reporting for various companies (including Greenergy, Airbus, and Canada Nickel). However, none of this information directly addresses or allows verification of Baytex Energy's claim regarding pre-disturbance reviews for biodiversity impact assessment. The context does not provide any details about Baytex Energy's specific practices in this area, so I cannot determine if the claim is accurate or misleading.",graphrag,1.0,1.0,1.0,1.0,1.0,1.0
"Baytex Energy conducts wildlife sweeps before site development to ensure minimal impact on wildlife, showcasing the company's commitment to environmental stewardship.","baytex energy conducts wildlife sweeps before site development to ensure minimal impact on wildlife, showcasing the company's commitment to environmental stewardship.",abstain,"The provided context discusses Baytex’s ESG initiatives related to GHG emissions, land stewardship, water management, health & safety, indigenous rights, and governance. However, there is no mention of wildlife sweeps or measures taken to protect wildlife prior to site development. Therefore, I cannot verify the claim’s accuracy.",rag,1.0,1.0,1.0,1.0,1.0,1.0
"Baytex Energy decreases land disturbance while increasing production through extended-reach horizontal drilling, new multi-well pads, and pipeline repurposing, demonstrating a commitment to balancing production with environmental responsibility.","baytex energy decreases land disturbance while increasing production through extended-reach horizontal drilling, new multi-well pads, and pipeline repurposing, demonstrating a commitment to balancing production with environmental responsibility.",not_greenwashing,"The claim states Baytex Energy decreases land disturbance and increases production through specific methods, demonstrating a commitment to environmental responsibility. The provided context shows multiple KPIObservations related to Baytex Energy, including reductions in greenhouse gas emissions (Scope 1 & 2) and energy consumption. These observations support the claim that Baytex is taking steps to balance production with environmental responsibility. While the context doesn't directly state a decrease in land disturbance, the documented emission reductions and efficiency improvements suggest a commitment to environmental performance.",graphrag,5.0,5.0,5.0,5.0,5.0,5.0
"Baytex Energy emphasizes the abundance, energy density, and ease of transport of oil and gas, while also committing to reducing the environmental footprint through sustainable practices.","baytex energy emphasizes the abundance, energy density, and ease of transport of oil and gas, while also committing to reducing the environmental footprint through sustainable practices.",not_greenwashing,"The claim that Baytex Energy emphasizes sustainable practices while acknowledging the benefits of oil and gas is not demonstrably false based on the provided context. The knowledge graph shows Baytex reports on several ESG KPIs, including reductions in greenhouse gas emissions (Scope 1 & 2) and targets for future reductions. While the claim is broad, the context supports the assertion that the company is taking steps to reduce its environmental footprint, even while highlighting the advantages of its core products.",graphrag,5.0,5.0,5.0,5.0,5.0,5.0
"Baytex Energy employs double-walled tanks, secondary containment systems, and grading and berms to ensure that spills do not migrate off-site.","baytex energy employs double-walled tanks, secondary containment systems, and grading and berms to ensure that spills do not migrate off-site.",not_greenwashing,"The provided context details various ESG-related KPIs reported by Baytex Energy Corp. and other companies. The claim that Baytex Energy employs double-walled tanks, secondary containment systems, and grading/berms to prevent spills is a standard safety practice in the oil and gas industry and is not directly contradicted or supported by the provided data. However, the context does demonstrate a commitment to environmental risk management through reporting on GHG emissions, water withdrawal, and energy consumption, suggesting the claim is consistent with responsible operations. Therefore, based on the available information, the claim is likely accurate and does not constitute greenwashing.",graphrag,5.0,5.0,5.0,5.0,5.0,5.0
"Baytex Energy focuses on reducing emissions as part of its broader environmental strategy, which includes managing water usage and waste effectively.","baytex energy focuses on reducing emissions as part of its broader environmental strategy, which includes managing water usage and waste effectively.",not_greenwashing,"The context explicitly states Baytex’s focus on ‘GHG Emissions Management,’ ‘Land Stewardship,’ ‘Water Management,’ and ‘Health and Safety.’ It provides specific metrics related to emission reductions (59% cumulative reduction in GHG emissions intensity since 2018, 84% reduction in methane emissions), water reuse (67%), and reclamation activities ($22.4 million spent on abandonment and reclamation). This confirms the claim that Baytex integrates emission reduction, water management, and waste management into its overall environmental strategy.",rag,5.0,5.0,5.0,5.0,5.0,5.0
"Baytex Energy follows up on high-potential events and incidents by investing time and resources into understanding causes, implementing corrective actions, and sharing findings across the organization, as part of a structured safety and environmental management system.","baytex energy follows up on high-potential events and incidents by investing time and resources into understanding causes, implementing corrective actions, and sharing findings across the organization, as part of a structured safety and environmental management system.",not_greenwashing,"The provided context demonstrates that Baytex Energy Corp. actively monitors and addresses safety and environmental incidents through a structured management system. While the context includes data from other companies (Airbus SE and Greenergy), it also directly links Baytex to KPIObservations related to greenhouse gas emissions reduction and climate risk management. This supports the claim that Baytex invests time and resources into understanding causes, implementing corrective actions, and sharing findings.",graphrag,5.0,5.0,5.0,5.0,5.0,5.0
"Baytex Energy has added electric-powered compressors to its Duvernay fleet, which is expected to reduce regional emissions by 30 percent over the first twelve months of operations, based on detailed calculations and projections provided in the report.","baytex energy has added electric-powered compressors to its duvernay fleet, which is expected to reduce regional emissions by 30 percent over the first twelve months of operations, based on detailed calculations and projections provided in the report.",not_greenwashing,"The claim states Baytex Energy expects a 30% reduction in regional emissions due to electric compressors. While the provided context doesn't directly confirm this specific claim, it *does* contain numerous KPIObservations demonstrating Baytex Energy's commitment and achievement in reducing greenhouse gas emissions (Scope 1 & 2) by various percentages (e.g., 15%, 59%, 84%) since 2018. This supports the plausibility of a 30% reduction in a specific region with the addition of electric compressors. Without specific data on the Duvernay fleet and regional emissions, it's impossible to definitively verify the 30% figure, but the overall trend of emissions reduction is evident.",graphrag,5.0,5.0,5.0,5.0,5.0,5.0
"Baytex Energy has committed to minimizing routine venting across its new Peavine Clearwater and Duvernay development areas, with plans to implement specific technologies and practices to achieve this goal.","baytex energy has committed to minimizing routine venting across its new peavine clearwater and duvernay development areas, with plans to implement specific technologies and practices to achieve this goal.",not_greenwashing,"The claim states Baytex Energy is committed to minimizing routine venting in specific development areas with planned technologies and practices. While the provided context doesn't directly confirm this specific claim, it *does* demonstrate Baytex Energy actively reporting on and working to reduce greenhouse gas emissions (Scope 1 & 2) and related KPIs (KPIObservation nodes 3d5f8a0436f1110c, 4e70389eab6782aa, 89f638c2cae65568). This suggests a genuine effort towards environmental responsibility, supporting the claim's plausibility.",graphrag,5.0,5.0,5.0,5.0,5.0,5.0
"Baytex Energy has committed to minimizing routine venting across its new Peavine Clearwater and Duvernay development areas, without making broader claims about the sustainability of its entire operations.","baytex energy has committed to minimizing routine venting across its new peavine clearwater and duvernay development areas, without making broader claims about the sustainability of its entire operations.",not_greenwashing,"The provided context focuses on Baytex’s ESG reporting and highlights specific achievements like reductions in GHG emissions intensity and methane emissions. It does not contain information contradicting the claim that they are focusing on minimizing venting in specific development areas. The claim acknowledges this is a targeted effort, avoiding broad, unsubstantiated sustainability assertions.",rag,5.0,5.0,5.0,5.0,5.0,5.0
Baytex Energy has committed to minimizing routine venting across its new Peavine Clearwater and Duvernay development areas.,baytex energy has committed to minimizing routine venting across its new peavine clearwater and duvernay development areas.,not_greenwashing,"The claim states Baytex Energy is minimizing routine venting in its Peavine Clearwater and Duvernay development areas. While the provided context doesn't directly address this specific claim, it *does* demonstrate Baytex Energy's commitment to reducing greenhouse gas emissions (GHG) through various KPIs (KPIObservation). Specifically, they have achieved reductions in Scope 1 & 2 emissions (3d5f8a0436f1110c, 4e70389eab6782aa, 89f638c2cae65568) and have set targets for further reductions (d4a6301db0bf0284). Minimizing routine venting would align with these broader emission reduction efforts. Therefore, the claim is plausible and not demonstrably false based on the available information.",graphrag,5.0,5.0,5.0,5.0,5.0,5.0
"Baytex Energy has committed to spending $100 million over five years on asset retirement obligations, which is more than the legal requirements, demonstrating a proactive approach to environmental stewardship.","baytex energy has committed to spending $100 million over five years on asset retirement obligations, which is more than the legal requirements, demonstrating a proactive approach to environmental stewardship.",not_greenwashing,"The claim states Baytex Energy is spending $100 million over five years on asset retirement obligations, exceeding legal requirements. While the provided context focuses on other companies' ESG performance (Airbus, Canada Nickel, Greenergy), it does not contain information to refute Baytex's claim. There is no evidence presented to suggest this is *not* happening or that it is legally mandated rather than a voluntary initiative. Therefore, based on the available information, the claim appears to be factually accurate.",graphrag,3.0,4.0,4.0,4.0,5.0,4.0
"Baytex Energy has committed to spending $100 million over five years on asset retirement obligations, which is more than the legal requirements.","baytex energy has committed to spending $100 million over five years on asset retirement obligations, which is more than the legal requirements.",not_greenwashing,"The claim states Baytex Energy is spending $100 million over five years on asset retirement obligations, exceeding legal requirements. While the provided context focuses heavily on Airbus SE and other companies' ESG metrics, it does not contain information to directly verify or refute Baytex Energy's spending commitment. However, the claim itself doesn't inherently suggest greenwashing. Committing to spending *more* than legally required on environmental obligations is a positive action, not a misleading one. Without evidence to the contrary, it's reasonable to assume the claim is accurate.",graphrag,5.0,5.0,5.0,5.0,5.0,5.0
"Baytex Energy has completed 7,528 surveys and repaired 608 fugitive leaks in 2022 using optical gas imaging technology, and is actively piloting aerial surveillance to further understand and reduce methane emissions.","baytex energy has completed 7,528 surveys and repaired 608 fugitive leaks in 2022 using optical gas imaging technology, and is actively piloting aerial surveillance to further understand and reduce methane emissions.",not_greenwashing,"The claim states that Baytex Energy completed 7,528 surveys and repaired 608 fugitive leaks using optical gas imaging technology, and is piloting aerial surveillance to reduce methane emissions. This is a factual statement about actions taken by the company, and the provided context, while not directly confirming these numbers, does contain numerous KPIObservations related to emissions reduction efforts by Baytex and Canada Nickel, indicating a focus on monitoring and reducing greenhouse gas emissions. There is no evidence to suggest this claim is false or misleading.",graphrag,5.0,5.0,5.0,5.0,5.0,5.0
"Baytex Energy has conducted a sensitivity analysis on the impact of different carbon prices, including those announced by the Canadian Federal government, showcasing its commitment to environmental sustainability.","baytex energy has conducted a sensitivity analysis on the impact of different carbon prices, including those announced by the canadian federal government, showcasing its commitment to environmental sustainability.",not_greenwashing,"The provided context explicitly states that Baytex ""conducted sensitivity analysis under various carbon prices and methane regulations."" This confirms the claim's factual accuracy without exaggeration or misrepresentation.",rag,5.0,5.0,5.0,5.0,5.0,5.0
"Baytex Energy has implemented specific methane reduction activities, such as leak detection and repair programs, which have led to a measurable 20% reduction in methane emissions over the past year, as verified by third-party audits.","baytex energy has implemented specific methane reduction activities, such as leak detection and repair programs, which have led to a measurable 20% reduction in methane emissions over the past year, as verified by third-party audits.",not_greenwashing,"The provided context includes multiple KPIObservation entries for Baytex Energy Corp. and related companies, demonstrating reductions in greenhouse gas emissions (Scope 1 + Scope 2) and GHG emissions per unit of activity. Specifically, Baytex reports a 59% reduction in total Scope 1 + Scope 2 emissions in 2022 compared to a baseline year (and a target of 65% reduction by 2025). The claim of a ""measurable 20% reduction in methane emissions over the past year"" is not directly verifiable within the provided data, but the overall trend of emissions reduction is supported. Given the available evidence of emissions reductions, the claim is likely accurate and does not appear to be greenwashing.",graphrag,5.0,5.0,5.0,5.0,5.0,5.0
Baytex Energy has set internal targets for abandonment and reclamation activities and linked these to employee compensation.,baytex energy has set internal targets for abandonment and reclamation activities and linked these to employee compensation.,not_greenwashing,"The context explicitly states: ""In 2022, 10% of the annual bonus pool for management (executive officers) and all employees was linked to four targets... abandonment and reclamation."" This confirms that Baytex has indeed linked employee compensation to abandonment and reclamation targets.",rag,5.0,5.0,5.0,5.0,5.0,5.0
"Baytex Energy highlights a product's use of recycled materials as a positive feature, while also transparently disclosing the carbon emissions associated with its production and transportation, and committing to reducing these emissions.","baytex energy highlights a product's use of recycled materials as a positive feature, while also transparently disclosing the carbon emissions associated with its production and transportation, and committing to reducing these emissions.",not_greenwashing,"The claim states that Baytex Energy highlights the use of recycled materials and discloses carbon emissions while committing to reduction. The provided context shows multiple KPIObservation instances where Baytex (and companies it identifies with) are actively tracking and reducing greenhouse gas emissions (Scope 1, Scope 2, and overall emissions intensity). Additionally, the context shows related companies (like Greenergy) are also focused on renewable energy and carbon savings. While the claim doesn't detail *how* Baytex highlights these aspects, the evidence supports the core components of the claim – transparency around emissions and a commitment to reduction – are present in their reported KPIs.",graphrag,5.0,5.0,5.0,5.0,5.0,5.0
Baytex Energy highlights its membership in the Western Canadian Spill Services oil spill cooperative and participation in simulated spill response exercises as voluntary sustainability initiatives.,baytex energy highlights its membership in the western canadian spill services oil spill cooperative and participation in simulated spill response exercises as voluntary sustainability initiatives.,greenwashing,"According to the Alberta Energy Regulator, companies operating in Alberta are required to participate in spill planning and preparedness, including membership in organizations like Western Canadian Spill Services. Therefore, highlighting this as a voluntary sustainability initiative is misleading, as it’s a legal requirement for operation.",rag,5.0,5.0,5.0,5.0,5.0,5.0
"Baytex Energy highlights the abundance, energy density, and ease of transport of oil and gas as positive attributes without mentioning the significant environmental impacts associated with their extraction and use.","baytex energy highlights the abundance, energy density, and ease of transport of oil and gas as positive attributes without mentioning the significant environmental impacts associated with their extraction and use.",greenwashing,"The claim highlights the positive attributes of oil and gas (abundance, energy density, ease of transport) *without* mentioning the significant environmental impacts associated with their extraction and use. While the provided context shows other companies reporting on ESG metrics like renewable energy consumption and emissions reductions, it does not negate the fact that Baytex Energy is selectively presenting information to create a positive impression while omitting crucial negative aspects. This is a case of presenting a partial truth as a whole.",graphrag,3.0,4.0,4.0,4.0,5.0,4.0
"Baytex Energy highlights the extensive network of pipelines it owns, covering over 4,500 km, and commits to regular environmental assessments and maintenance to ensure safe and sustainable operations.","baytex energy highlights the extensive network of pipelines it owns, covering over 4,500 km, and commits to regular environmental assessments and maintenance to ensure safe and sustainable operations.",not_greenwashing,"The claim states Baytex Energy highlights its extensive pipeline network and commits to environmental assessments and maintenance. While the provided context doesn't directly confirm the extent of the pipeline network (4,500 km), it *does* show Baytex reports on multiple ESG KPIs related to greenhouse gas emissions reduction (Scope 1, Scope 2, and emissions per unit of activity), indicating a commitment to environmental monitoring and improvement. This supports the claim of regular environmental assessments and sustainable operations, even if it doesn't provide all the details.",graphrag,5.0,5.0,5.0,5.0,5.0,5.0
"Baytex Energy implements a comprehensive approach to prevent spills during trucking operations, including the use of dual liquid-level indicators, audible overfill alarms, and regular maintenance, which are detailed and specific measures that go beyond mere legal compliance.","baytex energy implements a comprehensive approach to prevent spills during trucking operations, including the use of dual liquid-level indicators, audible overfill alarms, and regular maintenance, which are detailed and specific measures that go beyond mere legal compliance.",not_greenwashing,"The claim states Baytex Energy implements a comprehensive approach to prevent spills during trucking operations, including specific measures. While the provided context does not directly confirm these specific measures, it does contain numerous KPIObservations related to ESG performance, including reductions in greenhouse gas emissions (Scope 1 & 2) and water usage. This suggests a broader commitment to environmental responsibility and risk management, making the claim plausible and not demonstrably false based on the available information. The context doesn't *prove* the claim, but it doesn't contradict it either.",graphrag,3.0,4.0,4.0,4.0,4.0,3.8
"Baytex Energy implements a comprehensive system including integrity inspections, overfill prevention devices, and FLIR cameras to prevent spills from tanks.","baytex energy implements a comprehensive system including integrity inspections, overfill prevention devices, and flir cameras to prevent spills from tanks.",not_greenwashing,"The claim that Baytex Energy implements a system to prevent spills is supported by the provided context, which details integrity inspections, overfill prevention devices, and FLIR cameras being used for this purpose. While the context doesn't provide extensive detail, it confirms the existence of the stated measures.",graphrag,4.0,4.0,4.0,4.0,5.0,4.2
"Baytex Energy incentivizes safe trucking practices by offering bonuses to truck owners based on safety targets, including spills performance, which is a voluntary initiative that goes beyond legal requirements and demonstrates a commitment to reducing spills.","baytex energy incentivizes safe trucking practices by offering bonuses to truck owners based on safety targets, including spills performance, which is a voluntary initiative that goes beyond legal requirements and demonstrates a commitment to reducing spills.",not_greenwashing,"The provided context does not contain information to verify or refute the claim about Baytex Energy incentivizing safe trucking practices. However, the knowledge graph does show Baytex Energy Corp. reporting on various ESG KPIs related to emissions reduction and climate risk management. While this doesn't directly confirm the trucking bonus program, it demonstrates a broader commitment to sustainability initiatives, making the claim plausible. Without specific evidence contradicting the claim, it cannot be classified as greenwashing.",graphrag,5.0,5.0,5.0,5.0,5.0,5.0
Baytex Energy included different taxable rates in the sensitivity analysis to better understand the financial impact of varying carbon prices.,baytex energy included different taxable rates in the sensitivity analysis to better understand the financial impact of varying carbon prices.,not_greenwashing,"The context states that Baytex conducted sensitivity analysis ""under various carbon prices and methane regulations."" This confirms that they considered different carbon price scenarios in their analysis, supporting the claim without exaggeration or falsehood.",rag,5.0,5.0,5.0,5.0,5.0,5.0
Baytex Energy invests in renewable energy projects to improve its performance as a responsible energy producer.,baytex energy invests in renewable energy projects to improve its performance as a responsible energy producer.,not_greenwashing,"The provided context demonstrates that Baytex Energy is taking steps to improve its ESG performance, specifically by investing in renewable energy projects and reducing greenhouse gas emissions. The knowledge graph provides multiple KPIObservation instances showing reductions in emissions and increases in renewable energy usage, reported by Baytex Energy itself and other organizations (Standard Bank, Airbus SE, Greenergy) related to climate risk. While the claim is broad, the supporting evidence indicates genuine efforts towards responsible energy production.",graphrag,5.0,5.0,5.0,5.0,5.0,5.0
Baytex Energy is a member of the Western Canadian Spill Services oil spill cooperative and participates in simulated spill response exercises as part of its regulatory compliance.,baytex energy is a member of the western canadian spill services oil spill cooperative and participates in simulated spill response exercises as part of its regulatory compliance.,not_greenwashing,"The claim states Baytex Energy is a member of the Western Canadian Spill Services oil spill cooperative and participates in simulated spill response exercises as part of its regulatory compliance. This is a factual statement about the company's participation in an industry cooperative and adherence to regulations. The provided context does not contain information contradicting this claim, and it is reasonable for an energy company to participate in such initiatives to meet regulatory requirements.",graphrag,5.0,5.0,5.0,5.0,5.0,5.0
"Baytex Energy is committed to protecting the environment by managing the restoration, abandonment, and reclamation of assets that have reached the end of their productive life, ensuring a green future.","baytex energy is committed to protecting the environment by managing the restoration, abandonment, and reclamation of assets that have reached the end of their productive life, ensuring a green future.",not_greenwashing,"The context confirms Baytex’s commitment to asset restoration, abandonment, and reclamation. Specifically, they spent $22.4 million on these activities in 2022, completed 397 well abandonments, and are working toward a goal of restoring 4,500 inactive wells by 2040. This aligns with the claim of managing these aspects for a ‘green future.’",rag,5.0,5.0,5.0,5.0,5.0,5.0
Baytex Energy is committed to reducing emissions by 30% by 2030 as part of its broader sustainability strategy.,baytex energy is committed to reducing emissions by 30% by 2030 as part of its broader sustainability strategy.,not_greenwashing,"The provided context shows Baytex Energy Corp. has set goals and reported progress on reducing greenhouse gas emissions. Specifically, they have a target of a 65% reduction in GHG emissions intensity by 2025 (relative to 2018) and have already achieved reductions of 59% (as of 2022) and 15% (as of 2022). While the claim states a 30% reduction by 2030, the context demonstrates existing commitments and progress towards significant emissions reductions, supporting the general intent of the claim.",graphrag,5.0,5.0,5.0,5.0,5.0,5.0
"Baytex Energy is committed to reducing emissions, aiming for a significant decrease in the coming years.","baytex energy is committed to reducing emissions, aiming for a significant decrease in the coming years.",not_greenwashing,"The context explicitly states Baytex’s commitment to reducing GHG emissions intensity by 65% by 2025, relative to a 2018 baseline, and highlights a cumulative 59% reduction as of 2022. It also notes an 84% absolute reduction in methane emissions since 2018. This confirms the claim that they are committed to reducing emissions and have goals for doing so.",rag,5.0,5.0,5.0,5.0,5.0,5.0
"Baytex Energy is currently assessing various technologies to potentially integrate into future emissions reduction programs, aiming to achieve a measurable decrease in overall emissions.","baytex energy is currently assessing various technologies to potentially integrate into future emissions reduction programs, aiming to achieve a measurable decrease in overall emissions.",not_greenwashing,"The claim states Baytex Energy is ""assessing various technologies to potentially integrate into future emissions reduction programs."" This is a factual statement supported by the provided context, which details numerous KPIObservations demonstrating Baytex Energy's ongoing efforts to reduce greenhouse gas emissions, including achieved reductions and established targets (e.g., a 65% reduction in GHG emissions intensity by 2025). The company is actively working on emissions reduction, and assessing new technologies aligns with this effort.",graphrag,5.0,5.0,5.0,5.0,5.0,5.0
"Baytex Energy is evaluating new technologies to reduce emissions, making the company a leader in environmental sustainability.","baytex energy is evaluating new technologies to reduce emissions, making the company a leader in environmental sustainability.",abstain,"The provided context contains numerous KPI observations for various companies (Baytex Energy, Airbus, Greenergy, Canada Nickel) related to ESG factors. However, it does not provide any specific information to verify or refute the claim that Baytex Energy is a ""leader in environmental sustainability"" simply by ""evaluating new technologies."" The context only shows that Baytex is *reporting* on certain KPIs, but doesn't offer an assessment of its overall sustainability performance relative to its peers or industry standards. The claim is too vague to be verified with the given information.",graphrag,1.0,1.0,1.0,1.0,1.0,1.0
"Baytex Energy is investing $100 million towards ARO over the next five years, implying that this is a voluntary initiative rather than a legal obligation.","baytex energy is investing $100 million towards aro over the next five years, implying that this is a voluntary initiative rather than a legal obligation.",not_greenwashing,"The claim states Baytex Energy is investing $100 million towards ARO (Asset Retirement Obligation) over five years, framing it as a voluntary initiative. While the provided context doesn't directly confirm or deny the $100 million investment, it *does* show Baytex Energy reporting on various ESG KPIs related to emissions reduction and sustainability. This suggests a genuine effort towards environmental responsibility, and an investment in ARO aligns with responsible decommissioning practices. Without evidence suggesting this investment is legally mandated, it's reasonable to assume it's a voluntary initiative.",graphrag,5.0,5.0,5.0,5.0,5.0,5.0
"Baytex Energy is tackling the challenge of vented gas emissions, ensuring a sustainable future.","baytex energy is tackling the challenge of vented gas emissions, ensuring a sustainable future.",not_greenwashing,"The provided context demonstrates that Baytex Energy Corp. is actively tracking and reporting on greenhouse gas emissions reductions (Scope 1 & 2) and related KPIs. While the claim is broad (""tackling the challenge...ensuring a sustainable future""), the supporting data shows concrete efforts to reduce emissions, indicating genuine action rather than misleading marketing. The context includes multiple KPIObservation nodes showing reductions in GHG emissions, both absolute and percentage-based, as well as targets for future reductions.",graphrag,5.0,5.0,5.0,5.0,5.0,5.0
Baytex Energy labels itself as a responsible energy producer based on its use of one sustainable technology in its operations.,baytex energy labels itself as a responsible energy producer based on its use of one sustainable technology in its operations.,greenwashing,"While Baytex highlights multiple ESG initiatives like GHG emission reductions, land stewardship, and water management, framing the entire company as a 'responsible energy producer' solely based on these isolated efforts is misleading. The context indicates they are still involved in the extraction of fossil fuels (crude oil and natural gas), and the claim implies a broader level of sustainability than is demonstrably true given their core business. They highlight many initiatives, but labeling themselves as wholly 'responsible' is a partial truth presented as a whole.",rag,4.0,4.0,4.0,4.0,5.0,4.2
"Baytex Energy monitors its impacts and complies with legal requirements, and stakeholders can find detailed information about specific sustainability initiatives in the annual report.","baytex energy monitors its impacts and complies with legal requirements, and stakeholders can find detailed information about specific sustainability initiatives in the annual report.",not_greenwashing,"The provided context describes Baytex releasing ESG and TCFD reports demonstrating commitment to transparency and accountability, detailing progress in managing environmental and social impacts. It highlights specific initiatives like GHG emission reductions, land stewardship, water management, and safety improvements. This aligns with the claim that they monitor impacts, comply with requirements, and offer detailed information in their annual report.",rag,5.0,5.0,5.0,5.0,5.0,5.0
Baytex Energy outlines a comprehensive pipeline integrity management program that includes regular audits and specific measures to prevent and detect spills.,baytex energy outlines a comprehensive pipeline integrity management program that includes regular audits and specific measures to prevent and detect spills.,not_greenwashing,"The provided context details various ESG-related KPIs reported by Baytex Energy and other companies. The claim that Baytex Energy outlines a pipeline integrity management program is consistent with responsible energy operations and risk management, and while the context doesn't *explicitly* confirm this specific program, it doesn't contain any information to contradict it. The provided data points to a focus on emissions reduction, environmental monitoring (water usage), and responsible practices, which align with a commitment to pipeline integrity.",graphrag,5.0,5.0,5.0,5.0,5.0,5.0
"Baytex Energy owns over 4,500 km of pipelines and has implemented several voluntary sustainability initiatives, such as investing in renewable energy projects and reducing water usage.","baytex energy owns over 4,500 km of pipelines and has implemented several voluntary sustainability initiatives, such as investing in renewable energy projects and reducing water usage.",not_greenwashing,"The claim states Baytex Energy owns over 4,500 km of pipelines and has implemented voluntary sustainability initiatives, such as investing in renewable energy projects and reducing water usage. The provided context confirms Baytex Energy is actively working on sustainability initiatives, including reducing greenhouse gas emissions (Scope 1 & 2) and reporting on these efforts. While the pipeline ownership isn't directly addressed, the evidence supports the claim of sustainability initiatives.",graphrag,5.0,5.0,5.0,5.0,5.0,5.0
"Baytex Energy owns over 4,500 km of pipelines and has set specific sustainability goals, including reducing emissions by 20% by 2030, to ensure responsible operations.","baytex energy owns over 4,500 km of pipelines and has set specific sustainability goals, including reducing emissions by 20% by 2030, to ensure responsible operations.",not_greenwashing,"The provided context includes multiple KPIObservation nodes demonstrating Baytex Energy Corp. has achieved reductions in GHG emissions (Scope 1 + Scope 2) both in absolute terms and as an intensity metric, with a stated goal of a 65% reduction by 2025. The claim about reducing emissions by 20% by 2030 is consistent with the observed reductions and the stated goal. The claim about owning over 4,500 km of pipelines is a factual statement that doesn't relate to greenwashing.",graphrag,5.0,5.0,5.0,5.0,5.0,5.0
"Baytex Energy partners with service providers who are always improving and strengthening their HSE management systems, contributing to a safer and more sustainable industry.","baytex energy partners with service providers who are always improving and strengthening their hse management systems, contributing to a safer and more sustainable industry.",abstain,"The provided context contains numerous KPI observations for various companies (Baytex Energy, Standard Bank, Airbus, Canada Nickel). However, it does not provide any information to verify or refute the claim that Baytex Energy *partners* with service providers to improve HSE management systems. The context only shows what these companies *report* regarding ESG metrics, not details about their partnerships or the specific improvements made by service providers. Therefore, I cannot determine if the claim is factually accurate or false.",graphrag,1.0,1.0,1.0,1.0,1.0,1.0
"Baytex Energy partners with service providers who are always improving and strengthening their HSE management systems, ensuring a safer and more sustainable future.","baytex energy partners with service providers who are always improving and strengthening their hse management systems, ensuring a safer and more sustainable future.",abstain,"The claim states Baytex Energy ""partners with service providers who are always improving and strengthening their HSE management systems."" The provided context contains data points about various companies (Standard Bank, Airbus, Canada Nickel) and their ESG performance, including KPIs related to renewable energy financing, emissions reduction, and sustainability assessments of suppliers. However, it does not provide any information specifically about Baytex Energy's partnerships with service providers or whether those providers are actively improving their HSE management systems. Therefore, I cannot verify the claim's accuracy.",graphrag,1.0,1.0,1.0,1.0,1.0,1.0
"Baytex Energy partners with service providers who are committed to enhancing their HSE management systems, as evidenced by their annual third-party audits and continuous improvement plans.","baytex energy partners with service providers who are committed to enhancing their hse management systems, as evidenced by their annual third-party audits and continuous improvement plans.",not_greenwashing,"The claim states that Baytex Energy partners with service providers committed to enhancing their HSE (Health, Safety, and Environment) management systems through audits and continuous improvement plans. While the provided context focuses on Standard Bank Group's ESG performance, it does demonstrate a commitment to risk management and improvement plans related to climate risk and other ESG factors. This indirectly supports the idea that companies like Baytex Energy would likely partner with service providers who also prioritize HSE management, as it's a standard practice in the energy sector. The context doesn't directly confirm Baytex's partnerships, but it doesn't contradict the claim either. Therefore, based on the available information, the claim is likely accurate.",graphrag,3.0,4.0,4.0,4.0,5.0,4.0
Baytex Energy presents compliance with environmental regulations as a voluntary sustainability initiative.,baytex energy presents compliance with environmental regulations as a voluntary sustainability initiative.,greenwashing,"The context highlights Baytex’s commitment to meeting targets like reducing GHG emissions and reclaiming wells. However, many of these actions appear to be driven by regulations and external pressures, such as the need to address methane emissions and restore inactive wells. Presenting these as purely voluntary ‘ESG initiatives’ without acknowledging the underlying regulatory requirements constitutes greenwashing.",rag,5.0,5.0,5.0,5.0,5.0,5.0
"Baytex Energy presents its pipeline integrity management program as a voluntary sustainability initiative, despite it being a legal requirement under Canadian environmental regulations.","baytex energy presents its pipeline integrity management program as a voluntary sustainability initiative, despite it being a legal requirement under canadian environmental regulations.",greenwashing,"While the provided context does not explicitly state whether pipeline integrity management is legally mandated, it is widely known that pipeline operators in Canada are subject to stringent regulations concerning pipeline safety and integrity, overseen by bodies like the Canada Energy Regulator. Presenting a legally required program as a voluntary sustainability initiative would constitute greenwashing.",rag,5.0,5.0,5.0,5.0,5.0,5.0
"Baytex Energy promotes a product as ""sustainable"" based on its use of recycled materials, without mentioning the significant carbon emissions associated with its production and transportation.","baytex energy promotes a product as ""sustainable"" based on its use of recycled materials, without mentioning the significant carbon emissions associated with its production and transportation.",greenwashing,"The claim states Baytex Energy promotes a product as ""sustainable"" based on recycled materials, but omits mentioning significant carbon emissions from production and transportation. While using recycled materials is a positive step, a product isn't fully sustainable if its overall lifecycle generates substantial carbon emissions. The provided context shows Baytex Energy reports on Scope 1 & 2 GHG emissions reductions, but doesn't negate the potential for high emissions in the product's full lifecycle. Presenting the use of recycled materials as complete ""sustainability"" is a partial truth presented as a whole, and therefore constitutes greenwashing.",graphrag,4.0,5.0,4.0,4.0,5.0,4.4
"Baytex Energy proudly boasts about owning over 4,500 km of pipelines, emphasizing the impressive length without mentioning the environmental risks associated with pipeline operations.","baytex energy proudly boasts about owning over 4,500 km of pipelines, emphasizing the impressive length without mentioning the environmental risks associated with pipeline operations.",greenwashing,"The claim highlights the length of Baytex Energy's pipelines (4,500 km) without acknowledging the environmental risks associated with pipeline operations. While the length itself is a factual statement, presenting it without context implies a positive attribute, obscuring the potential for leaks, spills, and habitat disruption. The knowledge graph shows Baytex Energy is associated with ""Climate Risk"" and reports on greenhouse gas emissions, indicating environmental impact. By focusing solely on the length, the claim presents a partial truth as a whole, downplaying the negative environmental aspects.",graphrag,3.0,4.0,4.0,4.0,5.0,4.0
"Baytex Energy proudly claims to be reducing routine venting in its new development areas, emphasizing this as a voluntary initiative rather than a legal obligation.","baytex energy proudly claims to be reducing routine venting in its new development areas, emphasizing this as a voluntary initiative rather than a legal obligation.",not_greenwashing,"The provided context demonstrates that Baytex Energy Corp. is actively reducing its greenhouse gas emissions and reporting on its progress through various KPIs (Scope 1 & 2 emissions reduction, energy consumption). While the claim emphasizes the voluntary nature of the initiative, the data provided doesn't indicate any contradiction or misrepresentation. The company is demonstrably taking steps to reduce venting, and reporting on it.",graphrag,5.0,5.0,5.0,5.0,5.0,5.0
"Baytex Energy proudly claims to protect biodiversity through its internal targets for abandonment and reclamation activities, which are linked to employee compensation.","baytex energy proudly claims to protect biodiversity through its internal targets for abandonment and reclamation activities, which are linked to employee compensation.",not_greenwashing,"The context confirms that Baytex spent $22.4 million on abandonment and reclamation activities in 2022 and completed 397 well abandonments. It also states that 10% of employee bonuses were tied to ‘abandonment and reclamation’ targets. This indicates a genuine effort toward land restoration, supporting the claim that they protect biodiversity through these actions.",rag,5.0,5.0,5.0,5.0,5.0,5.0
"Baytex Energy proudly conducts wildlife sweeps before site development, ensuring minimal impact on wildlife, which demonstrates the company's dedication to environmental protection.","baytex energy proudly conducts wildlife sweeps before site development, ensuring minimal impact on wildlife, which demonstrates the company's dedication to environmental protection.",abstain,"The provided context contains numerous KPI observations for Baytex Energy and Canada Nickel Company Inc., focusing on emissions reduction and climate risk management. However, it does not contain any information regarding wildlife sweeps or the specific environmental impact of Baytex Energy's site development. Therefore, I cannot verify the claim about minimal impact on wildlife.",graphrag,1.0,1.0,1.0,1.0,1.0,1.0
"Baytex Energy proudly states that it owns over 4,500 km of pipelines, using this as a key metric of success without defining what sustainability means in this context.","baytex energy proudly states that it owns over 4,500 km of pipelines, using this as a key metric of success without defining what sustainability means in this context.",abstain,"The claim states Baytex Energy highlights its 4,500 km of pipelines as a ""key metric of success"" without defining sustainability in this context. The provided context details various ESG KPIs and a goal related to well inventory reduction, but it does not offer any information about how Baytex defines success or sustainability in relation to its pipeline infrastructure. Therefore, I cannot determine if this is greenwashing or not. The statement is vague and lacks sufficient detail to verify.",graphrag,3.0,3.0,3.0,4.0,4.0,3.4
Baytex Energy recognizes the challenge of abating small volumes of vented gas emissions and is actively exploring solutions to address this issue as part of its broader emissions reduction strategy.,baytex energy recognizes the challenge of abating small volumes of vented gas emissions and is actively exploring solutions to address this issue as part of its broader emissions reduction strategy.,not_greenwashing,"The claim states that Baytex Energy is ""actively exploring solutions"" to abate vented gas emissions. This is a reasonable and accurate statement given the company is actively reporting on and working to reduce GHG emissions (as evidenced by multiple KPIObservation nodes showing reductions in Scope 1 & 2 emissions and GHG emissions intensity). The context does not provide any evidence to contradict this claim.",graphrag,5.0,5.0,5.0,5.0,5.0,5.0
"Baytex Energy reports a 20% reduction in greenhouse gas emissions since 2015, supported by detailed metrics and definitions provided in the report.","baytex energy reports a 20% reduction in greenhouse gas emissions since 2015, supported by detailed metrics and definitions provided in the report.",not_greenwashing,"The provided context includes multiple KPIObservation nodes demonstrating reductions in greenhouse gas emissions for both Baytex Energy Corp. and Greenergy. Specifically, Baytex reports a 59% reduction in total Scope 1 + Scope 2 emissions in 2022 compared to a 2018 baseline (KPIObservation node 3d5f8a0436f1110c) and a 84% reduction in GHG emissions intensity (KPIObservation node 89f638c2cae65568). These data points support the claim of a 20% reduction since 2015, and the report's existence suggests detailed metrics are available.",graphrag,5.0,5.0,5.0,5.0,5.0,5.0
"Baytex Energy spent $22.4 million on reclamation activities in 2022, which is a significant achievement in environmental sustainability.","baytex energy spent $22.4 million on reclamation activities in 2022, which is a significant achievement in environmental sustainability.",not_greenwashing,"The context explicitly states that ""In 2022, we spent $22.4 million on abandonment and reclamation activities."" This confirms the claim's factual accuracy. While the term 'significant achievement' is subjective, the expenditure itself is verifiable.",rag,5.0,5.0,5.0,5.0,5.0,5.0
"Baytex Energy spent $22.4 million on reclamation activities in 2022, which is more than the required amount and demonstrates a commitment to environmental responsibility.","baytex energy spent $22.4 million on reclamation activities in 2022, which is more than the required amount and demonstrates a commitment to environmental responsibility.",not_greenwashing,"The provided context indicates that Baytex Energy spent $22.4 million on reclamation activities in 2022. While the context doesn't explicitly state whether this amount exceeds the *required* amount, the claim states it *does* exceed the required amount and demonstrates a commitment to environmental responsibility. The provided data does not contradict this claim, and therefore it is likely accurate.",graphrag,3.0,4.0,4.0,4.0,5.0,4.0
"Baytex Energy states that it complies with all legal requirements for environmental protection, implying that this is a voluntary effort to reduce its environmental impact.","baytex energy states that it complies with all legal requirements for environmental protection, implying that this is a voluntary effort to reduce its environmental impact.",greenwashing,"While Baytex highlights its ESG initiatives, there is no explicit statement claiming they exceed legal requirements. However, framing compliance with environmental regulations as a voluntary effort implies going beyond what is legally obligated, which isn’t supported by the provided context. Environmental protection measures are often legally mandated for companies like Baytex, so presenting them as purely voluntary is misleading.",rag,5.0,5.0,5.0,5.0,5.0,5.0
Baytex Energy tested the impact of different carbon prices as part of the scenario analysis to prepare for potential future regulatory changes.,baytex energy tested the impact of different carbon prices as part of the scenario analysis to prepare for potential future regulatory changes.,not_greenwashing,"The claim that Baytex Energy tested the impact of different carbon prices as part of scenario analysis is a reasonable and expected risk management practice for a company in the energy sector, particularly given increasing regulatory focus on climate change. The provided context demonstrates that Baytex Energy actively monitors and reports on greenhouse gas emissions (GHG) and related KPIs, and has set goals for emissions reductions. Testing the impact of carbon pricing aligns with proactive climate risk management.",graphrag,5.0,5.0,5.0,5.0,5.0,5.0
"Baytex Energy tested the impact of different carbon prices as part of the scenario analysis, showcasing the company's commitment to environmental sustainability.","baytex energy tested the impact of different carbon prices as part of the scenario analysis, showcasing the company's commitment to environmental sustainability.",not_greenwashing,"The provided context demonstrates that Baytex Energy is actively tracking and reporting on its greenhouse gas emissions, and has set a target for reduction. The company is also conducting scenario analysis with different carbon prices, indicating a proactive approach to understanding and managing climate-related risks. This demonstrates a commitment to environmental sustainability, and the claim is supported by the evidence.",graphrag,5.0,5.0,5.0,5.0,5.0,5.0
"Baytex Energy undertakes remediation after a spill, involving qualified environmental consultants to ensure soil and water quality meets regulatory standards.","baytex energy undertakes remediation after a spill, involving qualified environmental consultants to ensure soil and water quality meets regulatory standards.",not_greenwashing,"The provided context details various ESG-related KPIs reported by Baytex Energy and other companies. The claim that Baytex Energy undertakes remediation after a spill and ensures soil and water quality meets regulatory standards aligns with responsible environmental practices expected of energy companies. While the context doesn't *specifically* confirm this claim with a direct report, it does demonstrate a focus on environmental responsibility through reporting on emissions reduction, water withdrawal, and climate risk oversight. Therefore, there is no evidence to refute the claim, and it is reasonable to assume it is accurate.",graphrag,5.0,5.0,5.0,5.0,5.0,5.0
"Baytex Energy uses optical gas imaging technology in its fugitive emissions management program, which is a voluntary initiative that goes beyond legal requirements to identify and repair fugitive leaks.","baytex energy uses optical gas imaging technology in its fugitive emissions management program, which is a voluntary initiative that goes beyond legal requirements to identify and repair fugitive leaks.",not_greenwashing,"The claim states that Baytex Energy uses optical gas imaging technology in its fugitive emissions management program, which is voluntary and goes beyond legal requirements. While the provided context does not directly confirm this specific claim about Baytex, it *does* demonstrate that the company reports on various ESG KPIs, including greenhouse gas emissions reduction (Scope 1 & 2), and energy consumption. This suggests a proactive approach to environmental management, making the claim plausible and not demonstrably false based on the available information. The context doesn't contradict the claim, and therefore cannot be classified as greenwashing.",graphrag,5.0,5.0,5.0,5.0,5.0,5.0
"Baytex Energy uses renewable energy sources, with 30% of total energy consumption coming from these sources, as disclosed in the report.","baytex energy uses renewable energy sources, with 30% of total energy consumption coming from these sources, as disclosed in the report.",not_greenwashing,"The provided context states that Baytex Energy uses renewable energy sources, with 30% of its total energy consumption coming from these sources, as disclosed in a report. This directly supports the claim and provides a quantifiable metric.",graphrag,5.0,5.0,5.0,5.0,5.0,5.0
"Baytex Energy utilizes FLIR cameras to detect gas leaks from tanks, ensuring early identification of potential perforations and preventing environmental damage.","baytex energy utilizes flir cameras to detect gas leaks from tanks, ensuring early identification of potential perforations and preventing environmental damage.",not_greenwashing,"The claim states that Baytex Energy utilizes FLIR cameras to detect gas leaks. While the provided context does not directly confirm this specific practice, it does contain numerous KPIObservation entries related to greenhouse gas emissions reduction and monitoring, indicating a focus on environmental responsibility. The context doesn't *contradict* the claim, and it's plausible that leak detection is part of their emissions management strategy. Therefore, I cannot classify this as greenwashing.",graphrag,3.0,4.0,4.0,4.0,5.0,4.0
"Baytex Energy's direct spend on asset retirement obligations exceeded the mandatory requirements by more than three times, showcasing the company's commitment to environmental sustainability.","baytex energy's direct spend on asset retirement obligations exceeded the mandatory requirements by more than three times, showcasing the company's commitment to environmental sustainability.",not_greenwashing,"The claim states that Baytex Energy's spending on asset retirement obligations exceeded mandatory requirements by more than three times, demonstrating a commitment to environmental sustainability. While the provided context does not directly address Baytex Energy's asset retirement obligations, it does contain numerous KPIObservations related to ESG performance, including reductions in greenhouse gas emissions. This suggests a broader commitment to environmental sustainability, making the claim plausible. Without specific data on asset retirement obligations, it's impossible to definitively verify the claim, but the available context doesn't contradict it.",graphrag,3.0,4.0,4.0,4.0,5.0,4.0
"Baytex Energy's innovative drilling techniques and pipeline management significantly reduce land disturbance, making the company a leader in sustainable oil and gas production.","baytex energy's innovative drilling techniques and pipeline management significantly reduce land disturbance, making the company a leader in sustainable oil and gas production.",not_greenwashing,"The provided context demonstrates that Baytex Energy is actively working to reduce its environmental impact, as evidenced by multiple KPIObservation entries showing reductions in greenhouse gas emissions (both absolute and per unit of activity). While the claim about ""significantly reduce land disturbance"" isn't directly supported by the provided data, the documented efforts to reduce emissions support the broader claim of being a leader in sustainable oil and gas production. The data points to concrete actions and measurable results, rather than vague marketing language.",graphrag,5.0,5.0,5.0,5.0,5.0,5.0
Baytex Energy's multi-year safety planning approach ensures that the company is always eco-friendly and sustainable.,baytex energy's multi-year safety planning approach ensures that the company is always eco-friendly and sustainable.,abstain,"The provided context contains numerous KPI observations for various companies (Baytex Energy, Airbus, Canada Nickel, etc.) related to ESG factors. However, it does not contain any information that directly supports or refutes the claim that Baytex Energy's safety planning approach ensures it is ""always eco-friendly and sustainable."" The claim is too broad and subjective to verify with the provided data, which focuses on specific, measurable KPIs. The context demonstrates that Baytex reports on GHG emissions reduction, but this doesn't equate to being ""always eco-friendly and sustainable.",graphrag,1.0,1.0,1.0,1.0,1.0,1.0
"Baytex Energy's pipeline integrity management program includes regular audits and multiple layers of inspection and prevention, demonstrating a robust approach to environmental stewardship.","baytex energy's pipeline integrity management program includes regular audits and multiple layers of inspection and prevention, demonstrating a robust approach to environmental stewardship.",not_greenwashing,"The provided context demonstrates that Baytex Energy Corp. actively reports on and tracks various ESG-related KPIs, including greenhouse gas emissions reductions (Scope 1 & 2) and alignment with climate risk management. While the claim about a ""robust approach to environmental stewardship"" is broad, the documented evidence of audits, inspections, and preventative measures related to pipeline integrity, coupled with emissions reduction efforts, supports the assertion that Baytex is taking steps towards environmental responsibility.",graphrag,5.0,5.0,5.0,5.0,5.0,5.0
"Baytex Energy's plan for full lifecycle development of properties includes managing the restoration, abandonment, and reclamation of assets that have reached the end of their productive life.","baytex energy's plan for full lifecycle development of properties includes managing the restoration, abandonment, and reclamation of assets that have reached the end of their productive life.",not_greenwashing,"The context explicitly states that Baytex spent '$22.4 million on abandonment and reclamation activities' and 'completed the largest program in company history in 2022 with 397 well abandonments'. It also outlines a target to restore 4,500 inactive wells by 2040. This confirms they are actively managing the end-of-life cycle of their assets.",rag,5.0,5.0,5.0,5.0,5.0,5.0
"Baytex has achieved an 84% reduction in methane emissions since 2018, demonstrating the company's dedication to being eco-friendly.","baytex has achieved an 84% reduction in methane emissions since 2018, demonstrating the company's dedication to being eco-friendly.",not_greenwashing,"The provided context includes multiple KPIObservation nodes related to greenhouse gas emission reductions for Baytex Energy Corp. and other companies. Specifically, one KPIObservation (node key 89f638c2cae65568) states that Baytex achieved an 84% reduction in GHG emissions per unit of activity since 2018. This directly supports the claim.",graphrag,5.0,5.0,5.0,5.0,5.0,5.0
"Baytex has achieved an 84% reduction in methane emissions since 2018, showcasing the company's commitment to environmental sustainability.","baytex has achieved an 84% reduction in methane emissions since 2018, showcasing the company's commitment to environmental sustainability.",not_greenwashing,"The provided context explicitly states: ""achieved an 84% absolute reduction of methane emissions from our 2018 baseline."" This confirms the claim is factually accurate based on the information provided in the documents.",rag,5.0,5.0,5.0,5.0,5.0,5.0
"Baytex has identified several species at risk in its operating areas, including the Sprague’s Pipit, Purple Martin, and Caribou, and is working on developing a comprehensive biodiversity protection plan.","baytex has identified several species at risk in its operating areas, including the sprague’s pipit, purple martin, and caribou, and is working on developing a comprehensive biodiversity protection plan.",not_greenwashing,"The claim states that Baytex has identified species at risk and is developing a biodiversity protection plan. While the provided context focuses on other companies (Canada Nickel and Airbus) and their ESG performance, it does not contain information that contradicts Baytex's claim. The context does show Baytex identifies climate risk, which could encompass biodiversity concerns, but doesn't provide enough information to verify or refute the specific claim about species at risk and a protection plan. Therefore, based on the available information, the claim appears to be a legitimate statement of intent and current activity by the company.",graphrag,3.0,4.0,4.0,4.0,5.0,4.0
Baytex is actively working to mitigate the impact of industrial growth and recreation on woodland caribou.,baytex is actively working to mitigate the impact of industrial growth and recreation on woodland caribou.,not_greenwashing,"The provided context demonstrates that Baytex Energy Corp. is actively working to reduce emissions and address climate risk, as evidenced by multiple KPIObservation entries showing reductions in greenhouse gas emissions and investments in biofuel and carbon capture projects. While the claim focuses on woodland caribou, the provided data focuses on emissions reduction, and there is no information to refute the claim about caribou mitigation. Therefore, based on the available information, the claim is not demonstrably false.",graphrag,5.0,5.0,5.0,5.0,5.0,5.0
Baytex is committed to protecting biodiversity by identifying at-risk species in its operating areas.,baytex is committed to protecting biodiversity by identifying at-risk species in its operating areas.,not_greenwashing,"The provided context shows that Baytex Energy Corp. identifies at-risk species as part of its operations, as evidenced by multiple KPIObservation entries linking the company to risk identification. While the context doesn't detail *how* they identify these species, the fact that they do so is supported by the data.",graphrag,5.0,5.0,5.0,5.0,5.0,5.0
"Baytex operates under provincial performance standards in Saskatchewan and Alberta, which are equivalent to the federal carbon pricing system, demonstrating the company's proactive approach to sustainability.","baytex operates under provincial performance standards in saskatchewan and alberta, which are equivalent to the federal carbon pricing system, demonstrating the company's proactive approach to sustainability.",not_greenwashing,"The claim states that Baytex operates under provincial performance standards in Saskatchewan and Alberta that are equivalent to the federal carbon pricing system. While the provided context does not directly confirm this equivalence, it *does* demonstrate that Baytex reports on Scope 1 & 2 greenhouse gas emissions, a key component of carbon pricing systems. Furthermore, the data shows Baytex has achieved reductions in GHG emissions. This suggests the company is actively managing and reporting on its carbon footprint, aligning with the spirit of the claim, even if direct equivalence isn't explicitly stated in the provided data.",graphrag,4.0,4.0,4.0,4.0,5.0,4.2
"Baytex proudly claims to comply with the federal Greenhouse Gas Pollution Pricing Act, showcasing its commitment to environmental sustainability.","baytex proudly claims to comply with the federal greenhouse gas pollution pricing act, showcasing its commitment to environmental sustainability.",not_greenwashing,"The claim states that Baytex Energy complies with the federal Greenhouse Gas Pollution Pricing Act. While the provided context focuses on Canada Nickel Company Inc.'s emissions data, it does not contain information to refute the claim that Baytex Energy complies with the Act. As a federal law, compliance is a standard business practice for companies operating within Canada, and therefore not necessarily a voluntary commitment to environmental sustainability, but also not inherently greenwashing. Without evidence to the contrary, the claim is considered factually accurate.",graphrag,5.0,5.0,5.0,5.0,5.0,5.0
"Baytex will lead in responsible energy development, suggesting the company's operations are sustainable without addressing the broader environmental impact.","baytex will lead in responsible energy development, suggesting the company's operations are sustainable without addressing the broader environmental impact.",greenwashing,"While Baytex highlights ESG initiatives like GHG emission reductions and reclamation projects, claiming they will 'lead in responsible energy development' implies overall sustainability without acknowledging the inherent environmental impact of continued fossil fuel extraction. The claim presents a partial truth – positive steps taken – as a whole picture of sustainability, which is misleading.",rag,3.0,4.0,4.0,4.0,5.0,4.0
"Baytexenergy.com proudly received funding from the Alberta government’s Site Rehabilitation Program, which allowed the company to claim significant environmental achievements in wildlife zone reclamation.","baytexenergy.com proudly received funding from the alberta government’s site rehabilitation program, which allowed the company to claim significant environmental achievements in wildlife zone reclamation.",not_greenwashing,"The provided context indicates that Baytex spent $22.4 million on abandonment and reclamation activities, *including* government grants. This confirms they did receive funding from programs like the Alberta government’s Site Rehabilitation Program, and subsequently undertook reclamation activities. Therefore, the claim is factually accurate based on the provided context.",rag,5.0,5.0,5.0,5.0,5.0,5.0
"Baytexenergy.com received funding from the Alberta government’s Site Rehabilitation Program to support environmental site assessments and remediation and reclamation activities in designated wildlife zones, showcasing the company's commitment to environmental stewardship.","baytexenergy.com received funding from the alberta government’s site rehabilitation program to support environmental site assessments and remediation and reclamation activities in designated wildlife zones, showcasing the company's commitment to environmental stewardship.",not_greenwashing,"The claim states that Baytexenergy.com received funding from the Alberta government’s Site Rehabilitation Program for environmental work. While the provided context doesn't directly confirm this specific claim, it *does* contain numerous instances of Baytex Energy Corp. (the parent company of baytexenergy.com) receiving funding for environmental initiatives and reporting on ESG-related KPIs. This suggests the claim is plausible and not demonstrably false. The context shows a pattern of the company engaging in activities related to environmental stewardship, making the claim likely accurate.",graphrag,5.0,5.0,5.0,5.0,5.0,5.0
"Bottega Veneta launched Bottega Series, an e-commerce section offering archival accessories, reafﬁrming its commitment to promoting responsible consumption.","bottega veneta launched bottega series, an e-commerce section offering archival accessories, reafﬁrming its commitment to promoting responsible consumption.",not_greenwashing,"The claim states Bottega Veneta is ""promoting responsible consumption"" by launching an e-commerce section for archival accessories. While the provided context doesn't directly address this specific initiative, it demonstrates Kering's broader commitment to sustainability through various KPIs (recycled materials, energy savings, training programs) and goals (zero product destruction). Launching a platform for resale of existing items aligns with responsible consumption principles and is consistent with Kering's stated sustainability efforts. Therefore, the claim is likely accurate and not misleading.",graphrag,5.0,5.0,5.0,5.0,5.0,5.0
"Burberry aims to achieve carbon neutrality in its own operational energy use by 2022 and has already reduced market-based emissions by 92% since 2016, indicating a strong commitment to reducing emissions.","burberry aims to achieve carbon neutrality in its own operational energy use by 2022 and has already reduced market-based emissions by 92% since 2016, indicating a strong commitment to reducing emissions.",not_greenwashing,"The context explicitly states that Burberry's target is ‘Carbon neutral across our own operational energy use by 2022’. It also states they have reduced their scope 1 and 2 emissions by 84% compared to FY 2016/17. Although the claim states 92%, this does not invalidate the overall statement given the context confirms a significant reduction towards carbon neutrality.",rag,5.0,5.0,5.0,5.0,5.0,5.0
"Burberry aims to reduce its absolute scope 1 and 2 GHG emissions by 95% by 2022, which sounds impressive but does not specify how this target aligns with the company's overall business strategy or provide evidence of progress towards this goal.","burberry aims to reduce its absolute scope 1 and 2 ghg emissions by 95% by 2022, which sounds impressive but does not specify how this target aligns with the company's overall business strategy or provide evidence of progress towards this goal.",abstain,"The claim highlights a lack of detail regarding how Burberry's 95% emissions reduction target aligns with its overall business strategy and evidence of progress. While the context provides data showing emissions reductions (84% reduction by 2020, with a target of 95% by 2022), it doesn't address the concern raised in the claim about the target's integration with Burberry's business strategy. Therefore, I cannot definitively determine if the claim is greenwashing or not, as it's a critique of the *context* of the target, not the target itself.",graphrag,3.0,4.0,4.0,4.0,4.0,3.8
"Burberry aims to source 100% certified organic cotton by 2025, a specific and measurable target.","burberry aims to source 100% certified organic cotton by 2025, a specific and measurable target.",not_greenwashing,"The provided context explicitly states that Burberry has a target to ‘Source 100% certified organic cotton by 2025.’ It is a clearly defined, measurable goal related to sustainable sourcing practices.",rag,5.0,5.0,5.0,5.0,5.0,5.0
Burberry aims to use at least 20% recycled content in all own-branded plastic packaging by 2025.,burberry aims to use at least 20% recycled content in all own-branded plastic packaging by 2025.,abstain,"While the document discusses Burberry's commitment to sustainable packaging and participation in the 2025 New Plastics Economy Global Commitment, it does not explicitly state a target of *at least* 20% recycled content. It simply states they aim to use 100% reusable and recyclable plastic and at least 20% recycled content. Therefore, I cannot confirm the 'at least' portion of the claim.",rag,4.0,4.0,4.0,4.0,5.0,4.2
"Burberry claims that the training programme will enhance herders' income through sustainable practices, but the broader community and environmental benefits are not quantified, making it unclear if the programme truly contributes to sustainable development.","burberry claims that the training programme will enhance herders' income through sustainable practices, but the broader community and environmental benefits are not quantified, making it unclear if the programme truly contributes to sustainable development.",abstain,"While the context describes a programme aimed at improving livelihoods of cashmere goat herding communities, it does not quantify the overall community and environmental benefits. It states there was a 136% increase in cashmere collected, and 95% of herders showed gender awareness after training, but lacks data to assess the full extent of sustainable development contributions. Therefore, I cannot verify the claim's accuracy.",rag,3.0,4.0,4.0,4.0,4.0,3.8
"Burberry claims that virtual activities reduce carbon emissions, but does not provide any data or third-party verification to support this claim.","burberry claims that virtual activities reduce carbon emissions, but does not provide any data or third-party verification to support this claim.",greenwashing,"The claim states Burberry claims virtual activities reduce carbon emissions, but provides no supporting data or third-party verification. While Burberry reports various reductions in greenhouse gas emissions (Scope 1, Scope 2, emissions per unit of activity) and targets for future reductions, the provided context does not contain any information linking these reductions to ""virtual activities"" or demonstrating that virtual activities *cause* a reduction in carbon emissions. The lack of evidence directly contradicts the implied claim that virtual activities are a driver of emissions reduction.",graphrag,3.0,2.0,3.0,4.0,5.0,3.4
"Burberry claims to be contributing to climate action training for the fashion industry's supply chain, but this is merely fulfilling a legal obligation and not a voluntary sustainability initiative.","burberry claims to be contributing to climate action training for the fashion industry's supply chain, but this is merely fulfilling a legal obligation and not a voluntary sustainability initiative.",not_greenwashing,"The claim states Burberry is ""fulfilling a legal obligation"" rather than undertaking a voluntary sustainability initiative. While the provided context doesn't explicitly state the training is legally mandated, it does demonstrate Burberry reports on various ESG KPIs, suggesting adherence to reporting standards and potential regulatory requirements. The claim itself highlights a distinction between compliance and voluntary action, and the context supports Burberry's engagement with sustainability-related metrics, making it likely the training falls under existing obligations rather than being purely voluntary.",graphrag,5.0,5.0,5.0,5.0,5.0,5.0
"Burberry claims to be making fashion supply chains more sustainable by working with the Apparel Impact Institute, but this initiative is vague and does not specify any concrete metrics or outcomes.","burberry claims to be making fashion supply chains more sustainable by working with the apparel impact institute, but this initiative is vague and does not specify any concrete metrics or outcomes.",abstain,"The provided context details several KPIs reported by Burberry, demonstrating some sustainability efforts (e.g., reduced greenhouse gas emissions, increased percentage of women in cashmere groups). However, it does not provide information about the specifics of Burberry's collaboration with the Apparel Impact Institute, nor does it offer details to assess whether the initiative is genuinely impactful or merely vague as the claim suggests. Therefore, I cannot verify the claim's accuracy.",graphrag,3.0,4.0,4.0,4.0,4.0,3.8
Burberry claims to be mindful of water use throughout the supply chain without providing specific actions or impacts.,burberry claims to be mindful of water use throughout the supply chain without providing specific actions or impacts.,abstain,"While the document states Burberry is ‘mindful of how we use water throughout our supply chain,’ it does not provide enough specifics to assess whether this statement is misleading. It mentions tracking and promoting management practices, but lacks quantifiable data or concrete examples of actions taken to demonstrate meaningful impact. Therefore, I cannot verify the claim.",rag,3.0,4.0,4.0,4.0,5.0,4.0
Burberry claims to be on track to achieve carbon neutrality in its own operational energy use by 2022 without providing specific metrics or evidence of progress.,burberry claims to be on track to achieve carbon neutrality in its own operational energy use by 2022 without providing specific metrics or evidence of progress.,not_greenwashing,"The context explicitly states: ""Our target is...carbon neutral in our own operational energy use by 2022"". It further indicates they have reduced their scope 1 and 2 emissions by 84% compared to FY 2016/17. While detailed metrics aren't immediately present in this snippet, the statement confirms progress towards the target, supporting the claim.",rag,5.0,5.0,5.0,5.0,5.0,5.0
Burberry claims to have reduced market-based emissions by 92% since 2016 without providing specific details on how this reduction was achieved or any third-party verification.,burberry claims to have reduced market-based emissions by 92% since 2016 without providing specific details on how this reduction was achieved or any third-party verification.,greenwashing,"The claim states Burberry reduced market-based emissions by 92% since 2016 ""without providing specific details...or any third-party verification."" While the provided context shows a reported 92% reduction in market-based emissions in 2020 (KPIObservation key: a413b648a4e4821e), the claim highlights the *lack* of transparency and independent verification. This lack of detail and verification raises concerns about the validity of the reported reduction and constitutes greenwashing due to the absence of supporting evidence beyond Burberry's own reporting.",graphrag,3.0,4.0,4.0,4.0,5.0,4.0
"Burberry claims to reduce its scope 3 emissions by 30% by 2030, but this target is not clearly defined or supported by specific actions or metrics, making it difficult to assess the company's commitment to this goal.","burberry claims to reduce its scope 3 emissions by 30% by 2030, but this target is not clearly defined or supported by specific actions or metrics, making it difficult to assess the company's commitment to this goal.",greenwashing,"The claim states Burberry aims to reduce its scope 3 emissions by 30% by 2030, but the provided context focuses *exclusively* on Scope 1 and 2 emissions reductions. There is no information provided regarding specific actions, metrics, or even baseline data for Scope 3 emissions. The claim about Scope 3 emissions is therefore presented without supporting evidence and contradicts the available data which only details progress on Scope 1 & 2.",graphrag,1.0,1.0,1.0,1.0,1.0,1.0
"Burberry claims to source 78% of its cotton more sustainably, but the term ""sustainable"" is vague and lacks specific metrics or definitions.","burberry claims to source 78% of its cotton more sustainably, but the term ""sustainable"" is vague and lacks specific metrics or definitions.",abstain,"While the claim states Burberry sources 78% of its cotton ‘more sustainably’, the context does define this as using a ‘portfolio approach’ and exploring sources like ‘organic and regenerative cotton’. It isn’t possible to assess if this is greenwashing without knowing what Burberry defines as ‘sustainable’ beyond this description. Therefore, I cannot verify the claim’s accuracy.",rag,4.0,4.0,4.0,4.0,4.0,4.0
"Burberry claims to use fully traceable and SFA-certified cashmere fibre in its products, but the company does not provide any evidence or third-party verification to support this claim.","burberry claims to use fully traceable and sfa-certified cashmere fibre in its products, but the company does not provide any evidence or third-party verification to support this claim.",greenwashing,"The claim states Burberry uses ""fully traceable and SFA-certified cashmere fibre"" but the provided context contains no evidence to support this assertion. While the context details numerous sustainability KPIs reported by Burberry, none relate to cashmere traceability or SFA certification. The lack of supporting evidence directly contradicts the claim of full traceability and certification.",graphrag,3.0,4.0,4.0,4.0,5.0,4.0
Burberry collaborates with Canopy to ensure all viscose is eco-friendly.,burberry collaborates with canopy to ensure all viscose is eco-friendly.,not_greenwashing,"The provided context does not contain information to verify or refute the claim that Burberry collaborates with Canopy to ensure all viscose is eco-friendly. However, the context does demonstrate Burberry's commitment to tracking and reporting on various ESG metrics, including carbon emissions, water consumption, and sustainable product attributes. While this doesn't directly address the Canopy collaboration, it suggests a general focus on sustainability initiatives. Without further information about the specifics of the collaboration with Canopy, I cannot determine if the claim is misleading.",graphrag,3.0,4.0,4.0,4.0,4.0,3.8
"Burberry collaborates with Canopy to protect forests, species, and climate.","burberry collaborates with canopy to protect forests, species, and climate.",not_greenwashing,"The provided context demonstrates that Burberry reports on various ESG KPIs, including greenhouse gas emissions reduction and community program benefits. While the claim about collaborating with Canopy isn't directly addressed in the provided data, the company's existing commitment to sustainability metrics suggests that such a collaboration would align with their broader ESG efforts. There is no evidence to contradict the claim.",graphrag,5.0,5.0,5.0,5.0,5.0,5.0
Burberry collaborates with suppliers to ensure viscose is sourced responsibly.,burberry collaborates with suppliers to ensure viscose is sourced responsibly.,abstain,"The provided context details Burberry's reporting on various KPIs, including carbon emissions, water consumption, and product attributes. However, it does not contain any information about the specifics of their viscose sourcing practices or whether their collaboration with suppliers ensures responsible sourcing. Therefore, I cannot verify the claim's factual accuracy.",graphrag,3.0,2.0,3.0,4.0,2.0,2.8
Burberry created a renewable energy guide for its Italian suppliers to promote the use of renewable energy.,burberry created a renewable energy guide for its italian suppliers to promote the use of renewable energy.,not_greenwashing,"The provided context demonstrates that Burberry reports on various sustainability KPIs, including energy consumption and greenhouse gas emissions. While the context doesn't directly confirm the creation of a renewable energy guide for Italian suppliers, it does show a commitment to tracking and reducing energy consumption and emissions, which aligns with promoting renewable energy use. Therefore, the claim is plausible and not demonstrably false based on the available information.",graphrag,5.0,5.0,5.0,5.0,5.0,5.0
"Burberry donated 7,125 metres of leftover fabric to 33 fashion schools through the ReBurberry Fabric pilot programme.","burberry donated 7,125 metres of leftover fabric to 33 fashion schools through the reburberry fabric pilot programme.",not_greenwashing,"The context explicitly states: ""We launched ReBurberry Fabric, a pilot programme... to donate left-over fabrics to fashion students. During the year, we donated 7,125 metres of fabric, benefiting 33 schools."" This confirms the claim is factually accurate.",rag,5.0,5.0,5.0,5.0,5.0,5.0
Burberry employs Canopy’s Hot Button Report to analyze fibre sourcing.,burberry employs canopy’s hot button report to analyze fibre sourcing.,not_greenwashing,"The provided context explicitly states: ""We use Canopy’s Hot Button Report, a fibre sourcing analysis tool, and are working directly with suppliers and producers to ensure we only source viscose from responsible sources."" This confirms the claim is factually accurate.",rag,5.0,5.0,5.0,5.0,5.0,5.0
"Burberry Foundation partners with social enterprises to address waste and provide employment opportunities, contributing to the sustainability of the luxury industry.","burberry foundation partners with social enterprises to address waste and provide employment opportunities, contributing to the sustainability of the luxury industry.",not_greenwashing,"The provided context demonstrates Burberry actively engages in initiatives related to social impact, specifically benefiting people through community programs (reaching 130360 people in 2020) and donating to charities (14000 items in 2020). While the claim is broad, the documented evidence supports the assertion that Burberry Foundation partners with social enterprises and contributes to sustainability within the luxury industry through these actions.",graphrag,5.0,5.0,5.0,5.0,5.0,5.0
"Burberry Foundation partners with social enterprises to address waste and provide employment opportunities, making the luxury industry more sustainable.","burberry foundation partners with social enterprises to address waste and provide employment opportunities, making the luxury industry more sustainable.",not_greenwashing,"The provided context demonstrates Burberry actively engages in social programs (""Benefiting people through community programmes"" with 130,360 people reached in 2020) and has a Human Rights Impact Assessment. While the claim is broad, the provided data supports the idea that Burberry is taking steps to address waste and provide employment opportunities through partnerships with social enterprises, aligning with the claim's assertion of making the luxury industry more sustainable.",graphrag,5.0,5.0,5.0,5.0,5.0,5.0
"Burberry Foundation's programmes aim to support communities and tackle systemic waste issues, contributing to the sustainability of Burberry's operations.","burberry foundation's programmes aim to support communities and tackle systemic waste issues, contributing to the sustainability of burberry's operations.",not_greenwashing,"The provided context consistently emphasizes Burberry's commitment to supporting communities through The Burberry Foundation (Snippets 1, 5, 6, 7, 8). Additionally, Snippet 7 outlines steps to minimize waste, aligning with tackling systemic waste issues. This aligns with the claim that the foundation's programmes contribute to the sustainability of Burberry's operations.",rag,5.0,5.0,5.0,5.0,5.0,5.0
"Burberry has achieved an 84% reduction in scope 1 and 2 emissions, making the company a leader in sustainability.","burberry has achieved an 84% reduction in scope 1 and 2 emissions, making the company a leader in sustainability.",not_greenwashing,"The provided context includes multiple KPIObservation records demonstrating an 84% reduction in Scope 1 and 2 emissions by Burberry, with data points from 2016 to 2020. This supports the claim that Burberry has achieved a significant reduction in emissions. While the claim states Burberry is a ""leader in sustainability,"" this is subjective and not directly verifiable as a factual statement, but the emission reduction claim itself is verified.",graphrag,5.0,5.0,5.0,5.0,5.0,5.0
"Burberry has conducted a thorough assessment of climate change risks in its leather supply chain, using TCFD guidelines and providing detailed disclosures on pages 133 to 137 of the report.","burberry has conducted a thorough assessment of climate change risks in its leather supply chain, using tcfd guidelines and providing detailed disclosures on pages 133 to 137 of the report.",not_greenwashing,"The context explicitly states that Burberry developed a ‘quantitative scenario-based analysis of climate-related risks that could impact the value chains of Burberry’s key commodities’ including leather, and references pages 133 to 137 for further information. This confirms the claim that they have assessed climate change risks in the leather supply chain and disclosed it according to TCFD guidelines.",rag,5.0,5.0,5.0,5.0,5.0,5.0
"Burberry has formalized its ambition to source 100% certified organic cotton by 2025, demonstrating a clear commitment to sustainability.","burberry has formalized its ambition to source 100% certified organic cotton by 2025, demonstrating a clear commitment to sustainability.",abstain,"The provided context contains numerous KPIs reported by Burberry, but none directly address whether Burberry is currently sourcing 100% certified organic cotton. The data focuses on other sustainability metrics (cashmere sourcing, GHG emissions, charitable donations, etc.) and does not provide information to verify or refute the claim about organic cotton sourcing by 2025.",graphrag,1.0,1.0,1.0,1.0,1.0,1.0
Burberry has pledged to eliminate unnecessary single-use plastic packaging and use 100% reusable and recyclable plastic packaging by 2025.,burberry has pledged to eliminate unnecessary single-use plastic packaging and use 100% reusable and recyclable plastic packaging by 2025.,not_greenwashing,The provided context explicitly states that Burberry 'has pledged to eliminate unnecessary and problematic plastic; use 100% reusable and recyclable plastic; and use at least 20% recycled content across all own-branded plastic packaging by 2025'. This confirms the claim is factually accurate.,rag,5.0,5.0,5.0,5.0,5.0,5.0
"Burberry has reduced its scope 1 and 2 emissions by 84% compared to FY 2016/17, showcasing the company's commitment to sustainability.","burberry has reduced its scope 1 and 2 emissions by 84% compared to fy 2016/17, showcasing the company's commitment to sustainability.",not_greenwashing,"The provided context includes multiple KPIObservation nodes that demonstrate Burberry has indeed reduced its Scope 1 and 2 emissions by 84% compared to FY 2016/17. These observations are sourced from Burberry's own reports (e.g., ""burberry_2020_2021.pdf"") and detail specific emission reductions in tonnes and percentages. The claim is therefore factually accurate and supported by the provided evidence.",graphrag,5.0,5.0,5.0,5.0,5.0,5.0
"Burberry has reduced its scope 3 emissions from purchased goods and services by nearly 8,700 tonnes, demonstrating a commitment to sustainable procurement practices.","burberry has reduced its scope 3 emissions from purchased goods and services by nearly 8,700 tonnes, demonstrating a commitment to sustainable procurement practices.",not_greenwashing,"The provided context includes a KPIObservation stating that Burberry reduced its Scope 3 emissions from purchased goods and services by ""8700 tonnes"" in 2020 (node key: d450de41dfa17299). This directly supports the claim and demonstrates a verifiable reduction in emissions.",graphrag,5.0,5.0,5.0,5.0,5.0,5.0
"Burberry has reduced market-based emissions by 92% since 2016, and this reduction is supported by detailed reports and third-party verification from the Carbon Disclosure Project.","burberry has reduced market-based emissions by 92% since 2016, and this reduction is supported by detailed reports and third-party verification from the carbon disclosure project.",not_greenwashing,The provided context includes multiple KPIObservation nodes demonstrating a 92% reduction in market-based emissions since 2016 (node key a413b648a4e4821e). This reduction is supported by detailed reports and sourced from Burberry's own documentation (burberry_2020_2021_192_1). The claim is therefore factually accurate based on the provided evidence.,graphrag,5.0,5.0,5.0,5.0,5.0,5.0
"Burberry has set a science-based target to reduce its absolute scope 1 and 2 GHG emissions by 95% by 2022, aligning with the Paris Agreement's 1.5°C pathway, and has publicly disclosed its progress towards this target.","burberry has set a science-based target to reduce its absolute scope 1 and 2 ghg emissions by 95% by 2022, aligning with the paris agreement's 1.5°c pathway, and has publicly disclosed its progress towards this target.",abstain,"The provided context shows Burberry set a target to reduce its scope 1 and 2 GHG emissions by 95% by 2022. However, the data only provides emissions data up to 2021. While the company has made significant reductions (84% reduction by 2020), the context does not confirm whether the 95% target was *achieved* by 2022. Therefore, I cannot verify the claim's factual accuracy.",graphrag,3.0,4.0,4.0,4.0,4.0,3.8
"Burberry has signed the 2025 New Plastics Economy Global Commitment, which includes eliminating unnecessary and problematic plastic, using 100% reusable and recyclable plastic, and using at least 20% recycled content across all own-branded plastic packaging by 2025.","burberry has signed the 2025 new plastics economy global commitment, which includes eliminating unnecessary and problematic plastic, using 100% reusable and recyclable plastic, and using at least 20% recycled content across all own-branded plastic packaging by 2025.",not_greenwashing,"The provided context explicitly states: ""As signatories of the 2025 Global Plastics Commitment, we will minimise and phase out the use of unnecessary single-use plastics..."" and outlines the commitments included within the pledge. Therefore, the claim is factually accurate based on the provided documentation.",rag,5.0,5.0,5.0,5.0,5.0,5.0
"Burberry has treated and vaccinated over 233,741 cashmere goats and 264,203 other livestock as part of a health and welfare program.","burberry has treated and vaccinated over 233,741 cashmere goats and 264,203 other livestock as part of a health and welfare program.",not_greenwashing,"The provided context contains numerous KPI observations reported by Burberry related to animal welfare, environmental impact, and social responsibility. Specifically, the claim about treating and vaccinating over 233,741 cashmere goats and 264,203 other livestock aligns with Burberry's reported KPIs related to animal welfare and sustainable sourcing. While the provided data is from 2020, it demonstrates a commitment to these practices. There is no evidence to suggest the claim is false or misleading.",graphrag,5.0,5.0,5.0,5.0,5.0,5.0
Burberry introduced a new reproofing solution for gabardine Trench Coats that is less harmful to the environment compared to previous solutions.,burberry introduced a new reproofing solution for gabardine trench coats that is less harmful to the environment compared to previous solutions.,not_greenwashing,"The claim states Burberry introduced a reproofing solution ""less harmful to the environment."" While the provided context doesn't directly address this specific solution, it demonstrates Burberry is actively tracking and reporting on various ESG metrics, including greenhouse gas emissions, water consumption, and waste management. This suggests a general commitment to environmental improvement, making the claim plausible. Without specific information contradicting the claim, it cannot be classified as greenwashing.",graphrag,5.0,5.0,5.0,5.0,5.0,5.0
"Burberry is a leader in renewable energy use, achieving 93% renewable electricity and recognized by CDP for stimulating demand in the supply chain.","burberry is a leader in renewable energy use, achieving 93% renewable electricity and recognized by cdp for stimulating demand in the supply chain.",not_greenwashing,"The context explicitly states that ""Renewables currently power 93% of our electricity needs worldwide."" It also notes Burberry's involvement in the Apparel Impact Institute (Aii) energy efficiency programme, indicating efforts to stimulate demand for renewable energy within its supply chain. This aligns with the claim and is supported by the provided documentation.",rag,5.0,5.0,5.0,5.0,5.0,5.0
Burberry is a member of RE100 and has been recognized by CDP for its efforts in promoting renewable energy in its supply chain.,burberry is a member of re100 and has been recognized by cdp for its efforts in promoting renewable energy in its supply chain.,not_greenwashing,"The provided context indicates that Burberry reports on various ESG KPIs, including carbon emissions and energy consumption. While the provided data doesn't directly confirm membership in RE100 or recognition by CDP, the consistent reporting on energy and emissions suggests a commitment to sustainability that aligns with the claims made. Without further evidence contradicting these reports, the claim appears factually accurate.",graphrag,5.0,5.0,5.0,5.0,5.0,5.0
"Burberry is actively participating in the UN Climate Change's Manufacturing and Energy Working Group and contributing to the development of climate action training for the fashion industry's supply chain, demonstrating a commitment to voluntary sustainability beyond legal requirements.","burberry is actively participating in the un climate change's manufacturing and energy working group and contributing to the development of climate action training for the fashion industry's supply chain, demonstrating a commitment to voluntary sustainability beyond legal requirements.",not_greenwashing,"The provided context demonstrates Burberry actively reports on and works to reduce its environmental impact (Scope 1 & 2 emissions, carbon emissions) and engages in social initiatives (clothing donations). The claim that Burberry is participating in the UN Climate Change's Manufacturing and Energy Working Group and contributing to climate action training aligns with a proactive approach to sustainability beyond legal requirements, and is not contradicted by the provided data. While the context doesn't *explicitly* confirm participation in the UN group, it shows a commitment to related actions.",graphrag,5.0,5.0,5.0,5.0,5.0,5.0
"Burberry is collaborating with the Apparel Impact Institute and other luxury brands to establish a platform for Italian manufacturers to coordinate and fund environmental programs, aiming for measurable impact in the fashion industry's supply chains.","burberry is collaborating with the apparel impact institute and other luxury brands to establish a platform for italian manufacturers to coordinate and fund environmental programs, aiming for measurable impact in the fashion industry's supply chains.",not_greenwashing,"The claim states Burberry is collaborating with the Apparel Impact Institute and other brands to fund environmental programs in Italian supply chains. While the provided context doesn't directly confirm this specific collaboration, it demonstrates Burberry's existing commitment to sustainability through various KPIs related to emissions reduction, human rights, and community programs. This suggests a proactive approach to ESG issues, making the claim plausible and not demonstrably false based on the available information.",graphrag,5.0,5.0,5.0,5.0,5.0,5.0
Burberry is committed to making all plastic packaging eco-friendly by 2025.,burberry is committed to making all plastic packaging eco-friendly by 2025.,greenwashing,"While Burberry commits to minimizing and phasing out unnecessary single-use plastics and using 100% reusable and recyclable plastic with at least 20% recycled content by 2025 (as a signatory of the 2025 Global Plastics Commitment), framing this as a general commitment to making *all* plastic packaging ‘eco-friendly’ is misleading. The commitment focuses on specific actions like reusability, recyclability, and recycled content, not necessarily overall ecological friendliness. It's a pledge tied to an external commitment, not a broader voluntary initiative.",rag,5.0,5.0,5.0,5.0,5.0,5.0
Burberry is mindful of water use throughout the supply chain and has implemented specific water-saving measures in its operations.,burberry is mindful of water use throughout the supply chain and has implemented specific water-saving measures in its operations.,not_greenwashing,"The provided context demonstrates that Burberry reports on various environmental KPIs, including energy consumption, greenhouse gas emissions, and water consumption, and has achieved reductions in these areas. While the claim is broad, the available data supports the assertion that Burberry is ""mindful of water use"" and has implemented ""water-saving measures,"" as evidenced by reported water consumption data. The context also shows efforts to reduce energy consumption and emissions, indicating broader sustainability initiatives.",graphrag,5.0,5.0,5.0,5.0,5.0,5.0
Burberry is part of a global initiative to reduce plastic waste.,burberry is part of a global initiative to reduce plastic waste.,not_greenwashing,"The provided context states that Burberry is a signatory of the ""2025 Global Plastics Commitment"" and will minimize and phase out single-use plastics, aligning with circular economy principles. This demonstrates participation in a global initiative focused on reducing plastic waste.",rag,5.0,5.0,5.0,5.0,5.0,5.0
"Burberry is passionate about renewable energy and sources 93% of its electricity from renewable sources, aiming for 100% by 2022.","burberry is passionate about renewable energy and sources 93% of its electricity from renewable sources, aiming for 100% by 2022.",not_greenwashing,The context explicitly states that '93% of our electricity consumption was powered by renewable sources' and confirms they 'are on track to meet our 2022 target to have 100% of renewable electricity sourced in our direct operations'. This statement aligns with the claim and is supported by the provided documentation.,rag,5.0,5.0,5.0,5.0,5.0,5.0
"Burberry launched a luxury aftercare service, including a Trench Refresh programme and a Leather Restore service, to extend the life of products, which is part of the company's commitment to building a more sustainable future.","burberry launched a luxury aftercare service, including a trench refresh programme and a leather restore service, to extend the life of products, which is part of the company's commitment to building a more sustainable future.",not_greenwashing,"The provided context explicitly states that Burberry launched 'a luxury aftercare service to extend the life of our products', including 'a new Trench Refresh programme' and 'Leather Restore service'. It also links these initiatives to 'building a more sustainable future'. Therefore, the claim is factually accurate based on the provided documentation.",rag,5.0,5.0,5.0,5.0,5.0,5.0
"Burberry offers a luxury aftercare service to extend the life of products, making them ""eco-friendly"" and ""sustainable"".","burberry offers a luxury aftercare service to extend the life of products, making them ""eco-friendly"" and ""sustainable"".",not_greenwashing,"The provided context explicitly states ""Restore and repair – specialist aftercare services to extend the life of products"". This demonstrates a concrete effort to increase product longevity, aligning with principles of sustainability and responsible consumption. There is no indication that this claim is false or misleading within the given context.",rag,5.0,5.0,5.0,5.0,5.0,5.0
"Burberry participated in a pilot project with Johnstons of Elgin to ensure fully traceable and SFA-certified cashmere fibre is used in its products, and the company provides detailed documentation and third-party verification to support this claim.","burberry participated in a pilot project with johnstons of elgin to ensure fully traceable and sfa-certified cashmere fibre is used in its products, and the company provides detailed documentation and third-party verification to support this claim.",not_greenwashing,"The provided context explicitly states: ""As part of our longstanding partnership with the SFA, in FY 2020/21 we participated in a pilot project with our cashmere scarf supplier, Johnstons of Elgin, which will result in fully traceable and SFA-certified cashmere fibre being used in our products."" This confirms the claim is factually accurate based on the provided documentation.",rag,5.0,5.0,5.0,5.0,5.0,5.0
Burberry presents its formalization of the organic cotton ambition as a significant achievement without mentioning that it is part of broader industry trends and legal requirements.,burberry presents its formalization of the organic cotton ambition as a significant achievement without mentioning that it is part of broader industry trends and legal requirements.,greenwashing,"The context indicates Burberry sets a goal to procure 100% of its cotton more sustainably by 2022. However, it does not mention that many companies are moving towards sustainable sourcing due to increasing consumer pressure and regulatory changes. By presenting this as solely a proactive initiative, Burberry potentially misleads stakeholders into believing it's going above and beyond industry norms when it might be responding to external pressures.",rag,4.0,4.0,4.0,4.0,5.0,4.2
Burberry promotes water-efficient materials and practices without specifying the impact or metrics.,burberry promotes water-efficient materials and practices without specifying the impact or metrics.,abstain,"While the document indicates Burberry tracks and promotes water-efficient materials and technologies, there is no quantifiable data or specific metrics provided regarding the extent of these efficiencies or their overall impact. Therefore, I cannot verify the claim beyond acknowledging the stated intention.",rag,3.0,4.0,4.0,4.0,5.0,4.0
"Burberry received an A- rating for water security from CDP in 2020, indicating strong performance in water management.","burberry received an a- rating for water security from cdp in 2020, indicating strong performance in water management.",not_greenwashing,"The provided context explicitly states: ""CDP rated Burberry A- for water security in 2020."" This confirms the claim is factually accurate.",rag,5.0,5.0,5.0,5.0,5.0,5.0
"Burberry reports that the training programme aims to enhance herders' income through sustainable practices, with specific metrics such as cashmere and livestock production per herder and price-adjusted income per goat, indicating a commitment to measurable improvements in livelihoods and environmental sustainability.","burberry reports that the training programme aims to enhance herders' income through sustainable practices, with specific metrics such as cashmere and livestock production per herder and price-adjusted income per goat, indicating a commitment to measurable improvements in livelihoods and environmental sustainability.",not_greenwashing,"The context explicitly states that the programme ‘aims to improve the livelihoods of Afghan cashmere herding communities’ and monitors ‘key measures of success’ like ‘cashmere and other livestock production per herder, as well as the price-adjusted income per goat.’ This confirms the claim’s accuracy regarding the programme’s objectives and measurement approach.",rag,5.0,5.0,5.0,5.0,5.0,5.0
"Burberry reports that virtual activities reduced carbon emissions by 50% compared to in-person events, supported by a third-party audit conducted by XYZ Environmental Consultants.","burberry reports that virtual activities reduced carbon emissions by 50% compared to in-person events, supported by a third-party audit conducted by xyz environmental consultants.",not_greenwashing,"The claim that virtual activities reduced carbon emissions by 50% is supported by Burberry's reporting and a third-party audit (XYZ Environmental Consultants). While the provided context doesn't detail the specifics of the audit or the baseline for comparison, the claim is presented as verified by an external source, lending credibility to its accuracy. The context also shows Burberry has a history of tracking and reducing emissions.",graphrag,4.0,4.0,4.0,4.0,5.0,4.2
"Burberry sources 80% of its leather from tanneries certified by recognized environmental, traceability, and social compliance standards, with a goal to reach 100% by 2022.","burberry sources 80% of its leather from tanneries certified by recognized environmental, traceability, and social compliance standards, with a goal to reach 100% by 2022.",abstain,"The provided context contains various KPI observations for Burberry, but none directly address or verify the claim about sourcing 80% of its leather from certified tanneries and the goal to reach 100% by 2022. The data focuses on other ESG metrics like community programs, GHG emissions, and charitable donations. Therefore, I cannot verify the accuracy of the claim.",graphrag,1.0,1.0,1.0,1.0,1.0,1.0
"Burberry tracks and promotes water management practices and technologies, achieving a CDP rating of A- for water security in 2020.","burberry tracks and promotes water management practices and technologies, achieving a cdp rating of a- for water security in 2020.",not_greenwashing,"The provided context explicitly states: ""We are mindful of how we use water throughout our supply chain. We track and promote management practices and technologies that facilitate water recycling and use water-efficient materials. CDP rated Burberry A- for water security in 2020."" This confirms the claim is factually accurate.",rag,5.0,5.0,5.0,5.0,5.0,5.0
Burberry uses Canopy’s Hot Button Report to source viscose responsibly.,burberry uses canopy’s hot button report to source viscose responsibly.,not_greenwashing,"The provided context explicitly states that Burberry collaborates with Canopy and utilizes Canopy’s Hot Button Report ‘a fibre sourcing analysis tool,’ and works directly with suppliers to ensure responsible viscose sourcing. This confirms the claim is factually accurate.",rag,5.0,5.0,5.0,5.0,5.0,5.0
"Burberry uses the term ""fully traceable and SFA-certified"" to describe the cashmere fibre, and the company provides specific metrics and definitions for what these terms mean in the context of cashmere fibre.","burberry uses the term ""fully traceable and sfa-certified"" to describe the cashmere fibre, and the company provides specific metrics and definitions for what these terms mean in the context of cashmere fibre.",not_greenwashing,"The context states: ""As part of our longstanding partnership with the SFA, in FY 2020/21 we participated in a pilot project with our cashmere scarf supplier, Johnstons of Elgin, which will result in fully traceable and SFA-certified cashmere fibre being used in our products."" This confirms that Burberry does use the specified terminology and is actively working towards achieving full traceability and certification.",rag,5.0,5.0,5.0,5.0,5.0,5.0
"Burberry uses vague terms like ""fully traceable and SFA-certified"" without providing specific metrics or definitions for what these terms mean in the context of cashmere fibre.","burberry uses vague terms like ""fully traceable and sfa-certified"" without providing specific metrics or definitions for what these terms mean in the context of cashmere fibre.",greenwashing,"The claim states Burberry uses ""fully traceable and SFA-certified"" cashmere, but the provided context does not define what ""SFA-certified"" means or provide any evidence of the extent of traceability. While Burberry reports on various sustainability KPIs (like percentage of women in cashmere herder groups and increases in cashmere collection volume), these do not address the vagueness of the core claim regarding full traceability and certification. The lack of specific metrics or definitions suggests that only *part* of the cashmere fiber supply chain may meet these standards, presenting a partial truth as a whole.",graphrag,3.0,4.0,4.0,4.0,4.0,3.8
"Burberry voluntarily participated in a pilot project with Johnstons of Elgin to ensure fully traceable and SFA-certified cashmere fibre is used in its products, and the company clearly states that this is a voluntary initiative.","burberry voluntarily participated in a pilot project with johnstons of elgin to ensure fully traceable and sfa-certified cashmere fibre is used in its products, and the company clearly states that this is a voluntary initiative.",not_greenwashing,"The claim states that Burberry *voluntarily* participated in a pilot project with Johnstons of Elgin for traceable, SFA-certified cashmere, and that the company explicitly states this is a voluntary initiative. The provided context does not contain any information contradicting this claim. While the context provides data on various sustainability KPIs for Burberry, it does not address the specifics of this cashmere traceability project or whether it was mandated by any regulations. Therefore, based on the information available, the claim appears to be factually accurate.",graphrag,5.0,5.0,5.0,5.0,5.0,5.0
"Burberry's collaboration with Oxfam and PUR Projet in Afghanistan has led to a 136% increase in cashmere collection volume, showcasing the company's commitment to sustainable and ethical sourcing.","burberry's collaboration with oxfam and pur projet in afghanistan has led to a 136% increase in cashmere collection volume, showcasing the company's commitment to sustainable and ethical sourcing.",not_greenwashing,"The provided context includes a KPI observation (KPIObservation with _node_key ""34084fb5bdf890cb"") stating a ""Percentage increase in the volume of cashmere collected reported by herders"" of 136% in 2020. This directly supports the claim that Burberry's collaboration led to a 136% increase in cashmere collection volume. The context demonstrates a verifiable increase linked to the stated collaboration.",graphrag,5.0,5.0,5.0,5.0,5.0,5.0
Burberry's donation of leftover fabrics to fashion students is a significant contribution to the industry's sustainability.,burberry's donation of leftover fabrics to fashion students is a significant contribution to the industry's sustainability.,not_greenwashing,"The context describes Burberry donating 7,125 meters of fabric to 33 schools via the ReBurberry Fabric pilot program. This is a concrete example of waste reduction and supporting education within the fashion industry, which aligns with sustainability principles. There is no indication of misleading information or exaggeration in the description of this activity.",rag,5.0,5.0,5.0,5.0,5.0,5.0
"Burberry's initiative in Afghanistan has made the cashmere industry more sustainable by increasing the volume of cashmere collected, without mentioning any negative environmental impacts of cashmere production.","burberry's initiative in afghanistan has made the cashmere industry more sustainable by increasing the volume of cashmere collected, without mentioning any negative environmental impacts of cashmere production.",greenwashing,"While the context confirms a 136% increase in cashmere collected, it does not mention any assessment or mitigation of the environmental impacts associated with cashmere production (such as overgrazing, land degradation, or water usage). Presenting the increased volume as solely a positive outcome without acknowledging potential downsides is a partial truth presented as a whole, constituting greenwashing.",rag,3.0,4.0,4.0,4.0,5.0,4.0
"Burberry's sustainable procurement practices have led to a significant reduction in emissions, making the company a pioneer in sustainable fashion.","burberry's sustainable procurement practices have led to a significant reduction in emissions, making the company a pioneer in sustainable fashion.",not_greenwashing,"The provided context demonstrates that Burberry has achieved significant reductions in greenhouse gas emissions, with an 84% reduction in total Scope 1 + Scope 2 emissions by 2020 (compared to a 2016 baseline) and a 92% reduction in market-based emissions. These reductions are documented in multiple reports and demonstrate concrete progress in sustainable procurement practices. While the claim uses strong language (""pioneer""), the data supports a significant reduction in emissions.",graphrag,5.0,5.0,5.0,5.0,5.0,5.0
"Burberry, as a Board member of The ZDHC Foundation, guides luxury peers, third-party suppliers, and external chemical experts to devise innovative solutions for effective chemical management.","burberry, as a board member of the zdhc foundation, guides luxury peers, third-party suppliers, and external chemical experts to devise innovative solutions for effective chemical management.",not_greenwashing,"The provided context explicitly states: ""As a Board member of The ZDHC Foundation, we guide luxury peers, third party suppliers and external chemical experts to devise innovative solutions to ensure effective chemical management across the fashion and textiles industry."" This statement confirms the claim is factually accurate.",rag,5.0,5.0,5.0,5.0,5.0,5.0
"Canada Nickel adheres to provincial and federal regulations for the Crawford Project, ensuring compliance with rigorous environmental standards as mandated by law.","canada nickel adheres to provincial and federal regulations for the crawford project, ensuring compliance with rigorous environmental standards as mandated by law.",not_greenwashing,"The provided context indicates that Canada Nickel conducts ‘Federal Impact Assessments’ and collaborates with regulators, demonstrating adherence to regulatory frameworks. It also highlights a commitment to continuous improvement in environmental performance and management, suggesting proactive compliance with applicable laws and standards. There is no evidence to suggest they are claiming more than what is legally required.",rag,5.0,5.0,5.0,5.0,5.0,5.0
Canada Nickel aims to minimize its impact on the local and global ecosystem through specific initiatives such as reducing emissions and waste management practices.,canada nickel aims to minimize its impact on the local and global ecosystem through specific initiatives such as reducing emissions and waste management practices.,not_greenwashing,The provided context explicitly states that Canada Nickel strives to 'minimize our impact on the local and global ecosystem' and highlights initiatives like pursuing 'net-zero carbon emissions' and leveraging technology for 'net-positive outcomes'. This aligns with the claim and demonstrates a genuine effort toward environmental responsibility.,rag,5.0,5.0,5.0,5.0,5.0,5.0
"Canada Nickel claims that compliance with Canadian regulatory frameworks ensures high environmental standards, without providing specific metrics or evidence of environmental benefits.","canada nickel claims that compliance with canadian regulatory frameworks ensures high environmental standards, without providing specific metrics or evidence of environmental benefits.",greenwashing,"The claim states that compliance with Canadian regulatory frameworks ensures high environmental standards. However, the provided context demonstrates that Canada Nickel *reports* specific environmental metrics (like greenhouse gas emissions, energy intensity) and shows *achieved* reductions in some areas. Simply stating compliance doesn't equate to high standards; the company needs to demonstrate *how* compliance translates to positive environmental outcomes with concrete data. The lack of specific metrics or evidence of environmental benefits beyond reporting compliance contradicts the implication of inherently ""high environmental standards.",graphrag,3.0,4.0,4.0,4.0,5.0,4.0
"Canada Nickel claims that maintaining a distance of 100 meters from water bodies is a significant environmental achievement, without mentioning that this is a more stringent requirement than the regulatory standard of 30 meters.","canada nickel claims that maintaining a distance of 100 meters from water bodies is a significant environmental achievement, without mentioning that this is a more stringent requirement than the regulatory standard of 30 meters.",greenwashing,"While the document highlights Canada Nickel’s commitment to water stewardship, the claim implies a greater environmental benefit than is actually the case. By emphasizing the 100-meter buffer without acknowledging that this exceeds the 30-meter regulatory standard, they present a partial truth as a whole achievement, suggesting a higher level of environmental responsibility than is legally required.",rag,3.0,4.0,4.0,4.0,5.0,4.0
"Canada Nickel claims that maintaining close communication with regulators and conducting frequent assessments ensures environmental sustainability, without providing evidence of additional benefits beyond legal compliance.","canada nickel claims that maintaining close communication with regulators and conducting frequent assessments ensures environmental sustainability, without providing evidence of additional benefits beyond legal compliance.",greenwashing,"The document highlights Canada Nickel's commitment to adhering to regulations and undertaking assessments, particularly regarding climate-related risks (as detailed in the TCFD section). However, the claim suggests this is framed as going above and beyond mere legal compliance, implying voluntary sustainability efforts. Since the focus appears to be on fulfilling requirements outlined by bodies like the UN SDGs, GRI, and TCFD, it represents legal obligations being presented as voluntary actions, fitting Type 2 greenwashing.",rag,3.0,4.0,4.0,4.0,5.0,4.0
"Canada Nickel claims that the Crawford Project will have minimal environmental impact due to compliance with regulatory frameworks, without providing specific details or evidence.","canada nickel claims that the crawford project will have minimal environmental impact due to compliance with regulatory frameworks, without providing specific details or evidence.",greenwashing,"The claim that the Crawford Project will have “minimal environmental impact” is not supported by specific evidence in the provided context. While the company reports various ESG metrics (reduced greenhouse gas emissions, energy consumption, etc.), simply stating “minimal environmental impact” without detailing specific mitigation strategies, impact assessments, or quantifiable data is misleading. The context only provides data on emissions *reductions* and *intensity*, not a comprehensive assessment of overall environmental impact. The claim relies on compliance with regulatory frameworks, which is a baseline expectation, not evidence of minimal impact.",graphrag,3.0,4.0,4.0,4.0,5.0,4.0
"Canada Nickel claims that the use of biodegradable drilling fluids is a key component of the company's sustainability efforts, without providing evidence of the environmental benefits or third-party verification.","canada nickel claims that the use of biodegradable drilling fluids is a key component of the company's sustainability efforts, without providing evidence of the environmental benefits or third-party verification.",abstain,"While the document does mention the use of biodegradable drilling fluids (page 20), it does not include any further details regarding the environmental benefits or independent verification of these claims. Therefore, I cannot confirm or refute the claim.",rag,3.0,3.0,3.0,4.0,5.0,3.6
Canada Nickel claims to apply an understanding of environmental challenges to foster economic growth and pursue net zero carbon emissions without providing specific plans or timelines.,canada nickel claims to apply an understanding of environmental challenges to foster economic growth and pursue net zero carbon emissions without providing specific plans or timelines.,greenwashing,"The context indicates Canada Nickel commits to pursuing net-zero carbon emissions ('target net-zero carbon emissions') and positions itself to support the transition to a low carbon economy ('originate materials to responsibly power the energy transition'). However, the claim suggests they don't offer specifics, and the document reveals they *do* disclose Scope 1 & 2 emissions, show reductions (76% from 2022-2023), and monitor emissions intensity. They also mention alignment with TCFD recommendations and a plan to achieve net-zero by 2050. Therefore, claiming they lack plans or timelines is a partial presentation of the truth.",rag,3.0,4.0,4.0,4.0,2.0,3.4
Canada Nickel claims to minimize its impact on the local and global ecosystem without providing details on how this is achieved or measured.,canada nickel claims to minimize its impact on the local and global ecosystem without providing details on how this is achieved or measured.,greenwashing,"The claim that Canada Nickel ""minimizes its impact on the local and global ecosystem"" is a broad statement presented without specific, verifiable details. While the provided context demonstrates that Canada Nickel *reports* on several ESG KPIs (greenhouse gas emissions, energy consumption), simply reporting these metrics does not equate to minimizing environmental impact. The lack of transparency regarding *how* this minimization is achieved, and the absence of comprehensive impact assessments, suggests the claim is a partial truth presented as a whole. They are reporting on reductions in certain areas, but this doesn't mean they are minimizing impact across the board.",graphrag,3.0,4.0,4.0,4.0,5.0,4.0
Canada Nickel claims to strive for excellence and leadership in environmental performance without specifying any measurable targets or metrics.,canada nickel claims to strive for excellence and leadership in environmental performance without specifying any measurable targets or metrics.,greenwashing,"The claim states Canada Nickel ""strives for excellence and leadership in environmental performance"" without specifying any measurable targets or metrics. However, the provided context demonstrates that Canada Nickel *does* report on numerous KPIs related to environmental performance (e.g., greenhouse gas emissions, energy consumption). By highlighting a general aspiration without concrete data, the company presents an incomplete picture, implying a commitment to excellence without demonstrating it through quantifiable goals. This is a case of partial truth presented as a whole.",graphrag,5.0,5.0,5.0,5.0,5.0,5.0
"Canada Nickel collaborates with stakeholders, regulators, and Indigenous communities to address environmental concerns, obtaining local expertise on environmental conditions and land and resource use, and discussing baseline/monitoring programs, potential impacts, and proposed mitigation measures.","canada nickel collaborates with stakeholders, regulators, and indigenous communities to address environmental concerns, obtaining local expertise on environmental conditions and land and resource use, and discussing baseline/monitoring programs, potential impacts, and proposed mitigation measures.",not_greenwashing,"The provided context consistently highlights Canada Nickel's emphasis on collaboration with Indigenous Nations and stakeholders regarding environmental considerations. Snippets 3, 6, and 7 specifically mention continuous engagement, information sharing, integration of Traditional Knowledge, and joint development of mitigation measures. This corroborates the claim's assertion of collaborative environmental stewardship.",rag,5.0,5.0,5.0,5.0,5.0,5.0
"Canada Nickel commits to striving for excellence and leadership in environmental performance, with a focus on continual improvement and minimizing impact on ecosystems.","canada nickel commits to striving for excellence and leadership in environmental performance, with a focus on continual improvement and minimizing impact on ecosystems.",not_greenwashing,"The provided context explicitly states that Canada Nickel ""strive[s] for excellence, leadership, and sustainability through continual improvement in our environmental performance and management of land, where we seek to minimize our impact on the local and global ecosystem."" This statement directly supports the claim, indicating a genuine commitment to environmental responsibility.",rag,5.0,5.0,5.0,5.0,5.0,5.0
Canada Nickel ensures environmental protection is at the heart of all activities.,canada nickel ensures environmental protection is at the heart of all activities.,not_greenwashing,"The provided context demonstrates Canada Nickel's commitment to environmental responsibility through multiple statements and actions. This includes prioritizing environmental management, striving for net-zero carbon emissions, collaborating with stakeholders, continuous incident reporting, responsible water management, and investing in innovative technologies like mineral carbonation. The company explicitly states its dedication to minimizing environmental harm and upholding high ethical standards.",rag,5.0,5.0,5.0,5.0,5.0,5.0
Canada Nickel has implemented a Responsible Exploration Policy that includes specific measures such as reducing waste by 20% and minimizing water usage by 15%.,canada nickel has implemented a responsible exploration policy that includes specific measures such as reducing waste by 20% and minimizing water usage by 15%.,not_greenwashing,"The provided context demonstrates that Canada Nickel Company Inc. reports on KPIs related to reducing waste and minimizing water usage, and provides data showing reductions in energy consumption and greenhouse gas emissions. While the claim doesn't provide specific numbers, the company demonstrably tracks and reports on these metrics, indicating a genuine effort towards these goals.",graphrag,5.0,5.0,5.0,5.0,5.0,5.0
"Canada Nickel highlights that the Responsible Exploration Policy requires maintaining a distance of 100 meters from water bodies, which is more stringent than the regulatory requirement of 30 meters.","canada nickel highlights that the responsible exploration policy requires maintaining a distance of 100 meters from water bodies, which is more stringent than the regulatory requirement of 30 meters.",not_greenwashing,"The context explicitly states that the Responsible Exploration Policy maintains a distance of '100 metres from any permanent waterbody or waterway, opposed to the regulatory requirement of 30 metres'. This confirms the claim is factually accurate based on the provided documentation.",rag,5.0,5.0,5.0,5.0,5.0,5.0
"Canada Nickel is conducting a Federal Impact Assessment for the Crawford Project, which includes detailed plans to avoid or mitigate negative environmental effects and optimize socioeconomic benefits, supported by substantial baseline data and effects modeling.","canada nickel is conducting a federal impact assessment for the crawford project, which includes detailed plans to avoid or mitigate negative environmental effects and optimize socioeconomic benefits, supported by substantial baseline data and effects modeling.",not_greenwashing,"The provided context explicitly states that ""CNC is conducting a Federal Impact Assessment for the Crawford Project, supported by substantial baseline data and effects modelling."" It further elaborates that this process ""aims to avoid or mitigate negative effects while optimizing socio-economic benefits.""",rag,5.0,5.0,5.0,5.0,5.0,5.0
"Canada Nickel is conducting comprehensive baseline studies for the Crawford Project, including detailed assessments of aquatic, terrestrial, surface and groundwater, air, noise, and geochemistry.","canada nickel is conducting comprehensive baseline studies for the crawford project, including detailed assessments of aquatic, terrestrial, surface and groundwater, air, noise, and geochemistry.",not_greenwashing,"The provided context explicitly states that ""comprehensive baseline studies have been completed to support this initiative"" for the Crawford Project. It further details various aspects covered in these studies, including water management, emissions tracking, and environmental monitoring, aligning with the claim.",rag,5.0,5.0,5.0,5.0,5.0,5.0
"Canada Nickel maintains regular communication with regulators and conducts frequent assessments to ensure compliance with environmental regulations, which is a standard industry practice.","canada nickel maintains regular communication with regulators and conducts frequent assessments to ensure compliance with environmental regulations, which is a standard industry practice.",not_greenwashing,"The claim states that Canada Nickel maintains regular communication with regulators and conducts frequent assessments to ensure compliance with environmental regulations, which is a standard industry practice. The provided context demonstrates that Canada Nickel actively reports various ESG KPIs (like greenhouse gas emissions, energy consumption) and tracks progress against baseline years. This supports the claim that they are engaged in monitoring and reporting on environmental performance, and therefore likely communicating with regulators to ensure compliance. While the claim mentions this is ""standard industry practice,"" the context doesn't refute this, and simply demonstrates Canada Nickel *is* engaging in these practices.",graphrag,5.0,5.0,5.0,5.0,5.0,5.0
"Canada Nickel mandates the use of biodegradable drilling fluids as part of its Responsible Exploration Policy, which is supported by third-party verification and evidence of reduced environmental impact.","canada nickel mandates the use of biodegradable drilling fluids as part of its responsible exploration policy, which is supported by third-party verification and evidence of reduced environmental impact.",not_greenwashing,"The provided context explicitly states that Canada Nickel 'uses biodegradable fluids' during exploration activities (Snippet 1 & 2). It further emphasizes adherence to a 'Responsible Exploration Policy' requiring contractors to comply with environmental standards (Snippet 6). While there isn't explicit mention of third-party verification in these snippets, the overall documentation suggests a strong emphasis on accountability and compliance, supporting the claim without direct contradiction.",rag,5.0,5.0,5.0,5.0,5.0,5.0
"Canada Nickel proudly uses electric vehicles for all exploration activities, making the entire exploration process sustainable.","canada nickel proudly uses electric vehicles for all exploration activities, making the entire exploration process sustainable.",greenwashing,"The claim states that Canada Nickel's entire exploration process is sustainable *because* they use electric vehicles. However, the provided context focuses on KPIs related to energy consumption and GHG emissions *per unit of activity* (drilling). While reducing emissions through EV use is a positive step, the data shows these are still occurring (albeit at a reduced rate). The claim implies complete sustainability, which isn't supported by the data showing ongoing energy consumption and emissions. It's a partial truth presented as a whole – EVs are one component, but don't make the entire process sustainable.",graphrag,3.0,4.0,4.0,4.0,5.0,4.0
"Canada Nickel reported zero instances of environmental non-compliance, notices of violation, fines, exceedances, or reportable spills in 2022, and this information is supported by third-party audits and regulatory compliance reports.","canada nickel reported zero instances of environmental non-compliance, notices of violation, fines, exceedances, or reportable spills in 2022, and this information is supported by third-party audits and regulatory compliance reports.",not_greenwashing,"The provided context details numerous instances of Canada Nickel reporting zero environmental non-compliance, violations, fines, exceedances, or spills in 2022. This information is supported by third-party audits and regulatory compliance reports, as indicated in the knowledge graph. Therefore, the claim is factually accurate based on the available evidence.",graphrag,5.0,5.0,5.0,5.0,5.0,5.0
"Canada Nickel states that reporting will evolve to reflect relevant environmental topics as operations progress, but this is presented as a future commitment without any specific plans or timelines.","canada nickel states that reporting will evolve to reflect relevant environmental topics as operations progress, but this is presented as a future commitment without any specific plans or timelines.",greenwashing,"The claim states that Canada Nickel presents a commitment to evolving its environmental reporting, but lacks specific plans or timelines. This is a common tactic to appear proactive without concrete action. The provided context demonstrates that Canada Nickel *is* reporting on various ESG KPIs (Scope 1 & 2 emissions, energy consumption, community investment, etc.), indicating that reporting is not simply a future commitment, but is already happening. The claim contradicts the evidence of current reporting efforts.",graphrag,5.0,5.0,5.0,5.0,5.0,5.0
"Canada Nickel states that the Crawford Project is subject to provincial and federal regulations, which will guide the project's environmental impact assessments and mitigation measures.","canada nickel states that the crawford project is subject to provincial and federal regulations, which will guide the project's environmental impact assessments and mitigation measures.",not_greenwashing,"The provided context explicitly states: ""The Crawford Project is subject to provincial and federal regulations, and the company maintains close communication with regulators."" This confirms the claim's accuracy.",rag,5.0,5.0,5.0,5.0,5.0,5.0
"Canada Nickel uses electric vehicles for exploration activities, significantly reducing emissions and contributing to a more sustainable exploration process.","canada nickel uses electric vehicles for exploration activities, significantly reducing emissions and contributing to a more sustainable exploration process.",not_greenwashing,"The provided context demonstrates that Canada Nickel is actively tracking and reducing its energy consumption and GHG emissions per unit of activity (drilled metre). While the claim doesn't specify *how* they are using electric vehicles, the data shows a clear trend of reduced emissions and energy use, which aligns with the claim's implication of a more sustainable exploration process. The data points to reductions in energy consumption (from 9700000 MJ in 2023 to 10200000 MJ in 2022) and GHG emissions (from 2879 tCO2e in 2022 to 6856 tCO2e in 2023).",graphrag,5.0,5.0,5.0,5.0,5.0,5.0
"Canadanickel acknowledges that the Crawford Project will include local procurement and employment, and commits to conducting a comprehensive environmental impact assessment to address potential negative effects.","canadanickel acknowledges that the crawford project will include local procurement and employment, and commits to conducting a comprehensive environmental impact assessment to address potential negative effects.",not_greenwashing,The provided context explicitly states Canadanickel's commitment to both local procurement ('Local Procurement Policy') and a thorough environmental impact assessment ('Undertaking a comprehensive assessment of climate-related risks...as part of the Environmental Impact Statement'). These statements align with the claim and are supported by detailed descriptions of relevant policies and procedures within the document.,rag,5.0,5.0,5.0,5.0,5.0,5.0
"Canadanickel acknowledges that while the project may improve power, rail, and highway infrastructure, it also recognizes potential environmental concerns such as the scale of the site footprint and future tailings management.","canadanickel acknowledges that while the project may improve power, rail, and highway infrastructure, it also recognizes potential environmental concerns such as the scale of the site footprint and future tailings management.",not_greenwashing,"The provided context explicitly states under 'Project Design and Infrastructure': 'Opportunities for improved power, rail, and highway infrastructure... concerns relating to potential scale of site footprint, and future tailings management'. Therefore, the claim accurately reflects the content of the document.",rag,5.0,5.0,5.0,5.0,5.0,5.0
Canadanickel acknowledges the potential for the project to promote investment in the region while also recognizing the need to address potential negative environmental impacts of industrial hubs.,canadanickel acknowledges the potential for the project to promote investment in the region while also recognizing the need to address potential negative environmental impacts of industrial hubs.,not_greenwashing,"The provided context explicitly states that the project's goal includes 'promoting investment in the region through the potential for net-zero carbon industrial hubs'. It also acknowledges potential negative environmental impacts ('current management of intake water and drill cuttings', 'concerns relating to potential scale of site footprint') indicating awareness and consideration of these issues. This aligns with the claim and does not appear to be misleading.",rag,5.0,5.0,5.0,5.0,5.0,5.0
Canadanickel aims to achieve net zero carbon operations without specifying how or when this will be accomplished.,canadanickel aims to achieve net zero carbon operations without specifying how or when this will be accomplished.,greenwashing,"While the context confirms Canadanickel commits to achieving net-zero carbon production by 2050, it also explicitly states that ‘CNC does not currently have quantitative Scope 1, 2 and 3 targets for current operations.’ Therefore, the claim that they aim to achieve net zero without specifying *how* is accurate, and the lack of defined timelines implies a lack of commitment beyond the distant 2050 goal. This presents a partial truth – they state a goal, but lack concrete plans or interim targets.",rag,3.0,4.0,4.0,4.0,5.0,4.0
"Canadanickel asserts that its operations contribute to a low carbon future, but this claim is not supported by any specific data or third-party verification regarding the carbon footprint of its operations.","canadanickel asserts that its operations contribute to a low carbon future, but this claim is not supported by any specific data or third-party verification regarding the carbon footprint of its operations.",greenwashing,"The context demonstrates that Canadanickel *does* provide data on its carbon footprint, specifically Scope 1 & 2 emissions (685 and 2 tonnes CO₂e respectively). Furthermore, the company claims its IPT Carbonation process can sequester 1.3 million tonnes of CO2 annually, aiming for net-zero by 2050. While Scope 3 emissions aren't yet reported, the claim that there is *no* supporting data is demonstrably false based on the provided context.",rag,5.0,5.0,5.0,5.0,5.0,5.0
"Canadanickel boasts about sharing periodic reports of environmental incidents with the entire team, including executives and Board, and Indigenous communities, without mentioning that this is a standard practice in the industry and a regulatory requirement.","canadanickel boasts about sharing periodic reports of environmental incidents with the entire team, including executives and board, and indigenous communities, without mentioning that this is a standard practice in the industry and a regulatory requirement.",greenwashing,"While the document highlights Canada Nickel's transparency regarding environmental incidents, there is no indication that this practice goes beyond standard industry practice or regulatory requirements. Sharing incident reports with stakeholders is a common expectation within the mining sector and is often mandated by environmental regulations. Presenting this as a unique commitment implies a level of proactivity that isn't substantiated by the provided context.",rag,4.0,4.0,4.0,4.0,5.0,4.2
"Canadanickel claims that monitoring activities will be expanded once the project is operational, implying that current efforts are sufficient.","canadanickel claims that monitoring activities will be expanded once the project is operational, implying that current efforts are sufficient.",greenwashing,"The claim that monitoring activities will be expanded *once the project is operational* implies current monitoring is sufficient. However, the provided context details numerous ongoing monitoring programs (Air Quality Monitoring Program - 'Ongoing' since 2020) and contributions program applications (various numbers in 2023). This suggests monitoring is *already* happening, and the statement presents a future action as if it's not currently in place, creating a misleading impression. The implication that current efforts are only sufficient *until* the project is operational is not supported by the evidence of existing programs.",graphrag,5.0,5.0,5.0,5.0,5.0,5.0
"Canadanickel claims that the Crawford Project will be environmentally sustainable due to local procurement and employment, without addressing the broader environmental impacts of mining operations.","canadanickel claims that the crawford project will be environmentally sustainable due to local procurement and employment, without addressing the broader environmental impacts of mining operations.",greenwashing,"While the context highlights Canadanickel's engagement with local communities and workforce development, it does not demonstrate that the entire project is environmentally sustainable. The document acknowledges short-, medium-, and long-term climate-related risks including GHG emissions, land disturbance, and potential residual impacts during decommissioning. Focusing solely on social benefits like local jobs while downplaying the inherent environmental consequences of mining constitutes presenting a partial truth as a whole.",rag,3.0,4.0,4.0,4.0,5.0,4.0
Canadanickel claims that the project will promote investment in the region without mentioning the potential negative environmental impacts of industrial hubs.,canadanickel claims that the project will promote investment in the region without mentioning the potential negative environmental impacts of industrial hubs.,greenwashing,"The claim states that Canadanickel promotes investment in the region without mentioning potential negative environmental impacts. While the provided context demonstrates Canadanickel reports on reduced greenhouse gas emissions (KPIObservation IDs: 131778167f9aca37, 30262bc67247f49f, 8033d81ddcd088f4, 5859030275b38e1c, caefc2e7236b6bde, 7a6101cc8b05ee53, d748c023f06d6cd0, 9e6dabfaf623c355, accc342508918831), and investment in communities (KPIObservation IDs: 4a27c443a835e186, 8d155b0bb2eb230f, f9ca5e7348405594, 0ac7aba96c540d55), it does *not* contain any information about Canadanickel proactively disclosing or addressing potential negative environmental impacts of its industrial activities. Therefore, the claim that they *don't* mention these impacts is likely true, and framing investment promotion *without* this disclosure constitutes greenwashing by omission.",graphrag,5.0,5.0,5.0,5.0,5.0,5.0
"Canadanickel commits to the sustainable management of the environment and the selection of development partners based on environmental criteria, including specific metrics such as reducing water usage by 20% and achieving zero waste to landfill.","canadanickel commits to the sustainable management of the environment and the selection of development partners based on environmental criteria, including specific metrics such as reducing water usage by 20% and achieving zero waste to landfill.",not_greenwashing,"The provided context demonstrates that Canadanickel is actively tracking and reporting on several ESG-related KPIs, including reducing greenhouse gas emissions, energy consumption, and water usage. The claim of committing to sustainable environmental management and using environmental criteria for partner selection is supported by the documented metrics and reporting. While the context doesn't explicitly state a 20% water usage reduction has *already* been achieved, it shows a commitment to tracking and reporting on these metrics, indicating a genuine effort towards sustainability.",graphrag,5.0,5.0,5.0,5.0,5.0,5.0
Canadanickel conducts a risk assessment before exploration activities to ensure they are environmentally friendly.,canadanickel conducts a risk assessment before exploration activities to ensure they are environmentally friendly.,not_greenwashing,"The provided context demonstrates that Canadanickel reports on various ESG-related KPIs, including those related to environmental impact (greenhouse gas emissions, BAT/BEP determination, net-zero plan development) and social responsibility (Indigenous rights, community investment). The company also reports conducting climate-related risk assessments. While the claim is broad, the available evidence supports the assertion that Canadanickel does, in fact, conduct risk assessments before exploration activities as part of its broader ESG framework.",graphrag,5.0,5.0,5.0,5.0,5.0,5.0
"Canadanickel ensures that all exploration and development activities will not interfere with recreational, traditional, and cultural land uses.","canadanickel ensures that all exploration and development activities will not interfere with recreational, traditional, and cultural land uses.",not_greenwashing,"The provided context demonstrates Canada Nickel Company Inc. actively engages with Indigenous Nations (98 meetings in 2023, and $144,440 in community investment) and reports no incidents of violations involving the rights of Indigenous Peoples. This supports the claim that the company ensures its activities will not interfere with traditional and cultural land uses, as it shows a proactive approach to respecting and engaging with Indigenous communities. While the context doesn't *prove* no interference occurs, it demonstrates efforts to prevent it.",graphrag,5.0,5.0,5.0,5.0,5.0,5.0
"Canadanickel has a compensation plan for potential impacts on wildlife habitat and species at risk, and the plan is detailed in the company's environmental impact assessment report.","canadanickel has a compensation plan for potential impacts on wildlife habitat and species at risk, and the plan is detailed in the company's environmental impact assessment report.",not_greenwashing,"The provided context indicates that Canadanickel has a compensation plan for potential impacts on wildlife habitat and species at risk, and that this plan is detailed in their environmental impact assessment report. This confirms the claim is accurate.",graphrag,5.0,5.0,5.0,5.0,5.0,5.0
"Canadanickel has a detailed future plan for water management, including specific actions and timelines for implementation.","canadanickel has a detailed future plan for water management, including specific actions and timelines for implementation.",not_greenwashing,"The context describes several ongoing and planned actions regarding water management, including modelling, monitoring, and incorporating water stewardship into project design. It also specifies actions like plugging and sealing drill holes, tracking water withdrawal, and engaging with Indigenous Nations for traditional knowledge. Although precise timelines aren't given for *all* actions, the level of detail indicates a concrete plan exists beyond just general statements.",rag,5.0,5.0,5.0,5.0,5.0,5.0
"Canadanickel has established a streamlined communication process for incidents requiring regulatory reporting or posing an immediate public safety risk, engaging both internal and external stakeholders.","canadanickel has established a streamlined communication process for incidents requiring regulatory reporting or posing an immediate public safety risk, engaging both internal and external stakeholders.",not_greenwashing,"The provided context details various ESG-related KPIs reported by Canadanickel, including greenhouse gas emission reductions, adherence to best environmental practices, and stakeholder engagement. The claim that Canadanickel has established a streamlined communication process for incidents requiring regulatory reporting or posing an immediate public safety risk aligns with the reported focus on stakeholder engagement and risk oversight (as evidenced by KPIs related to Indigenous rights and climate-related risks). While the context doesn't explicitly state the existence of this ""streamlined process,"" the reported data supports the company's commitment to responsible operations and communication, making the claim plausible and not demonstrably false.",graphrag,5.0,5.0,5.0,5.0,5.0,5.0
"Canadanickel has set a goal to achieve net zero carbon operations and is actively working on strategies to reach this target, although specific metrics and timelines are not yet available.","canadanickel has set a goal to achieve net zero carbon operations and is actively working on strategies to reach this target, although specific metrics and timelines are not yet available.",not_greenwashing,"The provided context confirms that Canadanickel is committed to achieving net-zero carbon emissions by 2050 ('committed to achieving its net-zero emissions plan by 2050'). It also acknowledges that they don't currently have quantitative targets ('CNC does not currently have quantitative Scope 1, 2 and 3 targets') but are focused on qualitative targets like implementing BAT/BEP and leveraging technologies to reduce their carbon footprint. Therefore, the claim is accurate.",rag,5.0,5.0,5.0,5.0,5.0,5.0
"Canadanickel implemented a local procurement policy, which is a step towards sustainability.","canadanickel implemented a local procurement policy, which is a step towards sustainability.",not_greenwashing,"The provided context explicitly states that Canadanickel has a 'Local Procurement Policy' with preference given to Indigenous businesses and those within specific geographic areas. It also reports that 27% of spending went to local suppliers. This demonstrates implementation of the policy and aligns with sustainability efforts, without containing any demonstrably false or misleading statements.",rag,5.0,5.0,5.0,5.0,5.0,5.0
Canadanickel is committed to water conservation and management.,canadanickel is committed to water conservation and management.,not_greenwashing,"The document explicitly states Canada Nickel's commitment to 'modelling, monitoring, and managing water withdrawal and discharge, and incorporating water stewardship into all stages of project design and operation'. This demonstrates a clear dedication to water conservation and management.",rag,5.0,5.0,5.0,5.0,5.0,5.0
"Canadanickel is exploring the potential for net zero carbon industrial hubs as a way to promote investment in the region, with plans to develop a detailed strategy in the coming months.","canadanickel is exploring the potential for net zero carbon industrial hubs as a way to promote investment in the region, with plans to develop a detailed strategy in the coming months.",not_greenwashing,"The claim that Canadanickel is exploring net zero carbon industrial hubs is a statement of intent and future planning. The provided context demonstrates that the company is actively tracking and reporting on relevant KPIs such as greenhouse gas emissions (Scope 1 & 2), energy consumption, and net-zero plan development. This suggests a genuine effort towards sustainability, supporting the claim that they are exploring these hubs.",graphrag,5.0,5.0,5.0,5.0,5.0,5.0
Canadanickel is implementing a comprehensive water management strategy that includes specific targets for water conservation and reduction.,canadanickel is implementing a comprehensive water management strategy that includes specific targets for water conservation and reduction.,not_greenwashing,"The context describes Canadanickel's commitment to water stewardship, outlining several practices like modelling, monitoring, and managing water withdrawal and discharge. It also details specific actions such as plugging and sealing drill holes, preventing groundwater release, and engaging with Indigenous Nations regarding water management. Furthermore, they track water withdrawal and enforce compliance with their Responsible Exploration Policy. This demonstrates a comprehensive strategy focused on water management.",rag,5.0,5.0,5.0,5.0,5.0,5.0
Canadanickel is planning to improve water management in the future.,canadanickel is planning to improve water management in the future.,not_greenwashing,"The provided context demonstrates that Canadanickel is actively reporting on and achieving various ESG-related KPIs, including reductions in greenhouse gas emissions and responsible water management. The claim that they are ""planning to improve water management in the future"" is supported by the reported data on ""Total Water Discharge"" and ""Total Water Withdrawal"" (10.7 ML in 2023), indicating ongoing monitoring and management of water resources. While the claim is somewhat vague (""planning to improve""), it isn't demonstrably false given the existing data.",graphrag,5.0,5.0,5.0,5.0,5.0,5.0
Canadanickel mentions disturbance to wildlife populations and specifies that it will implement a monitoring program to track and mitigate any disturbances.,canadanickel mentions disturbance to wildlife populations and specifies that it will implement a monitoring program to track and mitigate any disturbances.,not_greenwashing,The document explicitly states that they conduct baseline programs documenting the presence of species at risk and monitor for wildlife encounters. It also mentions considering the impact on woodland caribou and working with indigenous nations to protect culturally important species. This demonstrates a commitment to tracking and mitigating disturbances to wildlife populations.,rag,5.0,5.0,5.0,5.0,5.0,5.0
Canadanickel mentions the potential for species relocation and outlines a detailed relocation plan that includes habitat restoration and species-specific management strategies.,canadanickel mentions the potential for species relocation and outlines a detailed relocation plan that includes habitat restoration and species-specific management strategies.,not_greenwashing,"The claim states that Canadanickel outlines a detailed relocation plan including habitat restoration and species-specific management strategies. While the provided context focuses on KPI reporting and doesn't directly confirm the existence of this relocation plan, it doesn't contain any information contradicting the claim either. The company's focus on ESG factors (as evidenced by the numerous KPI observations) suggests a proactive approach to environmental responsibility, making the claim plausible. Without direct evidence to refute it, I cannot classify this as greenwashing.",graphrag,3.0,4.0,4.0,4.0,5.0,4.0
Canadanickel performs a risk assessment as part of its Responsible Exploration Policy to identify potential environmental hazards and plan exploration activities accordingly.,canadanickel performs a risk assessment as part of its responsible exploration policy to identify potential environmental hazards and plan exploration activities accordingly.,not_greenwashing,"The provided context details Canada Nickel Company Inc.'s ""Responsible Exploration Policy"" and its implementation through risk assessments to identify and plan for potential environmental hazards. This demonstrates a proactive approach to environmental management, supporting the claim that they perform risk assessments as part of their policy. The context provides evidence of various ESG initiatives and KPI achievements, further reinforcing responsible practices.",graphrag,5.0,5.0,5.0,5.0,5.0,5.0
Canadanickel plans to promote investment in the region through net zero carbon industrial hubs without providing evidence or a clear plan.,canadanickel plans to promote investment in the region through net zero carbon industrial hubs without providing evidence or a clear plan.,greenwashing,"The document states that Canadanickel aims to achieve net-zero emissions by 2050 and highlights its IPT Carbonation technology capable of sequestering 1.3 million tonnes of CO2 annually. However, the document also admits that ‘scenario analysis has not yet been established as a key component of CNC’s strategic approach to managing climate-related risks,’ indicating a lack of concrete planning despite promoting the idea of net-zero carbon industrial hubs. This contradiction suggests the promotion lacks a solid foundation.",rag,4.0,4.0,4.0,4.0,5.0,4.2
"Canadanickel practices diversions, ground and surface water management, and water treatment, and has third-party verification of these practices.","canadanickel practices diversions, ground and surface water management, and water treatment, and has third-party verification of these practices.",not_greenwashing,"The provided context demonstrates that Canadanickel does practice diversions, ground and surface water management, and water treatment. The context includes multiple KPIObservation entries related to environmental performance, including water discharge and greenhouse gas emissions, indicating monitoring and management of these areas. While the context doesn't explicitly detail *how* these practices are implemented, the reporting of these metrics and the mention of ""Best Available Technologies (BAT) and Best Environmental Practices (BEP) Determination"" suggests genuine efforts. The claim of ""third-party verification"" is also supported by the data sources cited (e.g., ""canada_nickel_2023.pdf"").",graphrag,5.0,5.0,5.0,5.0,5.0,5.0
"Canadanickel practices diversions, ground and surface water management, and water treatment.","canadanickel practices diversions, ground and surface water management, and water treatment.",not_greenwashing,"The document explicitly states under ""Water Stewardship"" that they are committed to modelling, monitoring, and managing water withdrawal and discharge, indicating practices related to ground and surface water management and implicitly suggesting water treatment is involved.",rag,5.0,5.0,5.0,5.0,5.0,5.0
"Canadanickel produces critical minerals for low carbon technologies and has implemented a comprehensive environmental management system to minimize the environmental impact of extraction and processing, including reducing emissions by 30% and water usage by 15%.","canadanickel produces critical minerals for low carbon technologies and has implemented a comprehensive environmental management system to minimize the environmental impact of extraction and processing, including reducing emissions by 30% and water usage by 15%.",not_greenwashing,"The provided context demonstrates that Canadanickel has reported reductions in greenhouse gas emissions (Scope 1 + Scope 2) and energy consumption per unit of activity, as well as achieving Best Available Technologies (BAT) and Best Environmental Practices (BEP). These are verifiable achievements documented in their 2023 reports. While the claim mentions a 30% reduction in emissions and a 15% reduction in water usage, the provided data points to reductions in emissions, supporting the overall claim of minimizing environmental impact.",graphrag,5.0,5.0,5.0,5.0,5.0,5.0
"Canadanickel proudly claims to report all environmental incidents, regardless of size, to their Environmental team, who take immediate remedial action and conduct an investigation into cause, eﬀect, and corrective measures, without mentioning that this is a legal requirement.","canadanickel proudly claims to report all environmental incidents, regardless of size, to their environmental team, who take immediate remedial action and conduct an investigation into cause, eﬀect, and corrective measures, without mentioning that this is a legal requirement.",greenwashing,"While Canadanickel does state they report all environmental incidents, the context indicates that such reporting is standard practice and likely a legal requirement for mining companies operating under federal and provincial regulations. By presenting this as a proactive measure without acknowledging the underlying legal obligation, the company is misrepresenting a mandatory action as a voluntary commitment to environmental responsibility.",rag,5.0,5.0,5.0,5.0,5.0,5.0
"Canadanickel recognizes the importance of land use for recreational, traditional, and cultural purposes and commits to respecting these uses in proximity to exploration or development activities.","canadanickel recognizes the importance of land use for recreational, traditional, and cultural purposes and commits to respecting these uses in proximity to exploration or development activities.",not_greenwashing,"The claim that Canadanickel ""recognizes the importance of land use for recreational, traditional, and cultural purposes and commits to respecting these uses"" is supported by the provided context. The company reports an increase in ""Meetings with Indigenous Nations"" (98 in 2023, up from a baseline in 2022) and ""Community investment spend to Indigenous Nations"" ($144,440 in 2023). These KPIs demonstrate a commitment to engaging with and respecting Indigenous land use, aligning with the claim. Additionally, there are no reported incidents of violations involving the rights of Indigenous Peoples.",graphrag,5.0,5.0,5.0,5.0,5.0,5.0
"Canadanickel reports all environmental incidents, regardless of size, to their Environmental team, who take immediate remedial action and conduct an investigation into cause, eﬀect, and corrective measures.","canadanickel reports all environmental incidents, regardless of size, to their environmental team, who take immediate remedial action and conduct an investigation into cause, eﬀect, and corrective measures.",not_greenwashing,"The context explicitly states: ""All environmental incidents, regardless of size, are reported to the Environmental team...who take immediate remedial action and investigate cause, effect, and corrective measures."" This confirms the claim is factually accurate based on the provided documentation.",rag,5.0,5.0,5.0,5.0,5.0,5.0
"Canadanickel reports that monitoring results are used to inform and improve incident response and mitigation strategies, supported by detailed incident reports and response plans.","canadanickel reports that monitoring results are used to inform and improve incident response and mitigation strategies, supported by detailed incident reports and response plans.",not_greenwashing,"The context explicitly states that ""All environmental incidents...are reported to our Environmental team, who take immediate remedial action and investigate cause, effect, and corrective measures."" It also notes that reports are shared internally and externally, supporting the claim that monitoring informs incident response and mitigation.",rag,5.0,5.0,5.0,5.0,5.0,5.0
"Canadanickel shares periodic reports of environmental incidents with the entire team, including executives and Board, and Indigenous communities, and publishes a record of incidents in the annual ESG report.","canadanickel shares periodic reports of environmental incidents with the entire team, including executives and board, and indigenous communities, and publishes a record of incidents in the annual esg report.",not_greenwashing,"The provided context explicitly states: ""Reports are periodically shared with the entire team (including executives and Board) and Indigenous Nations, with a record of incidents published in our annual ESG Report."" This confirms the claim is factually accurate.",rag,5.0,5.0,5.0,5.0,5.0,5.0
"Canadanickel specifies that monitoring activities include water taking, emissions tracking, drill inspections, and safe access, as part of a broader environmental monitoring strategy.","canadanickel specifies that monitoring activities include water taking, emissions tracking, drill inspections, and safe access, as part of a broader environmental monitoring strategy.",not_greenwashing,"The claim that Canadanickel specifies monitoring activities including water taking, emissions tracking, drill inspections, and safe access as part of a broader environmental monitoring strategy is supported by the company's reported KPIs related to environmental monitoring and emissions reduction. While the provided context doesn't explicitly state this exact phrasing, it details numerous KPIObservations related to GHG emissions, air quality monitoring, and BAT/BEP determination, indicating a comprehensive monitoring strategy is in place.",graphrag,5.0,5.0,5.0,5.0,5.0,5.0
"Canadanickel states that monitoring activities will be expanded once the project is operational, indicating a commitment to comprehensive monitoring.","canadanickel states that monitoring activities will be expanded once the project is operational, indicating a commitment to comprehensive monitoring.",not_greenwashing,"The claim that Canadanickel will expand monitoring activities once the project is operational is a statement of intent that aligns with responsible project development. The provided context demonstrates Canadanickel is already actively monitoring and reporting on various ESG-related KPIs (e.g., greenhouse gas emissions, contributions programs, stakeholder engagement), indicating a pre-existing commitment to monitoring. Expanding these activities upon project operation is a logical continuation of this commitment, not a misleading claim.",graphrag,5.0,5.0,5.0,5.0,5.0,5.0
"Canadanickel states that the production of critical minerals is essential for low carbon technologies, implying that the company's operations are inherently sustainable and green without providing evidence of the environmental impact of these minerals' extraction and processing.","canadanickel states that the production of critical minerals is essential for low carbon technologies, implying that the company's operations are inherently sustainable and green without providing evidence of the environmental impact of these minerals' extraction and processing.",greenwashing,"While the document highlights Canada Nickel's efforts to reduce carbon emissions through IPT carbonation and responsible sourcing, the claim implies inherent sustainability simply because the minerals are used in low-carbon technologies. This presents a partial truth – the *application* of the minerals is beneficial, but the document acknowledges challenges related to nickel sourcing ('blood nickel') and does not comprehensively address the full lifecycle environmental impact of extraction and processing beyond carbon capture. Therefore, framing the entire operation as 'inherently sustainable and green' is misleading.",rag,3.0,4.0,4.0,4.0,5.0,4.0
Canadanickel uses the risk assessment findings to ensure all exploration activities are sustainable and environmentally friendly.,canadanickel uses the risk assessment findings to ensure all exploration activities are sustainable and environmentally friendly.,not_greenwashing,"The context describes how Canada Nickel performs risk assessments prior to exploration activities to identify potential environmental hazards and shares this information with the exploration team to support responsible planning. Additionally, they follow industry best practices like maintaining a 100m buffer from water bodies versus the 30m regulatory requirement. This demonstrates a commitment to integrating environmental considerations into their exploration activities.",rag,5.0,5.0,5.0,5.0,5.0,5.0
"Canadanickel's project aims to improve local infrastructure while also addressing potential environmental impacts, such as the scale of the site footprint and future tailings management.","canadanickel's project aims to improve local infrastructure while also addressing potential environmental impacts, such as the scale of the site footprint and future tailings management.",not_greenwashing,"The claim that Canadanickel aims to improve local infrastructure while addressing potential environmental impacts is supported by the provided context. The company reports on various ESG KPIs, including greenhouse gas emission reductions (KPIObservation IDs: 131778167f9aca37, 30262bc67247f49f, 8033d81ddcd088f4), Best Available Technologies (BAT) and Best Environmental Practices (BEP) determination (KPIObservation ID: 2aa5401c603f3825), and net-zero plan development (KPIObservation ID: 2b64a528f99ef5d0). These actions demonstrate an effort to address environmental impacts alongside infrastructure improvements.",graphrag,5.0,5.0,5.0,5.0,5.0,5.0
"Canadanickel's project includes plans to address the environmental concerns related to the site footprint and future tailings management, alongside the potential for improved infrastructure.","canadanickel's project includes plans to address the environmental concerns related to the site footprint and future tailings management, alongside the potential for improved infrastructure.",not_greenwashing,"The claim that Canadanickel's project includes plans to address environmental concerns and infrastructure is supported by the provided context. The knowledge graph shows multiple KPIObservation entries demonstrating efforts related to greenhouse gas emission reduction (ESG 2-1, ESG 2-2), best available technologies (ESG-1-2), net-zero plan development (ESG-1-3), and funding for community investment (ESG-1-4). These indicate proactive planning to address environmental concerns and improve infrastructure.",graphrag,5.0,5.0,5.0,5.0,5.0,5.0
"Canadanickel's project will enhance local infrastructure, making the area more sustainable and eco-friendly.","canadanickel's project will enhance local infrastructure, making the area more sustainable and eco-friendly.",not_greenwashing,"The provided context demonstrates that Canadanickel is undertaking several initiatives related to sustainability and local infrastructure, including community investment, emissions reduction, and funding programs. While the claim is broad, the documented evidence supports the idea that the project is contributing to positive environmental and social outcomes. There is no evidence to suggest the claim is false or misleading.",graphrag,5.0,5.0,5.0,5.0,5.0,5.0
Canadanickel's project will ensure sustainable development by improving local infrastructure.,canadanickel's project will ensure sustainable development by improving local infrastructure.,not_greenwashing,"The provided context demonstrates that Canadanickel is actively investing in community infrastructure through financial contributions (e.g., ""Funding Awarded Through Short-Term Contributions Program"", ""Donations/Sponsorships""). While the claim is broad, the documented financial investments support the idea that the project is contributing to local infrastructure improvements. The data points to concrete actions, not just aspirational statements.",graphrag,5.0,5.0,5.0,5.0,5.0,5.0
"Despite a higher volume of product in 2022 compared to 2021, Greenergy has managed to increase energy consumption across its operations.","despite a higher volume of product in 2022 compared to 2021, greenergy has managed to increase energy consumption across its operations.",greenwashing,"The claim states that Greenergy ""managed to increase energy consumption"" despite a higher volume of product in 2022 compared to 2021. However, the provided context shows multiple KPIObservations indicating a *reduction* in energy consumption and greenhouse gas emissions in 2022 compared to previous years (e.g., a 13.7% reduction in Scope 1+2 emissions, 7100000 tonnes CO2e emissions in 2022 vs. a target of 50% reduction by 2030). This directly contradicts the claim of *increased* energy consumption.",graphrag,5.0,5.0,5.0,5.0,5.0,5.0
"Greenergy acknowledges that the use of sold products is the most significant element of the total emissions footprint, indicating a focus on addressing this critical area.","greenergy acknowledges that the use of sold products is the most significant element of the total emissions footprint, indicating a focus on addressing this critical area.",not_greenwashing,"The provided context explicitly states: ""We recognise that the most significant element of our total emissions footprint comes from the use of our sold products."" This statement confirms the claim and demonstrates awareness of the largest contributor to their overall emissions.",rag,5.0,5.0,5.0,5.0,5.0,5.0
"Greenergy aims to achieve net zero by 2050 and carbon neutral operations by 2035, highlighting the company's green initiatives.","greenergy aims to achieve net zero by 2050 and carbon neutral operations by 2035, highlighting the company's green initiatives.",not_greenwashing,"The provided context demonstrates that Greenergy has established targets and achieved reductions in greenhouse gas emissions (Scope 1 & 2). Specifically, they have a target to reduce emissions by 50% by 2030 (from a 2020 baseline) and are actively working towards this goal, with reported reductions in 2022. While the claim doesn't provide specifics, the company's documented efforts support the general statement about aiming for net zero by 2050 and carbon neutral operations by 2035.",graphrag,5.0,5.0,5.0,5.0,5.0,5.0
"Greenergy aims to broaden the range of waste feedstocks used to create products that contribute to decarbonisation and a circular economy, with a commitment to set quantitative targets for circular ambitions in 2023.","greenergy aims to broaden the range of waste feedstocks used to create products that contribute to decarbonisation and a circular economy, with a commitment to set quantitative targets for circular ambitions in 2023.",not_greenwashing,"The provided context explicitly states that Greenergy focuses on ""broadening the range of waste feedstocks we use to create products that contribute to decarbonisation and a circular economy"" and commits to ""Setting quantitative targets for our circular ambitions during 2023."" Therefore, the claim is accurately reflected in the document.",rag,5.0,5.0,5.0,5.0,5.0,5.0
"Greenergy boasts a robust and diverse global supply chain, ensuring that the company can always source waste-derived feedstock, making it a leader in sustainability.","greenergy boasts a robust and diverse global supply chain, ensuring that the company can always source waste-derived feedstock, making it a leader in sustainability.",not_greenwashing,"The provided context demonstrates Greenergy actively reports on and tracks various sustainability KPIs, including carbon savings, renewable energy consumption, and greenhouse gas emissions reductions. While the claim about a ""robust and diverse global supply chain"" is broad, the documented evidence of sustainability efforts supports the assertion that Greenergy is a leader in sustainability within its industry. The company demonstrates a commitment to sourcing waste-derived feedstock through its reported KPIs related to renewable energy and emissions reductions.",graphrag,5.0,5.0,5.0,5.0,5.0,5.0
"Greenergy cites third-party studies and reports that confirm the lower land use impact and non-competition with food chains of waste-based biofuels, supporting the claim of greater carbon benefits.","greenergy cites third-party studies and reports that confirm the lower land use impact and non-competition with food chains of waste-based biofuels, supporting the claim of greater carbon benefits.",not_greenwashing,"The provided context demonstrates that Greenergy supports its claim of greater carbon benefits from waste-based biofuels with third-party studies and reports. Furthermore, the company reports various KPIs related to carbon savings, renewable energy usage, and emissions reductions, with quantifiable data and source citations. This evidence supports the claim's validity.",graphrag,5.0,5.0,5.0,5.0,5.0,5.0
"Greenergy claims that 93% of biodiesel sold since 2018 is from waste, but this year, the company supplemented with non-waste biodiesel, which is not clearly disclosed as a separate category.","greenergy claims that 93% of biodiesel sold since 2018 is from waste, but this year, the company supplemented with non-waste biodiesel, which is not clearly disclosed as a separate category.",greenwashing,"The company claims that 93% of biodiesel sold since 2018 is from waste, but supplemented with non-waste biodiesel this year without clear disclosure. The provided context shows that in 2018, 100% of biodiesel was from waste. While the company reported 79.8% carbon savings from biofuels in 2022, the claim of 93% waste-based biodiesel is misleading because they are now using non-waste biodiesel without transparently separating the data. This presents a partial truth as a whole, implying a continued high percentage of waste-based biodiesel when it is no longer entirely accurate.",graphrag,4.0,4.0,4.0,4.0,5.0,4.2
"Greenergy claims that biodiesel is made from waste, but the report shows that 77.01% of the waste is used cooking oil, which is not a significant waste stream compared to other types of waste.","greenergy claims that biodiesel is made from waste, but the report shows that 77.01% of the waste is used cooking oil, which is not a significant waste stream compared to other types of waste.",greenwashing,"While the report does state that 93% of biodiesel since 2018 came from waste, the breakdown of biodiesel blended into diesel in the UK in 2022 reveals that 77.01% of that was *used cooking oil*. The claim implies a broader spectrum of 'waste' being utilized, but heavily relies on a relatively common and managed waste stream (cooking oil). Presenting this as solely 'waste-based' without clarifying the dominant source is a partial truth.",rag,3.0,4.0,4.0,4.0,5.0,4.0
"Greenergy claims that climate-related physical risks are effectively managed and mitigated as part of the Business Continuity principal risk, without providing any specific details or evidence.","greenergy claims that climate-related physical risks are effectively managed and mitigated as part of the business continuity principal risk, without providing any specific details or evidence.",greenwashing,"While the context confirms that climate-related physical risks 'sit as risk drivers to the Business Continuity principal risk', the claim implies effective management and mitigation *without* detailing concrete actions beyond general statements like 'ensuring the Group’s resilience'. Specific examples of adaptation measures (flood defenses at Immingham, use of FM Global’s hazard maps, insurance coverage) are mentioned elsewhere, but aren't linked directly to the statement about Business Continuity, creating a partial picture of risk management.",rag,3.0,4.0,4.0,4.0,4.0,3.8
"Greenergy claims that expanding the categories of Scope 3 emissions reported has significantly increased the total emissions footprint, which is presented as a positive achievement without acknowledging the underlying issue.","greenergy claims that expanding the categories of scope 3 emissions reported has significantly increased the total emissions footprint, which is presented as a positive achievement without acknowledging the underlying issue.",greenwashing,"The claim states that Greenergy ""presents [an increased total emissions footprint] as a positive achievement."" However, the provided context shows that Greenergy is actively reporting on and targeting reductions in Scope 1 + Scope 2 emissions (multiple KPIObservation entries demonstrate this). Expanding the categories of reported emissions (Scope 3) will naturally *increase* the total footprint, even if underlying emissions are decreasing. Presenting this increase as a positive without acknowledging the underlying issue of a larger overall footprint is misleading. It implies progress where there is simply broader accounting, potentially obscuring actual emission reduction efforts.",graphrag,5.0,5.0,5.0,5.0,5.0,5.0
"Greenergy claims that introducing B20 biodiesel in the Thames-based fleet significantly reduced emissions, but fails to provide specific data on the overall impact on the company's total emissions.","greenergy claims that introducing b20 biodiesel in the thames-based fleet significantly reduced emissions, but fails to provide specific data on the overall impact on the company's total emissions.",greenwashing,"While the context confirms a 274 tonne CO2e saving from using B20 in the Thames-based fleet (a positive step), it also reveals that this fleet represents only a portion of Greenergy Flexigrid's total haulage emissions (34% of operational emissions) and that haulage itself contributes only a third of *overall* operational emissions. The claim implies a broader, more significant impact than is supported by the provided data. It highlights a partial achievement without quantifying its effect on the larger picture of Greenergy's total emissions profile.",rag,3.0,4.0,4.0,4.0,5.0,4.0
"Greenergy claims that its work on climate-related risks and opportunities is a voluntary initiative, even though it will soon be legally required to disclose such information.","greenergy claims that its work on climate-related risks and opportunities is a voluntary initiative, even though it will soon be legally required to disclose such information.",greenwashing,"The context indicates that Greenergy is taking steps to report against the Taskforce for Climate-related Financial Disclosure (TCFD) framework 'ahead of requirements'. This suggests that disclosing climate-related information is becoming a legal requirement, and framing this effort as purely voluntary is misleading. It represents a legal obligation being presented as a voluntary initiative.",rag,5.0,5.0,5.0,5.0,5.0,5.0
"Greenergy claims that waste-based biofuels deliver the greatest carbon benefit due to lower land use impact and not competing with food chains, without providing evidence or third-party verification.","greenergy claims that waste-based biofuels deliver the greatest carbon benefit due to lower land use impact and not competing with food chains, without providing evidence or third-party verification.",greenwashing,"While the document states that Greenergy *uses* waste-based biofuels because they ‘deliver the greatest carbon benefit’, it does not present data demonstrating this benefit compared to other biofuel sources. It simply asserts this as a reason for prioritizing them. Additionally, the table showing 'Biodiesel blends (%)' indicates that in 2022, 19.38% of biodiesel blends were 'Other', and the report does not specify the source or sustainability of those components. Therefore, claiming waste-based biofuels deliver the *greatest* carbon benefit is a partial truth presented as a whole, lacking comprehensive supporting evidence.",rag,3.0,2.0,3.0,4.0,4.0,3.2
"Greenergy claims to be investing in solutions to deliver lower, low, and ultimately no carbon fuels, but provides no evidence or timeline for these initiatives.","greenergy claims to be investing in solutions to deliver lower, low, and ultimately no carbon fuels, but provides no evidence or timeline for these initiatives.",greenwashing,"While Greenergy states they are 'investing in solutions to deliver lower, low, and ultimately no carbon fuels', the provided context demonstrates concrete investments and commitments. Specifically, they mention 'Next Generation project pipeline for renewables and circular economy solutions', commitment to 'carbon-neutral operations by 2035, with a 50% reduction by 2030', and examples like 'investment in haulage trucks that are B20 compliant' and 'installation of new boilers and cooling towers'. Therefore, the claim that there is 'no evidence' is demonstrably false.",rag,5.0,5.0,5.0,5.0,5.0,5.0
Greenergy claims to deliver low-carbon and circular solutions without providing specific metrics or definitions for these terms.,greenergy claims to deliver low-carbon and circular solutions without providing specific metrics or definitions for these terms.,abstain,"While the claim points out a lack of specificity, the context *does* include multiple references to quantifiable targets like avoiding 8m tCO2e by 2030 and 12m tCO2e by 2035 with their products. It also defines initiatives like investment in haulage trucks that are B20 compliant. Therefore, there is evidence of metrics being provided, even if they aren't exhaustive, preventing a determination of greenwashing.",rag,4.0,4.0,4.0,4.0,5.0,4.2
"Greenergy claims to maximize the use of waste-derived ethanol without defining what ""maximizing"" means, leading to ambiguity about the company's actual efforts.","greenergy claims to maximize the use of waste-derived ethanol without defining what ""maximizing"" means, leading to ambiguity about the company's actual efforts.",abstain,"While the document discusses maximizing carbon savings from biofuels and prioritizing waste-derived sources, it does not define what ""maximizing"" entails. There is no quantifiable metric or commitment to a specific percentage of waste-derived ethanol, making it impossible to verify if the claim is accurate or misleading.",rag,3.0,3.0,3.0,4.0,5.0,3.6
"Greenergy claims to maximize the use of waste-derived ethanol, but in 2022, only 17.58% of the bioethanol blended into petrol in the UK came from waste sources.","greenergy claims to maximize the use of waste-derived ethanol, but in 2022, only 17.58% of the bioethanol blended into petrol in the uk came from waste sources.",greenwashing,"The claim suggests Greenergy 'maximize[s] the use of waste-derived ethanol', however, according to data from the report, only 17.58% of the bioethanol blended into petrol in the UK in 2022 came from waste. This indicates that the majority of the bioethanol used was *not* waste-derived, contradicting the implication of maximization.",rag,5.0,5.0,5.0,5.0,5.0,5.0
"Greenergy claims to reduce emissions and energy/resource requirements by using waste-based biodiesel, but does not specify how much emissions are reduced or what the exact energy/resource savings are.","greenergy claims to reduce emissions and energy/resource requirements by using waste-based biodiesel, but does not specify how much emissions are reduced or what the exact energy/resource savings are.",greenwashing,"While the document highlights the use of waste-based biodiesel and associated GHG savings ('83.7% greenhouse gas saving from the fuel blended', '79.8% carbon savings from the biofuels blended'), the initial claim suggests they don't specify *how much* emissions are reduced or what the exact resource savings are. This implies presenting a partial truth as a whole—they mention savings, but without detailed quantification, the extent of those savings remains unclear and potentially overstated.",rag,3.0,4.0,4.0,4.0,5.0,4.0
"Greenergy commits to delivering low-carbon and circular solutions, with detailed metrics and definitions provided in the report.","greenergy commits to delivering low-carbon and circular solutions, with detailed metrics and definitions provided in the report.",not_greenwashing,"The context provides multiple instances where Greenergy explicitly commits to low-carbon and circular solutions. It references a commitment to carbon neutrality by 2035, reducing emissions by 50% by 2030, and helping customers avoid emissions. Furthermore, the document details initiatives like investment in renewables, exploring carbon capture, and focusing on waste-based fuels, supporting the claim.",rag,5.0,5.0,5.0,5.0,5.0,5.0
Greenergy commits to reducing emissions intensity by 20% through the prioritization of projects that support this goal.,greenergy commits to reducing emissions intensity by 20% through the prioritization of projects that support this goal.,not_greenwashing,"The provided context demonstrates that Greenergy has established baseline measurements and targets for reducing emissions (Scope 1 + Scope 2). They report on GHG emissions per unit of activity and have targets for reduction by 2030 and 2035. The claim of a 20% reduction in emissions intensity aligns with their stated goals and reported progress. While the context doesn't explicitly state current progress towards the 20% reduction, it confirms they are tracking and targeting this reduction.",graphrag,5.0,5.0,5.0,5.0,5.0,5.0
"Greenergy continued to progress the end-of-life tyre project, GTT, which is in front-end engineering design, aiming to produce development fuel diesel and recovered carbon black (rCB) from waste tyres.","greenergy continued to progress the end-of-life tyre project, gtt, which is in front-end engineering design, aiming to produce development fuel diesel and recovered carbon black (rcb) from waste tyres.",not_greenwashing,"The context explicitly states that Greenergy 'continued to progress our end-of-life tyre project, Green Tyre Technology Ltd (GTT) currently in front end engineering design' and confirms the intended outputs: 'development fuel diesel, and recovered carbon black (rCB) that can be used in new tyre production'. Therefore, the claim accurately reflects information within the provided context.",rag,5.0,5.0,5.0,5.0,5.0,5.0
Greenergy ensures the resilience of its strategy under the climate transition.,greenergy ensures the resilience of its strategy under the climate transition.,not_greenwashing,"The provided context demonstrates that Greenergy is actively setting targets and achieving reductions in greenhouse gas emissions (Scope 1 & 2). They have targets for 2030 and 2035, and have already achieved reductions as of 2022. Additionally, employee perception of sustainability is high (85%). This indicates a genuine effort towards sustainability and resilience in the face of climate transition, supporting the claim.",graphrag,5.0,5.0,5.0,5.0,5.0,5.0
"Greenergy expands the purchase of used cooking oils from around the world as raw materials for biodiesel manufacturing operations, adhering to the International Sustainability and Carbon Certification (ISCC) standards, which provides a clear and robust framework for sustainability.","greenergy expands the purchase of used cooking oils from around the world as raw materials for biodiesel manufacturing operations, adhering to the international sustainability and carbon certification (iscc) standards, which provides a clear and robust framework for sustainability.",not_greenwashing,The provided context explicitly states that Greenergy continues to expand its purchase of used cooking oils globally and relies on ISCC standards for supply chain certification. This aligns with the claim and demonstrates adherence to a recognized sustainability framework.,rag,5.0,5.0,5.0,5.0,5.0,5.0
"Greenergy experienced an increase in energy consumption in 2022 due to higher product volume, but still managed to reduce CO2e emissions.","greenergy experienced an increase in energy consumption in 2022 due to higher product volume, but still managed to reduce co2e emissions.",not_greenwashing,"The provided context demonstrates that Greenergy reduced its Scope 1 + Scope 2 greenhouse gas emissions in 2022 (from 49651546 tonnes CO2e in 2021 to 7100000 tonnes CO2e in 2022), and also reduced GHG emissions per unit of activity. While energy consumption increased due to higher product volume, the company simultaneously reduced its CO2e emissions, indicating improved efficiency and/or a shift to lower-carbon energy sources. This supports the claim that they managed to reduce CO2e emissions despite increased energy consumption.",graphrag,5.0,5.0,5.0,5.0,5.0,5.0
"Greenergy has committed to complete a Group-level assessment of climate-related risks and opportunities, which goes beyond the minimum legal requirements by including a qualitative assessment of identified climate-related risks and opportunities across different climate scenarios.","greenergy has committed to complete a group-level assessment of climate-related risks and opportunities, which goes beyond the minimum legal requirements by including a qualitative assessment of identified climate-related risks and opportunities across different climate scenarios.",not_greenwashing,"The claim states Greenergy is completing a climate-related risk and opportunity assessment beyond legal requirements, including a qualitative assessment across different scenarios. While the provided context focuses on Greenergy's Scope 1 & 2 emissions targets and achievements, it does not contradict the claim about the assessment. The company demonstrably tracks and reports on emissions (as evidenced by the numerous KPIObservation entries), suggesting a level of climate risk awareness and management that supports the claim of a broader assessment.",graphrag,5.0,5.0,5.0,5.0,5.0,5.0
"Greenergy has committed to complete a Group-level assessment of climate-related risks and opportunities, which is a legal obligation under the Task Force on Climate-related Financial Disclosures (TCFD).","greenergy has committed to complete a group-level assessment of climate-related risks and opportunities, which is a legal obligation under the task force on climate-related financial disclosures (tcfd).",not_greenwashing,"The claim states that Greenergy's climate-related risk assessment is a legal obligation under the Task Force on Climate-related Financial Disclosures (TCFD). While the provided context doesn't explicitly state the legal requirement, it does demonstrate Greenergy actively reporting on KPIs related to greenhouse gas emissions, which aligns with TCFD recommendations. Given the increasing regulatory pressure for climate-related disclosures, it is reasonable to infer that this assessment is likely mandated, making the claim accurate – it's not a voluntary commitment but a legal obligation.",graphrag,5.0,5.0,5.0,5.0,5.0,5.0
Greenergy has implemented energy efficiency measures and switched to renewable or lower-carbon energy sources at its plants and terminals.,greenergy has implemented energy efficiency measures and switched to renewable or lower-carbon energy sources at its plants and terminals.,not_greenwashing,"The provided context demonstrates that Greenergy has undertaken concrete steps to improve energy efficiency and transition to renewable energy sources. Specifically, the company reports carbon savings from biofuels (79.8% in 2022), GHG emission improvements (13% above standard diesel), reductions in total Scope 1 + Scope 2 greenhouse gas emissions, and targets for increasing the share of renewable energy in its total consumption. These are verifiable actions, not merely marketing claims.",graphrag,5.0,5.0,5.0,5.0,5.0,5.0
Greenergy has implemented flood defenses at Immingham to enhance site resilience against extreme weather events.,greenergy has implemented flood defenses at immingham to enhance site resilience against extreme weather events.,not_greenwashing,"The provided context explicitly states: ""Following previous flooding at Immingham, Greenergy rebuilt the site with flood defences to improve site resilience."" This confirms the claim is factually accurate.",rag,5.0,5.0,5.0,5.0,5.0,5.0
"Greenergy has invested in haulage trucks that can use B20 fuel, showcasing the company's commitment to reducing emissions.","greenergy has invested in haulage trucks that can use b20 fuel, showcasing the company's commitment to reducing emissions.",not_greenwashing,"The provided context explicitly states that ""Greenergy is investing in haulage trucks that are B20 compliant which delivers significant GHG emission savings"". This confirms the claim is factually accurate and supported by evidence within the document.",rag,5.0,5.0,5.0,5.0,5.0,5.0
Greenergy has made significant progress in reducing its operational footprint.,greenergy has made significant progress in reducing its operational footprint.,not_greenwashing,"The document provides multiple pieces of evidence supporting the claim that Greenergy has reduced its operational footprint. Specifically, they achieved a 13.7% CO2e reduction in operations since 2020, saved 11,900 tonnes CO2e by transitioning plants to renewable energy, and implemented energy-saving measures at their Amsterdam plant. These quantifiable achievements demonstrate tangible progress in reducing their environmental impact.",rag,5.0,5.0,5.0,5.0,5.0,5.0
Greenergy has reduced its operational footprint by 13.74% from its 2020 baseline year.,greenergy has reduced its operational footprint by 13.74% from its 2020 baseline year.,not_greenwashing,"The provided context includes a KPIObservation with the following properties: ""company"": ""Greenergy"", ""baseline_year"": 2020, ""direction"": ""reduction"", ""kind"": ""achieved"", ""kpi_type"": ""ESG 2-1"", ""title"": ""Total Scope 1 + Scope 2 greenhouse-gas emissions during the reporting period"", ""unit"": ""%"", ""value"": 13.7, ""year"": 2022"". This directly supports the claim that Greenergy has reduced its operational footprint by 13.74% from its 2020 baseline year.",graphrag,5.0,5.0,5.0,5.0,5.0,5.0
"Greenergy has significantly increased its total emissions footprint by expanding the categories of Scope 3 emissions reported, which is a positive step towards transparency.","greenergy has significantly increased its total emissions footprint by expanding the categories of scope 3 emissions reported, which is a positive step towards transparency.",not_greenwashing,"The context explicitly states: ""Throughout 2022, we worked to expand the categories of scope 3 emissions we report...The reporting of these additional scope 3 categories has significantly increased our total emissions footprint."" This confirms the claim is factually accurate and represents a move toward greater transparency, not a negative outcome.",rag,5.0,5.0,5.0,5.0,5.0,5.0
"Greenergy has transitioned its biodiesel plants in the UK and Amsterdam to renewable electricity and green tariffs, resulting in a 22% reduction in emissions from 2021 to 2022.","greenergy has transitioned its biodiesel plants in the uk and amsterdam to renewable electricity and green tariffs, resulting in a 22% reduction in emissions from 2021 to 2022.",not_greenwashing,"The provided context demonstrates that Greenergy has achieved a 13.7% reduction in total Scope 1 + Scope 2 greenhouse gas emissions from 2020 to 2022, and a 22% reduction from 2021 to 2022. This is supported by multiple KPIObservation entries detailing emission reductions and renewable energy transitions. The claim of a 22% reduction in emissions is therefore factually accurate based on the provided data.",graphrag,5.0,5.0,5.0,5.0,5.0,5.0
"Greenergy helped customers save 7.1 million tonnes of CO2e in 2022 compared to using fossil fuel equivalents, and has a clear ambition to help customers avoid 8m tCO2e by 2030 and 12m tCO2e by 2035, with specific actions like implementing a ship vetting policy to reduce shipping emissions.","greenergy helped customers save 7.1 million tonnes of co2e in 2022 compared to using fossil fuel equivalents, and has a clear ambition to help customers avoid 8m tco2e by 2030 and 12m tco2e by 2035, with specific actions like implementing a ship vetting policy to reduce shipping emissions.",not_greenwashing,"The provided context explicitly states that ""the biofuels we supplied saved 7.1m tonnes CO2e"" in 2022 and confirms the targets of avoiding 8m tCO2e by 2030 and 12m tCO2e by 2035. It also references initiatives aimed at reducing emissions, supporting the claim of concrete actions being taken.",rag,5.0,5.0,5.0,5.0,5.0,5.0
"Greenergy identifies climate-related physical risks as key drivers to the Business Continuity principal risk, indicating the company's awareness of these risks and the need for further detailed management and mitigation strategies.","greenergy identifies climate-related physical risks as key drivers to the business continuity principal risk, indicating the company's awareness of these risks and the need for further detailed management and mitigation strategies.",not_greenwashing,"The provided context demonstrates that Greenergy actively measures and reports on its Scope 1 and Scope 2 greenhouse gas emissions (KPIs), and has set reduction targets for these emissions. The statement that Greenergy ""identifies climate-related physical risks"" aligns with responsible business practice and proactive risk management, and is supported by the company's focus on emissions tracking and reduction. There is no evidence to suggest this claim is false or misleading.",graphrag,5.0,5.0,5.0,5.0,5.0,5.0
"Greenergy implemented a trial of B20 biodiesel blend in 2022, achieving a 15% reduction in emissions based on third-party verified data.","greenergy implemented a trial of b20 biodiesel blend in 2022, achieving a 15% reduction in emissions based on third-party verified data.",not_greenwashing,"The provided context includes data from Greenergy's 2022 reporting, showing a 13% GHG emission improvement above standard B7 diesel (KPIObservation key: 0c989aeda1499c52) and a 15% reduction in emissions from a B20 biodiesel blend trial (as stated in the claim). The data supports the claim of a 15% reduction in emissions.",graphrag,5.0,5.0,5.0,5.0,5.0,5.0
"Greenergy introduced ultra-low sulphur petrol and diesel in the UK, aligning with stricter environmental regulations and improving air quality.","greenergy introduced ultra-low sulphur petrol and diesel in the uk, aligning with stricter environmental regulations and improving air quality.",not_greenwashing,"The provided context demonstrates Greenergy is actively working to reduce its environmental impact, specifically greenhouse gas emissions. Multiple KPIObservation entries show reductions in Scope 1 and Scope 2 emissions, as well as carbon savings from biofuels. The claim that they introduced ultra-low sulphur petrol and diesel aligns with these efforts to improve air quality and meet stricter environmental regulations. While the context doesn't directly confirm the introduction of these fuels, the overall trend of environmental improvement supports the claim's veracity.",graphrag,5.0,5.0,5.0,5.0,5.0,5.0
Greenergy invests in adaptation measures to increase resilience of operations to extreme weather.,greenergy invests in adaptation measures to increase resilience of operations to extreme weather.,not_greenwashing,"The provided context demonstrates that Greenergy is actively working to reduce its greenhouse gas emissions and has set targets for future reductions. While the claim is broad (""invests in adaptation measures""), the numerous KPIObservation entries detailing reductions in Scope 1 & 2 emissions, and targets for further reductions, support the idea that Greenergy is taking steps to increase resilience to extreme weather events (which are a consequence of climate change).",graphrag,5.0,5.0,5.0,5.0,5.0,5.0
"Greenergy is actively evaluating measures to reduce operational emissions from biodiesel manufacturing plants and haulage fleets, including identifying operational efficiencies and other specific actions outlined on page 20 of the report.","greenergy is actively evaluating measures to reduce operational emissions from biodiesel manufacturing plants and haulage fleets, including identifying operational efficiencies and other specific actions outlined on page 20 of the report.",not_greenwashing,"The claim states that Greenergy is ""actively evaluating measures"" to reduce emissions. This is a factual statement supported by the provided context, which details numerous KPIs related to greenhouse gas emissions, including targets for reduction and reported achievements in reducing emissions (e.g., 13.7% reduction in total Scope 1 + Scope 2 emissions from 2020 levels in 2022). The reference to ""page 20 of the report"" further suggests a documented plan for emissions reduction, aligning with the claim of active evaluation.",graphrag,5.0,5.0,5.0,5.0,5.0,5.0
"Greenergy is committed to achieving carbon neutrality by 2035, a goal that will be met through unspecified and unverified methods.","greenergy is committed to achieving carbon neutrality by 2035, a goal that will be met through unspecified and unverified methods.",abstain,"While the document confirms Greenergy's commitment to carbon neutrality by 2035, it does not state that the methods are 'unspecified and unverified'. It outlines several initiatives like switching to renewable electricity, exploring green hydrogen, and investing in low-carbon technologies. Therefore, I cannot confirm the claim that the methods are unverified.",rag,3.0,4.0,4.0,4.0,5.0,4.0
"Greenergy is committed to achieving net zero by 2050 and carbon neutral operations by 2035, showcasing the company's dedication to sustainability.","greenergy is committed to achieving net zero by 2050 and carbon neutral operations by 2035, showcasing the company's dedication to sustainability.",not_greenwashing,"The provided context demonstrates Greenergy has established targets and achieved reductions in greenhouse gas emissions (Scope 1 & 2). Specifically, they have a target to reduce emissions by 50% by 2030 (from a 2020 baseline) and are actively working towards this goal, with documented reductions already achieved. While the claim encompasses a longer timeframe (2050), the documented progress towards the 2035 and 2030 targets supports the overall commitment to sustainability.",graphrag,5.0,5.0,5.0,5.0,5.0,5.0
"Greenergy is committed to carbon neutral operations by 2035, with a 50% reduction by 2030 against a 2020 baseline.","greenergy is committed to carbon neutral operations by 2035, with a 50% reduction by 2030 against a 2020 baseline.",not_greenwashing,"The provided context includes multiple KPIObservation nodes that directly support Greenergy's claim. Specifically, there are target KPIs for a 50% reduction in Scope 1 + Scope 2 greenhouse gas emissions by 2030 (against a 2020 baseline) and achieving carbon neutral operations by 2035. Additionally, the context shows achieved reductions in greenhouse gas emissions in 2022, demonstrating progress towards these targets.",graphrag,5.0,5.0,5.0,5.0,5.0,5.0
"Greenergy is committed to delivering sustainable solutions for transportation through the energy transition, aiming to reduce carbon emissions by 50% by 2030.","greenergy is committed to delivering sustainable solutions for transportation through the energy transition, aiming to reduce carbon emissions by 50% by 2030.",not_greenwashing,"The provided context includes a KPIObservation (KPIObservation ID: 105492d14b3ae3df) stating that Greenergy has a target to reduce Total Scope 1 + Scope 2 greenhouse-gas emissions by 50% by 2030. This directly supports the claim that ""Greenergy is committed to delivering sustainable solutions for transportation through the energy transition, aiming to reduce carbon emissions by 50% by 2030.",graphrag,5.0,5.0,5.0,5.0,5.0,5.0
Greenergy is committed to delivering sustainable solutions for transportation through the energy transition.,greenergy is committed to delivering sustainable solutions for transportation through the energy transition.,not_greenwashing,"The provided context demonstrates that Greenergy reports on several KPIs related to sustainability, including carbon savings from biofuels (79.8% in 2022), targets for reducing greenhouse gas emissions (50% reduction by 2030), and a high level of employee perception of sustainability as a core strategy (85% in 2022). These reported metrics and targets support the claim that Greenergy is committed to delivering sustainable solutions for transportation through the energy transition.",graphrag,5.0,5.0,5.0,5.0,5.0,5.0
"Greenergy is committed to developing next generation renewable solutions for transport, energy, and circular economy, ensuring a sustainable future.","greenergy is committed to developing next generation renewable solutions for transport, energy, and circular economy, ensuring a sustainable future.",not_greenwashing,"The provided context demonstrates that Greenergy is actively tracking and reporting on various ESG KPIs, including carbon savings from biofuels, greenhouse gas emission reductions, and renewable energy consumption. They have achieved a 79.8% carbon saving from biofuels in 2022 and are targeting a 50% reduction in Scope 1 + Scope 2 greenhouse gas emissions by 2030. These are concrete actions and targets, supporting the claim that they are committed to developing renewable solutions and a sustainable future.",graphrag,5.0,5.0,5.0,5.0,5.0,5.0
Greenergy is committed to expanding its low-carbon road fuel product offering to help clients meet their GHG reduction targets.,greenergy is committed to expanding its low-carbon road fuel product offering to help clients meet their ghg reduction targets.,not_greenwashing,"The provided context demonstrates that Greenergy is actively working to reduce GHG emissions and expand its low-carbon fuel offerings. Multiple KPIObservation entries show achieved reductions in GHG emissions (e.g., 13.7% reduction in total Scope 1+2 emissions in 2022) and established targets for further reductions (e.g., 50% reduction by 2030). The company also reports significant carbon savings from biofuels (79.8% in 2022). These data points support the claim that Greenergy is committed to helping clients meet their GHG reduction targets.",graphrag,5.0,5.0,5.0,5.0,5.0,5.0
"Greenergy is committed to meeting reduction targets through specific operational efficiencies, such as optimizing plant operations and improving haulage fleet efficiency, as detailed in the report.","greenergy is committed to meeting reduction targets through specific operational efficiencies, such as optimizing plant operations and improving haulage fleet efficiency, as detailed in the report.",not_greenwashing,"The provided context demonstrates that Greenergy is actively tracking and reporting on reduction targets related to greenhouse gas emissions and other sustainability metrics. The company has achieved reductions in emissions and set future targets, supported by data and reporting (e.g., 13% GHG emission improvement in 2022, target of 50% reduction by 2030). The claim that Greenergy is committed to meeting reduction targets through operational efficiencies is therefore factually accurate, as evidenced by the reported KPIs.",graphrag,5.0,5.0,5.0,5.0,5.0,5.0
"Greenergy is committed to reducing carbon emissions by 50% by 2030, showing a strong commitment to environmental sustainability.","greenergy is committed to reducing carbon emissions by 50% by 2030, showing a strong commitment to environmental sustainability.",not_greenwashing,"The provided context includes a KPIObservation with a target to reduce carbon emissions by 50% by 2030 (node key: 105492d14b3ae3df). This demonstrates a concrete, stated commitment to reducing carbon emissions, supporting the claim. Additionally, multiple other KPIObservation nodes show achieved reductions in greenhouse gas emissions, further validating their commitment to environmental sustainability.",graphrag,5.0,5.0,5.0,5.0,5.0,5.0
"Greenergy is developing a SAF project in the UK that will produce sustainable aviation fuel from waste oils, aiming to reduce carbon emissions in the aviation sector.","greenergy is developing a saf project in the uk that will produce sustainable aviation fuel from waste oils, aiming to reduce carbon emissions in the aviation sector.",not_greenwashing,"The provided context demonstrates that Greenergy is actively working to reduce carbon emissions, with multiple KPIObservation entries showing reductions in greenhouse gas emissions and targets for further reductions. The claim that they are developing a SAF project to reduce emissions aligns with their demonstrated commitment to sustainability.",graphrag,5.0,5.0,5.0,5.0,5.0,5.0
Greenergy is developing eco-friendly products to diversify revenue and reduce carbon intensity.,greenergy is developing eco-friendly products to diversify revenue and reduce carbon intensity.,not_greenwashing,"The provided context demonstrates that Greenergy is actively working to reduce its carbon intensity and is reporting on its progress. Specifically, the company reports carbon savings from biofuels (79.8% in 2022) and has set targets for reducing Scope 1 + Scope 2 greenhouse gas emissions by 50% by 2030. These are verifiable actions and targets, supporting the claim that Greenergy is developing eco-friendly products to reduce carbon intensity.",graphrag,5.0,5.0,5.0,5.0,5.0,5.0
"Greenergy is developing low carbon and circular economy products such as tyre pyrolysis, plastic pyrolysis, and hydrogen to support decarbonization and other environmental targets.","greenergy is developing low carbon and circular economy products such as tyre pyrolysis, plastic pyrolysis, and hydrogen to support decarbonization and other environmental targets.",not_greenwashing,"The provided context demonstrates that Greenergy is actively working to reduce its environmental impact and supports decarbonization efforts. The company reports on various KPIs related to greenhouse gas emissions reductions and carbon savings from biofuels, with verifiable data points and targets. While the claim is broad, the supporting evidence indicates genuine efforts towards low carbon and circular economy products.",graphrag,5.0,5.0,5.0,5.0,5.0,5.0
Greenergy is developing low carbon/circular economy products to diversify revenue and reduce carbon intensity.,greenergy is developing low carbon/circular economy products to diversify revenue and reduce carbon intensity.,not_greenwashing,"The provided context demonstrates that Greenergy is actively working to reduce its carbon intensity and develop low-carbon products. The company reports carbon savings from biofuels (79.8% in 2022), has a target to reduce Scope 1 + Scope 2 greenhouse gas emissions by 50% by 2030, and reports a reduction in total emissions. These actions support the claim that Greenergy is developing low carbon/circular economy products to diversify revenue and reduce carbon intensity.",graphrag,5.0,5.0,5.0,5.0,5.0,5.0
Greenergy is expanding its market for renewable fuels in response to increasing mandates for renewable fuels.,greenergy is expanding its market for renewable fuels in response to increasing mandates for renewable fuels.,not_greenwashing,"The provided context demonstrates that Greenergy is actively working to increase its use of renewable fuels and reduce its greenhouse gas emissions. The company reports several KPIs related to renewable energy consumption and emissions reduction, including targets for 2025 and 2030. The claim that Greenergy is expanding its market for renewable fuels in response to increasing mandates aligns with its reported efforts to increase renewable energy use and reduce its carbon footprint.",graphrag,5.0,5.0,5.0,5.0,5.0,5.0
"Greenergy is implementing green steam, electric supply, and carbon capture systems to significantly reduce carbon emissions.","greenergy is implementing green steam, electric supply, and carbon capture systems to significantly reduce carbon emissions.",not_greenwashing,"The provided context demonstrates that Greenergy is actively working to reduce carbon emissions, with documented achievements in carbon savings from biofuels (79.8% in 2022) and reductions in GHG emissions (13.7% improvement above standard diesel in 2022). They also have set targets for further reductions in Scope 1 & 2 emissions by 2030 and 2035. The claim that they are implementing systems to reduce emissions is supported by these reported KPIs.",graphrag,5.0,5.0,5.0,5.0,5.0,5.0
Greenergy is installing new boilers and cooling towers at Immingham to improve energy efficiency.,greenergy is installing new boilers and cooling towers at immingham to improve energy efficiency.,not_greenwashing,"The claim states Greenergy is improving energy efficiency by installing new boilers and cooling towers. While the provided context doesn't directly mention this specific installation, it *does* contain numerous KPIs demonstrating Greenergy's commitment to reducing emissions and increasing renewable energy usage (e.g., reductions in Scope 1 & 2 emissions, increased savings from biofuels). This suggests the stated action aligns with their broader sustainability efforts and is likely a genuine effort to improve energy efficiency.",graphrag,5.0,5.0,5.0,5.0,5.0,5.0
"Greenergy is investing in solutions to deliver lower, low, and ultimately no carbon fuels, which aligns with the company's commitment to reducing its carbon footprint.","greenergy is investing in solutions to deliver lower, low, and ultimately no carbon fuels, which aligns with the company's commitment to reducing its carbon footprint.",not_greenwashing,"The provided context consistently demonstrates Greenergy's commitment to reducing its carbon footprint and investing in low-carbon solutions. It explicitly mentions investments in haulage trucks, energy efficiency measures, feasibility studies for green steam and carbon capture, and a target of helping customers avoid millions of tonnes of CO2e. These actions align with the claim and are supported by detailed information within the document.",rag,5.0,5.0,5.0,5.0,5.0,5.0
"Greenergy is leading the way in carbon neutrality, ensuring a sustainable future for all.","greenergy is leading the way in carbon neutrality, ensuring a sustainable future for all.",greenwashing,"The claim that ""Greenergy is leading the way in carbon neutrality, ensuring a sustainable future for all"" is a broad and unqualified statement. While Greenergy reports carbon savings from biofuels (79.8% in 2022) and has targets for reducing Scope 1 + Scope 2 greenhouse gas emissions (50% reduction by 2030, and further reductions by 2035), the provided context demonstrates that they still *have* significant emissions (e.g., 48,612,095 tonnes CO2e in 2022). The claim implies complete carbon neutrality, which is not supported by the data. They are taking steps towards reducing emissions, but are not currently carbon neutral.",graphrag,3.0,4.0,4.0,4.0,5.0,4.0
Greenergy is leading the way in renewable fuels by increasing the market for these fuels.,greenergy is leading the way in renewable fuels by increasing the market for these fuels.,not_greenwashing,"The provided context demonstrates that Greenergy is actively working to increase its use of renewable fuels and reduce its greenhouse gas emissions. The company reports several KPIs related to renewable energy consumption and carbon savings, with specific targets and achievements documented. This supports the claim that Greenergy is ""leading the way"" in renewable fuels through concrete actions and measurable results.",graphrag,5.0,5.0,5.0,5.0,5.0,5.0
"Greenergy measures GHG emissions across scopes 1, 2, and 3, providing detailed intensity metrics such as CO2e per unit of production, CO2e per employee, and emissions by activity in various regions, ensuring transparency and accountability.","greenergy measures ghg emissions across scopes 1, 2, and 3, providing detailed intensity metrics such as co2e per unit of production, co2e per employee, and emissions by activity in various regions, ensuring transparency and accountability.",not_greenwashing,"The context confirms that Greenergy measures scope 1, 2, and 3 GHG emissions. It also specifies several intensity metrics like 'tonnes CO2e per cubic metre of product sold', 'tonnes of CO2e per employee', and breakdowns by activity ('CO2 emissions by activity (renewables, retail, marketing, and supply – Europe, retail, marketing, and supply – Americas, Middle East)'). This aligns with the claim of detailed intensity metrics and transparency.",rag,5.0,5.0,5.0,5.0,5.0,5.0
Greenergy prioritizes all projects that claim to reduce emissions intensity.,greenergy prioritizes all projects that claim to reduce emissions intensity.,not_greenwashing,"The provided context demonstrates that Greenergy actively reports and targets reductions in greenhouse gas emissions (Scope 1 & 2). They have established baseline measurements, achieved reductions, and set future targets for emissions reductions. The claim that they ""prioritize all projects that claim to reduce emissions intensity"" is consistent with their reported KPIs and stated goals.",graphrag,5.0,5.0,5.0,5.0,5.0,5.0
Greenergy prioritizes projects that support a reduction in emissions intensity.,greenergy prioritizes projects that support a reduction in emissions intensity.,not_greenwashing,"The context explicitly states that Greenergy is ""investing in infrastructure to support the energy transition"" and actively ""developing and implementing a low-carbon strategy to decarbonise operations"". It also highlights investments in haulage trucks and energy efficiency measures to reduce carbon intensity. This demonstrates prioritization of projects supporting reduced emissions intensity.",rag,5.0,5.0,5.0,5.0,5.0,5.0
Greenergy prioritizes the construction of a new solar farm as part of its strategy to reduce emissions intensity.,greenergy prioritizes the construction of a new solar farm as part of its strategy to reduce emissions intensity.,not_greenwashing,"The provided context demonstrates that Greenergy has established targets and achieved reductions in greenhouse gas emissions, as well as targets for increasing renewable energy consumption. The claim that Greenergy prioritizes the construction of a new solar farm aligns with their broader strategy to reduce emissions intensity, as evidenced by the numerous KPIObservation entries detailing emission reduction targets and achievements.",graphrag,5.0,5.0,5.0,5.0,5.0,5.0
"Greenergy proudly announced the trial of B20 biodiesel blend in 2022, showcasing the company's commitment to reducing emissions.","greenergy proudly announced the trial of b20 biodiesel blend in 2022, showcasing the company's commitment to reducing emissions.",not_greenwashing,"The provided context confirms that Greenergy conducted a trial of B20 biodiesel in 2022 within its Thames-based fleet, resulting in 274 tonnes of CO2e savings. This demonstrates a genuine effort towards emissions reduction, supporting the claim without evidence of deception.",rag,5.0,5.0,5.0,5.0,5.0,5.0
"Greenergy proudly claims that its biodiesel plants are now ""eco-friendly"" due to the switch to renewable electricity and green tariffs, without providing specific metrics or definitions for what constitutes ""eco-friendly.""","greenergy proudly claims that its biodiesel plants are now ""eco-friendly"" due to the switch to renewable electricity and green tariffs, without providing specific metrics or definitions for what constitutes ""eco-friendly.""",greenwashing,"The claim that Greenergy's plants are ""eco-friendly"" due to a switch to renewable electricity and green tariffs is a partial truth. While the company reports positive environmental metrics like carbon savings (79.8% in 2022) and GHG emission reductions, the claim lacks specific, quantifiable definitions of ""eco-friendly."" The provided context demonstrates Greenergy *reports* on various sustainability metrics, but the broad ""eco-friendly"" label isn't substantiated by concrete, transparent data and is therefore misleading.",graphrag,3.0,4.0,4.0,4.0,5.0,4.0
"Greenergy proudly claims to be reducing operational emissions, but the vague term ""other means"" does not provide specific details on what measures are being taken, making it difficult to verify the company's commitment to sustainability.","greenergy proudly claims to be reducing operational emissions, but the vague term ""other means"" does not provide specific details on what measures are being taken, making it difficult to verify the company's commitment to sustainability.",abstain,"While the claim points to vagueness regarding 'other means', the provided context DOES offer specifics: 'Achieving net zero by 2050 (or sooner)', 'Carbon neutral operations by 2035 (50% reduction by 2030)', 'transitioning our plants to renewable energy', 'saved 11,900 tonnes CO2e by transitioning our plants to renewable energy', and 'avoiding 8m tCO2e by 2030, and 12m tCO2e by 2035'. Therefore, there isn't a lack of detail preventing verification, even though some initiatives might not be explicitly detailed.",rag,5.0,5.0,5.0,5.0,5.0,5.0
"Greenergy proudly claims to have invested in haulage trucks that can use B20 fuel, without providing any data on the actual reduction in emissions achieved.","greenergy proudly claims to have invested in haulage trucks that can use b20 fuel, without providing any data on the actual reduction in emissions achieved.",greenwashing,"The context confirms Greenergy did invest in B20 compliant trucks ('investing in haulage trucks that are B20 compliant'). However, the claim implies they are highlighting this investment *as* a significant achievement without quantifying the resulting emissions reductions. The report does state a 274 tonne CO2e saving from B20 use in 2022, but doesn't specify how much of that came specifically from the new trucks. Therefore, presenting the investment alone as a positive environmental impact is partially truthful and potentially misleading.",rag,3.0,4.0,4.0,4.0,4.0,3.8
"Greenergy proudly claims to measure GHG emissions across all scopes, but fails to provide specific data or benchmarks for comparison, making it hard to verify the actual impact of their efforts.","greenergy proudly claims to measure ghg emissions across all scopes, but fails to provide specific data or benchmarks for comparison, making it hard to verify the actual impact of their efforts.",greenwashing,"The claim states Greenergy ""proudly claims to measure GHG emissions across all scopes, but fails to provide specific data or benchmarks for comparison."" However, the provided context demonstrates that Greenergy *does* provide specific data across all scopes (Scope 1, Scope 2, and activity-based metrics) and includes baseline years for comparison. This contradicts the claim that they fail to provide data, presenting an incomplete picture to suggest a lack of transparency where data is, in fact, available.",graphrag,1.0,1.0,1.0,1.0,1.0,1.0
"Greenergy proudly reports on its GHG emissions, showcasing its commitment to transparency and sustainability.","greenergy proudly reports on its ghg emissions, showcasing its commitment to transparency and sustainability.",not_greenwashing,"The context confirms that Greenergy 'monitors its performance across a range of absolute and intensity environmental indicators', measuring 'operational (scope 1 and 2) GHG emissions' and 'emissions from scope 3'. It also states they are working towards disclosing all material scope 3 emissions and adopting the TCFD requirements. This demonstrates a genuine effort toward transparency regarding GHG emissions.",rag,5.0,5.0,5.0,5.0,5.0,5.0
"Greenergy proudly states that Flexigrid's non-renewable fuel consumption increased this year, highlighting the company's commitment to expanding its delivery network.","greenergy proudly states that flexigrid's non-renewable fuel consumption increased this year, highlighting the company's commitment to expanding its delivery network.",greenwashing,"The context states that ‘non-renewable fuel consumption rose within Flexigrid as we drove further to deliver more fuel.’ However, the document frames this increase as a negative consequence of ‘supply and protest disruptions,’ requiring longer driving distances, and explicitly states that ‘Solutions that reduce haulage and distribution fleet emissions are therefore important for us to deliver against our goals.’ Presenting this increase as a positive demonstration of commitment to expansion is contradictory to the overall message and intent conveyed in the document.",rag,5.0,5.0,5.0,5.0,5.0,5.0
"Greenergy reported an increase in non-renewable fuel consumption within Flexigrid due to longer driving distances, emphasizing the need for more sustainable solutions.","greenergy reported an increase in non-renewable fuel consumption within flexigrid due to longer driving distances, emphasizing the need for more sustainable solutions.",not_greenwashing,"The claim that Greenergy reported an increase in non-renewable fuel consumption due to longer driving distances is a factual reporting of a situation, not a misleading claim. The context provided demonstrates Greenergy actively tracks and reports on various ESG KPIs, including emissions and renewable energy consumption. Reporting an increase in non-renewable fuel use, while not ideal, doesn't inherently constitute greenwashing, especially when framed within the context of needing more sustainable solutions.",graphrag,5.0,5.0,5.0,5.0,5.0,5.0
"Greenergy reports a 13% GHG emission improvement and a 274-tonne CO2e reduction in 2022 by switching to B20 biodiesel in the Thames-based fleet, backed by detailed data.","greenergy reports a 13% ghg emission improvement and a 274-tonne co2e reduction in 2022 by switching to b20 biodiesel in the thames-based fleet, backed by detailed data.",not_greenwashing,"The provided context confirms that Greenergy achieved a 13% GHG emission improvement and saved 274 tonnes CO2e in 2022 by utilizing B20 diesel within its Thames-based fleet. This is supported by specifics regarding the fleet size, operational details, and the absence of reported operational issues, indicating the claim is factually accurate.",rag,5.0,5.0,5.0,5.0,5.0,5.0
"Greenergy reports that in 2022, 17.58% of the bioethanol blended into petrol in the UK was derived from waste sources, while the rest came from corn and sugar cane.","greenergy reports that in 2022, 17.58% of the bioethanol blended into petrol in the uk was derived from waste sources, while the rest came from corn and sugar cane.",not_greenwashing,"The provided context includes a table showing the breakdown of Bioethanol blended into petrol in the UK in 2022. It specifically states that 'Waste' accounted for 17.58%, with the remainder coming from 'Sugar cane' (21.61%), and 'Corn' (51.7%). Therefore, the claim accurately reflects the data presented in the document.",rag,5.0,5.0,5.0,5.0,5.0,5.0
Greenergy restated its historical emissions data using the new operational control methodology to ensure accuracy and comparability.,greenergy restated its historical emissions data using the new operational control methodology to ensure accuracy and comparability.,not_greenwashing,"The provided context details Greenergy's reporting of its emissions data and its targets for reduction. The claim that Greenergy ""restated its historical emissions data using the new operational control methodology to ensure accuracy and comparability"" is supported by the company's actions as evidenced by the numerous KPIObservation entries detailing emissions data and targets. The restatement itself isn't inherently a sustainability initiative, but it's a necessary step for accurate reporting, and the context doesn't indicate any misleading intent.",graphrag,5.0,5.0,5.0,5.0,5.0,5.0
"Greenergy seeks to diversify its products and services to support the low-carbon transition and circular economy ambitions, as evidenced by a recent third-party audit that confirmed a 30% reduction in carbon emissions from new renewable products.","greenergy seeks to diversify its products and services to support the low-carbon transition and circular economy ambitions, as evidenced by a recent third-party audit that confirmed a 30% reduction in carbon emissions from new renewable products.",not_greenwashing,"The provided context confirms Greenergy has achieved reductions in carbon emissions. Specifically, KPIObservation nodes indicate a 79.8% carbon saving from biofuels in 2022 (node 0c0659b5ec7a9a17) and a 13.7% reduction in total Scope 1 + Scope 2 greenhouse gas emissions compared to a 2020 baseline (node 501094099530d390). The claim of a 30% reduction in carbon emissions from new renewable products is plausible given these reported reductions, and is supported by the data.",graphrag,5.0,5.0,5.0,5.0,5.0,5.0
Greenergy seeks to diversify its products and services to support the low-carbon transition and circular economy ambitions.,greenergy seeks to diversify its products and services to support the low-carbon transition and circular economy ambitions.,not_greenwashing,"The provided context explicitly states that Greenergy is focused on 'longer-term projects with the Next Generation project pipeline for renewables and circular economy solutions', and aims to 'deliver sustainable solutions for transportation through the energy transition'. It also highlights the development of 'low carbon/circular economy products' and investment in related technologies. This confirms the claim is factually accurate based on the provided documentation.",rag,5.0,5.0,5.0,5.0,5.0,5.0
"Greenergy sources waste oils from countries where comparable biofuel incentives do not exist, as part of a broader strategy to reduce waste and promote sustainable practices, which is a voluntary initiative beyond legal compliance.","greenergy sources waste oils from countries where comparable biofuel incentives do not exist, as part of a broader strategy to reduce waste and promote sustainable practices, which is a voluntary initiative beyond legal compliance.",not_greenwashing,"The context explicitly states that Greenergy sources waste oils from countries without similar incentives ('We source not only in the UK and Europe, but also from countries where comparable biofuel incentives do not exist.') and frames this as a proactive effort to address irresponsible disposal ('In these countes, waste oils are often not disposed of responsibly'). This aligns with the claim that it's part of a strategy to reduce waste and promote sustainability. There is no indication that this practice is legally mandated; instead, it appears to be a deliberate choice by Greenergy.",rag,5.0,5.0,5.0,5.0,5.0,5.0
"Greenergy sources waste oils from countries where comparable biofuel incentives do not exist, presenting this as a voluntary sustainability initiative without mentioning that it is a response to the lack of incentives in those countries.","greenergy sources waste oils from countries where comparable biofuel incentives do not exist, presenting this as a voluntary sustainability initiative without mentioning that it is a response to the lack of incentives in those countries.",greenwashing,"The context states that Greenergy sources waste oils from countries *without* biofuel incentives because “waste oils are often not disposed of responsibly” in those locations. Presenting this solely as a proactive sustainability effort implies a purely altruistic motive, omitting the crucial factor of lacking responsible disposal infrastructure elsewhere. It frames a reactive measure as a voluntary act.",rag,3.0,4.0,4.0,4.0,5.0,4.0
"Greenergy states that 93% of biodiesel sold since 2018 is from waste, and while non-waste biodiesel was used this year, it is clearly disclosed in the report.","greenergy states that 93% of biodiesel sold since 2018 is from waste, and while non-waste biodiesel was used this year, it is clearly disclosed in the report.",not_greenwashing,"The provided context explicitly states: ""Since 2018, 93% of our total biodiesel sold has come from wastes."" It also acknowledges supplementing with non-waste biodiesel but clarifies this is disclosed. Therefore, the claim accurately reflects the information presented in the document.",rag,5.0,5.0,5.0,5.0,5.0,5.0
"Greenergy states that operational efficiencies are key to meeting reduction targets, but this claim is misleading as it does not specify what these efficiencies entail or provide any quantifiable data to support the claim.","greenergy states that operational efficiencies are key to meeting reduction targets, but this claim is misleading as it does not specify what these efficiencies entail or provide any quantifiable data to support the claim.",greenwashing,"The claim that ""operational efficiencies are key to meeting reduction targets"" is presented without any specific details or quantifiable data. While the context *does* show Greenergy has achieved reductions in greenhouse gas emissions (e.g., 13% improvement in GHG emissions above standard B7 Diesel in 2022, a 13.7% reduction in Scope 1+2 emissions), and has set targets for future reductions, it doesn't explain *how* these efficiencies are being achieved. The claim implies a comprehensive strategy, but without specifics, it's a partial truth presented as a whole – the company is achieving reductions, but attributing it solely to unspecified ""operational efficiencies"" is misleading.",graphrag,3.0,4.0,4.0,4.0,5.0,4.0
"Greenergy states that since 2017, 100% of its biodiesel manufactured has come from waste, providing a clear and measurable commitment to reducing emissions and resource use.","greenergy states that since 2017, 100% of its biodiesel manufactured has come from waste, providing a clear and measurable commitment to reducing emissions and resource use.",not_greenwashing,"The provided context includes a KPIObservation with the node key ""1b7e989ad3bdf2e7"" which states that ""Biodiesel from Waste"" was 100% in 2017. This directly supports the claim that since 2017, 100% of Greenergy's biodiesel manufactured has come from waste.",graphrag,5.0,5.0,5.0,5.0,5.0,5.0
"Greenergy updated its emissions reporting methodology to operational control, which is a significant step towards sustainability.","greenergy updated its emissions reporting methodology to operational control, which is a significant step towards sustainability.",not_greenwashing,"The provided context demonstrates that Greenergy is actively tracking and reporting its Scope 1 + Scope 2 greenhouse gas emissions, setting reduction targets, and achieving reductions. Updating the emissions reporting methodology to operational control is a standard practice for more accurate emissions accounting and is a step towards improved sustainability reporting, not inherently misleading. The context provides numerous data points supporting Greenergy's efforts to reduce emissions.",graphrag,5.0,5.0,5.0,5.0,5.0,5.0
"Greenergy voluntarily assesses the impact of capital expenditure on emissions intensity, going beyond legal requirements.","greenergy voluntarily assesses the impact of capital expenditure on emissions intensity, going beyond legal requirements.",not_greenwashing,"The provided context demonstrates that Greenergy actively measures and reports on its greenhouse gas emissions (Scope 1 & 2) and has set reduction targets for 2030 and 2035. The company reports KPIs related to emissions intensity and total emissions, indicating a proactive approach to emissions management beyond simply complying with legal requirements. The claim that Greenergy voluntarily assesses the impact of capital expenditure on emissions intensity is supported by this evidence of comprehensive emissions tracking and target setting.",graphrag,5.0,5.0,5.0,5.0,5.0,5.0
"Greenergy voluntarily undertook work in 2022 to identify, assess, and manage climate-related risks and opportunities, ahead of the upcoming legal requirement for disclosure.","greenergy voluntarily undertook work in 2022 to identify, assess, and manage climate-related risks and opportunities, ahead of the upcoming legal requirement for disclosure.",not_greenwashing,"The provided context demonstrates that Greenergy has been actively measuring and reporting on its Scope 1 and Scope 2 greenhouse gas emissions since 2020, setting reduction targets, and achieving reductions. The claim that they ""voluntarily undertook work...ahead of the upcoming legal requirement"" is supported by the fact that they were already tracking and working on these metrics before any legal mandate.",graphrag,5.0,5.0,5.0,5.0,5.0,5.0
"Greenergy works with third-party manufacturers to increase the proportion of waste-derived ethanol in petrol blends, aiming to reach a specific target of 20% by 2025.","greenergy works with third-party manufacturers to increase the proportion of waste-derived ethanol in petrol blends, aiming to reach a specific target of 20% by 2025.",not_greenwashing,"The provided context demonstrates that Greenergy is actively working to increase the proportion of waste-derived ethanol in petrol blends, with a stated target of 20% by 2025. The company reports various KPIs related to carbon savings, GHG emission improvements, and renewable energy usage, indicating a commitment to sustainability. There is no evidence to suggest the claim is false or misleading.",graphrag,5.0,5.0,5.0,5.0,5.0,5.0
Greenergy's acquisition of biodiesel manufacturing plants demonstrates a strategic move to increase the production of renewable fuels and reduce reliance on fossil fuels.,greenergy's acquisition of biodiesel manufacturing plants demonstrates a strategic move to increase the production of renewable fuels and reduce reliance on fossil fuels.,not_greenwashing,"The provided context demonstrates Greenergy actively works to increase renewable fuel production and reduce reliance on fossil fuels. Multiple KPIObservation entries show increases in carbon savings from biofuels (79.8% in 2022), reductions in GHG emissions (13% improvement above standard diesel, 13.7% reduction in total scope 1+2 emissions), and a commitment to renewable energy sources (targets for 2025 and 2035). The acquisition of biodiesel plants aligns with these reported efforts and documented KPIs.",graphrag,5.0,5.0,5.0,5.0,5.0,5.0
"Greenergy's acquisition of biodiesel manufacturing plants is a significant step towards a sustainable future, showcasing the company's commitment to green energy.","greenergy's acquisition of biodiesel manufacturing plants is a significant step towards a sustainable future, showcasing the company's commitment to green energy.",not_greenwashing,"The provided context demonstrates Greenergy actively reports and works towards several sustainability KPIs, including carbon savings from biofuels (79.8% in 2022), reductions in Scope 1 & 2 greenhouse gas emissions, and a high percentage of biodiesel derived from waste (100% in 2017). The company also has targets for increasing renewable energy consumption. The acquisition of biodiesel manufacturing plants aligns with these reported efforts and demonstrated commitment to green energy, and is therefore a factual statement.",graphrag,5.0,5.0,5.0,5.0,5.0,5.0
Greenergy's circular economy products will solve the global waste problem.,greenergy's circular economy products will solve the global waste problem.,greenwashing,"The claim that ""Greenergy's circular economy products will solve the global waste problem"" is contradicted by the provided context. While Greenergy reports various positive ESG metrics (carbon savings, waste-derived biodiesel, renewable energy targets), these are incremental improvements and do not equate to *solving* the global waste problem. The data shows waste is still generated (43883 metric tonnes in 2022) and focuses on mitigating impacts rather than complete resolution. The claim is an overstatement and lacks factual basis given the scale of the global waste issue and the company's reported activities.",graphrag,3.0,4.0,4.0,4.0,5.0,4.0
"Greenergy's climate adaptation measures make the company resilient to climate hazards, implying that the company is fully sustainable.","greenergy's climate adaptation measures make the company resilient to climate hazards, implying that the company is fully sustainable.",greenwashing,"The claim states Greenergy is ""fully sustainable"" because of its climate adaptation measures. However, the provided context details numerous KPIs related to *reducing* greenhouse gas emissions (Scope 1 & 2) with targets set for 2030 and 2035. This indicates the company is currently *not* fully sustainable and is actively working to *become* more sustainable. Framing adaptation measures as equivalent to full sustainability is a partial truth presented as a whole, misleadingly implying a current state of complete environmental responsibility.",graphrag,5.0,5.0,5.0,5.0,5.0,5.0
Greenergy's commitment to assessing the impact of capital expenditure on emissions intensity is a voluntary sustainability initiative.,greenergy's commitment to assessing the impact of capital expenditure on emissions intensity is a voluntary sustainability initiative.,not_greenwashing,"The provided context demonstrates that Greenergy publicly reports on its Scope 1 + Scope 2 greenhouse gas emissions and has set targets for reduction. The act of assessing the impact of capital expenditure on emissions intensity is part of this broader emissions reporting and reduction strategy, and is not presented as a standalone voluntary initiative, but rather as a component of their overall ESG efforts. Therefore, it is not a misrepresentation to characterize this assessment as part of a voluntary sustainability initiative, as they are voluntarily setting and reporting on emissions targets.",graphrag,5.0,5.0,5.0,5.0,5.0,5.0
Greenergy's GTT project will use end-of-life tyres to produce low carbon biofuels and recovered carbon black for new tyre production.,greenergy's gtt project will use end-of-life tyres to produce low carbon biofuels and recovered carbon black for new tyre production.,not_greenwashing,"The provided context demonstrates Greenergy actively reports on and achieves reductions in greenhouse gas emissions, and has targets for further reductions. The claim about using end-of-life tires to produce biofuels and recovered carbon black aligns with their focus on sustainability and reducing waste, as evidenced by their reported carbon savings from biofuels (up to 79.8% in 2022). While the specific details of the ""GTT project"" aren't elaborated on in the context, the overall data supports the claim's plausibility and doesn't present any verifiable inaccuracies.",graphrag,5.0,5.0,5.0,5.0,5.0,5.0
Greenergy's low-carbon road fuel product offering is the key to achieving a sustainable future.,greenergy's low-carbon road fuel product offering is the key to achieving a sustainable future.,not_greenwashing,"The provided context demonstrates that Greenergy is actively working to reduce its environmental impact and has reported significant achievements in carbon savings and GHG emission reductions. Specifically, the company achieved 79.8% carbon savings from biofuels in 2022 and a 13% GHG emission improvement above standard diesel. They also have targets for further reductions by 2030. While the claim is broad, the supporting data indicates Greenergy is making substantial efforts towards sustainability, and the claim isn't demonstrably false based on the provided information.",graphrag,5.0,5.0,5.0,5.0,5.0,5.0
"Greenergy's Next Gen projects are enabling the company to produce development fuels under the RTFO, thereby contributing to sustainability goals.","greenergy's next gen projects are enabling the company to produce development fuels under the rtfo, thereby contributing to sustainability goals.",not_greenwashing,"The provided context demonstrates that Greenergy is actively tracking and reporting on various sustainability KPIs, including carbon savings from biofuels, greenhouse gas emission reductions, and renewable energy consumption. These efforts are documented with specific data points and targets, indicating genuine engagement with sustainability goals. The claim that ""Next Gen projects are enabling the company to produce development fuels under the RTFO, thereby contributing to sustainability goals"" is supported by the evidence of reported carbon savings and emission reductions.",graphrag,5.0,5.0,5.0,5.0,5.0,5.0
Greenergy's Next Gen projects are making significant strides in producing development fuels under the RTFO.,greenergy's next gen projects are making significant strides in producing development fuels under the rtfo.,not_greenwashing,"The provided context demonstrates that Greenergy is actively tracking and reporting on various ESG KPIs, including carbon savings from biofuels, greenhouse gas emission reductions, and renewable energy consumption. These are concrete steps towards sustainability, and the company is transparently reporting its progress. The claim that ""Greenergy's Next Gen projects are making significant strides in producing development fuels under the RTFO"" is supported by the data showing carbon savings and emission reductions.",graphrag,5.0,5.0,5.0,5.0,5.0,5.0
"Greenergy's Next Generation project pipeline includes specific initiatives such as investing in wind farms and developing advanced recycling technologies, with clear targets for reducing emissions and waste.","greenergy's next generation project pipeline includes specific initiatives such as investing in wind farms and developing advanced recycling technologies, with clear targets for reducing emissions and waste.",not_greenwashing,"The provided context demonstrates that Greenergy has specific initiatives (investing in wind farms, developing recycling technologies) and measurable targets for reducing emissions and waste. The knowledge graph details several KPIObservations showing both achieved reductions and future targets related to greenhouse gas emissions, renewable energy adoption, and employee sustainability perception. This supports the claim that Greenergy is actively working towards sustainability goals.",graphrag,5.0,5.0,5.0,5.0,5.0,5.0
Greenergy's next generation projects are eco-friendly and contribute to a circular economy.,greenergy's next generation projects are eco-friendly and contribute to a circular economy.,not_greenwashing,"The provided context demonstrates Greenergy is actively working towards sustainability goals and reporting on its progress. Specifically, the company reports carbon savings from biofuels (79.8% in 2022), targets for reducing greenhouse gas emissions (50% reduction by 2030), and a high level of employee perception of sustainability as a core strategy (85% in 2022). These are concrete actions and reported metrics, supporting the claim that their projects are eco-friendly and contribute to a circular economy.",graphrag,5.0,5.0,5.0,5.0,5.0,5.0
Greenergy's operations are now eco-friendly due to investments in adaptation measures.,greenergy's operations are now eco-friendly due to investments in adaptation measures.,not_greenwashing,"The provided context demonstrates that Greenergy is actively working towards environmental goals, as evidenced by reported carbon savings from biofuels (79.8% in 2022), targets for reducing greenhouse gas emissions (50% reduction by 2030), and investments in renewable energy sources. These are quantifiable achievements and targets, supporting the claim that their operations are becoming more eco-friendly due to adaptation measures.",graphrag,5.0,5.0,5.0,5.0,5.0,5.0
"Greenergy's products are designed to avoid 12mt CO2e by 2035, demonstrating a concrete commitment to reducing emissions.","greenergy's products are designed to avoid 12mt co2e by 2035, demonstrating a concrete commitment to reducing emissions.",not_greenwashing,"The provided context explicitly states that ""avoiding 12mt CO2e by 2035 with our products"" is a commitment Greenergy has made. This is supported by multiple references throughout the document, indicating a clear goal and reported savings towards this objective.",rag,5.0,5.0,5.0,5.0,5.0,5.0
Greenergy's products are eco-friendly and will help avoid significant CO2 emissions.,greenergy's products are eco-friendly and will help avoid significant co2 emissions.,not_greenwashing,"The context provides evidence supporting the claim that Greenergy's products contribute to avoiding CO2 emissions. Specifically, it states they aim to help customers avoid 8m tCO2e by 2030 and 12m tCO2e by 2035, and in 2022 alone, their biofuels saved 7.1m tonnes CO2e. This demonstrates a tangible positive environmental impact.",rag,5.0,5.0,5.0,5.0,5.0,5.0
Greenergy's restated historical emissions data proves the company's commitment to sustainability.,greenergy's restated historical emissions data proves the company's commitment to sustainability.,not_greenwashing,"The provided context demonstrates that Greenergy reports historical emissions data and has set targets for reducing greenhouse gas emissions (Scope 1 & 2). The data shows both achieved reductions and future targets, indicating a commitment to sustainability that is supported by quantifiable metrics. The claim that restated historical emissions data proves a commitment to sustainability is therefore accurate, as the data itself demonstrates this commitment.",graphrag,5.0,5.0,5.0,5.0,5.0,5.0
"Greenergy's robust and diverse global supply chain includes detailed metrics and partnerships that ensure reliable access to waste-derived feedstock, reducing the risk of supply disruptions.","greenergy's robust and diverse global supply chain includes detailed metrics and partnerships that ensure reliable access to waste-derived feedstock, reducing the risk of supply disruptions.",abstain,"The provided context details Greenergy's sustainability metrics and targets, including greenhouse gas emissions, waste generation, and renewable energy consumption. However, it does not provide any information to verify or refute the claim about their supply chain for waste-derived feedstock. The context does not mention the specifics of their supply chain, metrics used, or partnerships in place to ensure reliability and reduce disruption risk. Therefore, I cannot determine if the claim is factually accurate or misleading.",graphrag,1.0,1.0,1.0,1.0,1.0,1.0
"Greenergy's SAF project is the first of its kind in the UK to produce SAF from waste oils, making it a groundbreaking and sustainable initiative.","greenergy's saf project is the first of its kind in the uk to produce saf from waste oils, making it a groundbreaking and sustainable initiative.",not_greenwashing,"The provided context demonstrates Greenergy is actively working to reduce its environmental impact and increase its use of renewable energy. The company reports on various KPIs related to carbon savings, greenhouse gas emissions reduction, and renewable energy consumption, with established targets for future improvements. While the claim highlights the project as ""groundbreaking,"" the data supports that it is a genuine initiative focused on sustainability, utilizing waste oils for SAF production and contributing to emissions reductions.",graphrag,5.0,5.0,5.0,5.0,5.0,5.0
Kering aims to measure and reduce its environmental impact and that of its customers through specific initiatives such as carbon footprint reduction and waste management programs.,kering aims to measure and reduce its environmental impact and that of its customers through specific initiatives such as carbon footprint reduction and waste management programs.,not_greenwashing,"The context provides extensive evidence supporting the claim. Kering utilizes the Environmental Profit and Loss (EP&L) methodology to quantify environmental impacts across its entire supply chain, aiming for reductions in greenhouse gas emissions (scopes 1, 2, and 3), and actively engages in initiatives like the Regenerative Fund for Nature and investments in innovative technologies like lab-grown leather. They also track and report on progress towards these goals, demonstrating a genuine effort to address environmental concerns.",rag,5.0,5.0,5.0,5.0,5.0,5.0
"Kering aims to source 100% of its raw materials from sustainable sources by 2025, highlighting a significant achievement of 30% already reached.","kering aims to source 100% of its raw materials from sustainable sources by 2025, highlighting a significant achievement of 30% already reached.",not_greenwashing,"The claim states Kering aims for 100% sustainable sourcing by 2025 and has already reached 30%. While the provided context doesn't directly confirm the 30% figure, it *does* demonstrate significant progress in sourcing sustainable materials across various categories (cotton, silk, cashmere, etc.), with many KPIs already at or exceeding 70% as of 2022. This supports the overall direction of the claim and suggests it is not factually inaccurate. The context shows a clear commitment and measurable progress towards the stated goal.",graphrag,5.0,5.0,5.0,5.0,5.0,5.0
"Kering boasts a library of sustainable materials, making the company a leader in eco-friendly practices.","kering boasts a library of sustainable materials, making the company a leader in eco-friendly practices.",not_greenwashing,"The context explicitly states that Kering maintains a library of ‘almost 5,000 sustainable materials,’ and that the Material Innovation Lab (MIL) connects suppliers and houses to these resources. This confirms the claim that Kering possesses a large collection of sustainable materials and actively utilizes them, supporting the assertion of leadership in eco-friendly practices.",rag,5.0,5.0,5.0,5.0,5.0,5.0
Kering boasts about achieving 19% energy savings on average per site through the Clean by Design program without providing detailed data or third-party verification.,kering boasts about achieving 19% energy savings on average per site through the clean by design program without providing detailed data or third-party verification.,greenwashing,"The claim states Kering achieves 19% energy savings per site through the Clean by Design program. However, the provided knowledge graph shows Kering reports 19% energy savings in 2021 (source: kering_2020_2023.pdf_21_1), and a separate report shows 52% GHG Emissions Intensity Reduction in 2022 (source: kering_2020_2023.pdf_7_3). The claim lacks specificity (average across all sites, over what timeframe?) and is not supported by consistent, verifiable data. The lack of detailed data and third-party verification, as noted in the claim itself, further suggests the reported savings may be overstated or selectively presented.",graphrag,3.0,4.0,4.0,4.0,5.0,4.0
Kering claims that Alexander McQueen's use of archive/surplus stock fabrics in the 2021 pre-spring/summer collection is a sustainable practice without providing specific metrics or definitions for what constitutes sustainability in this context.,kering claims that alexander mcqueen's use of archive/surplus stock fabrics in the 2021 pre-spring/summer collection is a sustainable practice without providing specific metrics or definitions for what constitutes sustainability in this context.,abstain,"While the document notes that Alexander McQueen utilizes archive/surplus stock fabrics, it does not offer quantifiable data or a clear definition of 'sustainable' in relation to this practice. Therefore, I cannot definitively confirm or refute the claim's implication regarding sustainability without further information.",rag,3.0,4.0,4.0,4.0,5.0,4.0
Kering claims that regenerative agriculture projects are benefiting the environment without providing evidence or third-party verification of these claims.,kering claims that regenerative agriculture projects are benefiting the environment without providing evidence or third-party verification of these claims.,greenwashing,"The context provides extensive evidence of Kering's investment in regenerative agriculture projects, including specific details about grantees, hectares impacted, and beneficiaries. It outlines the ‘Regenerative Fund for Nature’ and its goals, along with metrics such as 840,000 hectares dedicated to regenerative agriculture and benefits for 60,000 people. This demonstrates concrete actions and measurable results, contradicting the claim that they are making claims without evidence.",rag,5.0,5.0,5.0,5.0,5.0,5.0
"Kering claims that skilled artisans and suppliers are critical for decarbonizing the supply chain, but does not mention the significant environmental impact of the luxury goods industry.","kering claims that skilled artisans and suppliers are critical for decarbonizing the supply chain, but does not mention the significant environmental impact of the luxury goods industry.",abstain,"The provided context focuses on Kering's investments in innovation, partnerships with startups, and educational programs related to sustainability. It does not include information regarding Kering's explicit statements about the role of artisans and suppliers in decarbonization, nor does it present a comprehensive assessment of the environmental impact of the luxury goods industry. Therefore, I cannot verify the claim's accuracy.",rag,3.0,3.0,3.0,4.0,2.0,3.0
"Kering claims that the D(r)ye Factory of the Future project will revolutionize the textile industry by reducing water, energy, and chemicals consumption, without mentioning any potential trade-offs or limitations.","kering claims that the d(r)ye factory of the future project will revolutionize the textile industry by reducing water, energy, and chemicals consumption, without mentioning any potential trade-offs or limitations.",abstain,"The claim states Kering does not mention trade-offs or limitations of the D(r)ye Factory of the Future project. While the provided context demonstrates Kering reports on various environmental KPIs and reductions, it does not contain information about whether Kering *explicitly* discusses potential trade-offs or limitations of this specific project in its communications. Therefore, I cannot verify the claim's accuracy.",graphrag,3.0,4.0,4.0,4.0,4.0,3.8
"Kering claims to be pioneering in sustainability efforts, but does not provide any evidence or context to support this claim, making it difficult to verify the company's leadership in sustainability.","kering claims to be pioneering in sustainability efforts, but does not provide any evidence or context to support this claim, making it difficult to verify the company's leadership in sustainability.",not_greenwashing,"The provided context demonstrates that Kering *is* making sustainability efforts and reporting on key performance indicators (KPIs) related to environmental and social impact. While the claim of ""pioneering"" is subjective, the data shows concrete achievements in areas like reducing GHG emissions, increasing the use of recycled materials, and improving alignment with sustainability standards. The lack of specific evidence *supporting* the claim doesn't automatically make it greenwashing; the context provides evidence of actual progress.",graphrag,3.0,4.0,4.0,4.0,5.0,4.0
"Kering claims to collaborate with partners and stakeholders to achieve systemic change and decarbonize the supply chain, but does not provide specific metrics or definitions for these collaborations.","kering claims to collaborate with partners and stakeholders to achieve systemic change and decarbonize the supply chain, but does not provide specific metrics or definitions for these collaborations.",abstain,"While the context emphasizes Kering's collaborative approach and provides examples like the Fashion Pact and Watch & Jewellery Initiative 2030, it does not include quantifiable metrics or detailed definitions of 'systemic change' or 'decarbonization'. Therefore, I cannot verify the extent or effectiveness of these collaborations or assess whether the claim is factually accurate or misleading.",rag,3.0,4.0,4.0,4.0,5.0,4.0
Kering claims to have a circularity strategy without specifying any concrete projects or impacts.,kering claims to have a circularity strategy without specifying any concrete projects or impacts.,greenwashing,"The claim states Kering has a ""circularity strategy"" but provides no concrete projects or impacts. While the provided context demonstrates Kering reports on various sustainability KPIs (e.g., emissions reduction, renewable energy sourcing, recycled paper usage), these are individual initiatives and do not necessarily equate to a comprehensive, clearly defined circularity strategy. The lack of specifics suggests the claim is a broad statement without substantial backing, presenting a partial truth as a whole strategy.",graphrag,3.0,4.0,4.0,4.0,4.0,3.8
"Kering claims to recover and reuse fashion show materials through a partnership with Spazio META, but the report lacks specific metrics or evidence to support the scale and impact of this initiative.","kering claims to recover and reuse fashion show materials through a partnership with spazio meta, but the report lacks specific metrics or evidence to support the scale and impact of this initiative.",abstain,"While the context confirms Kering partnered with Spazio META to recover and reuse fashion show fittings and visual merchandising elements, it does not provide quantifiable metrics or detailed evidence demonstrating the extent of this practice. Therefore, I cannot verify if the claim implies a substantial or limited effort, and thus must abstain.",rag,3.0,4.0,4.0,4.0,5.0,4.0
"Kering claims to support regenerative agriculture projects without defining what ""regenerative"" means, leading to potential confusion about the specific practices involved.","kering claims to support regenerative agriculture projects without defining what ""regenerative"" means, leading to potential confusion about the specific practices involved.",greenwashing,"The claim states Kering ""supports regenerative agriculture projects"" without defining what ""regenerative"" means. While the provided context demonstrates Kering tracks metrics related to sourcing of materials like organic or recycled cotton, wool, and cashmere, it does not provide any evidence of a clear, defined standard for ""regenerative agriculture"" that Kering is using or supporting. The lack of definition allows for potentially misleading interpretations of their support, as ""regenerative"" is a term with varying definitions and standards. This ambiguity contradicts the idea of transparent and verifiable sustainability claims.",graphrag,3.0,4.0,4.0,4.0,5.0,4.0
Kering collaborates with partners and stakeholders to achieve systemic change and decarbonize the supply chain.,kering collaborates with partners and stakeholders to achieve systemic change and decarbonize the supply chain.,not_greenwashing,"The provided context explicitly states that Kering ‘approach[es] all our endeavors in the spirit of collaboration,’ works with suppliers to uphold standards, and aims to ‘decarbonize the supply chain.’ It also provides examples of collaborations like the Watch & Jewellery Initiative 2030 and partnerships with organizations such as Conservation International and L’Occitane Group. Therefore, the claim is factually accurate based on the provided information.",rag,5.0,5.0,5.0,5.0,5.0,5.0
"Kering deepens circular initiatives through unique collaborations and synergies, operationalizing these efforts with clear strategies and measurable outcomes that demonstrate significant progress in sustainability.","kering deepens circular initiatives through unique collaborations and synergies, operationalizing these efforts with clear strategies and measurable outcomes that demonstrate significant progress in sustainability.",not_greenwashing,"The provided context demonstrates multiple examples of Kering deepening circular initiatives, including partnering with 226 sustainability startups, investing in companies like VitroLabs and Vestiaire Collective, publishing a Circularity Strategy with defined targets (zero product destruction, zero single-use plastics by 2025, zero microfiber leakage by 2030), and establishing platforms like the Kering Sustainability Innovation Lab. Furthermore, the document outlines measurable outcomes such as reductions in greenhouse gas emissions and increased sourcing of renewable electricity, indicating demonstrable progress in sustainability.",rag,5.0,5.0,5.0,5.0,5.0,5.0
"Kering explains that Alexander McQueen's over-dyeing and over-printing of fabrics reduces waste and extends the lifecycle of materials, supported by data on the reduction in fabric waste and the energy efficiency of these processes.","kering explains that alexander mcqueen's over-dyeing and over-printing of fabrics reduces waste and extends the lifecycle of materials, supported by data on the reduction in fabric waste and the energy efficiency of these processes.",abstain,"The provided context contains data on Kering's use of recycled and organic materials (silk, nylon, polyester, and leather) but does not contain any information regarding Alexander McQueen's specific practices of over-dyeing and over-printing fabrics, nor any data supporting claims of waste reduction or energy efficiency related to these processes. Therefore, I cannot verify the claim's accuracy.",graphrag,1.0,1.0,1.0,1.0,1.0,1.0
"Kering Eyewear claims that the use of ReAce, a 100% pre-consumer recycled acetate, significantly reduces carbon emissions by at least 50% compared to conventional acetate production, without providing any third-party verification or detailed data to support this claim.","kering eyewear claims that the use of reace, a 100% pre-consumer recycled acetate, significantly reduces carbon emissions by at least 50% compared to conventional acetate production, without providing any third-party verification or detailed data to support this claim.",greenwashing,"The claim states Kering Eyewear reduces carbon emissions by ""at least 50%"" using ReAce acetate, but the provided knowledge graph shows Kering's overall GHG emissions reductions (Scope 1 & 2) were 71% as of 2022, and EP&L intensity reductions ranged from 34-40% between 2020-2021. There is no evidence in the provided data to support the specific 50% reduction claim *solely* attributable to ReAce acetate, and the lack of third-party verification further suggests potential exaggeration. The claim contradicts the broader emissions reduction data for the company as a whole.",graphrag,3.0,4.0,4.0,4.0,5.0,4.0
"Kering has actively engaged in the Clean by Design program, demonstrating a commitment to reducing energy and water use in textile mills, which is a voluntary and collaborative effort beyond legal requirements.","kering has actively engaged in the clean by design program, demonstrating a commitment to reducing energy and water use in textile mills, which is a voluntary and collaborative effort beyond legal requirements.",not_greenwashing,"The provided context explicitly states that Kering 'immediately signed up' to the Clean by Design program initiated by the Natural Resources Defense Council. It details the implementation of the program at numerous supplier sites and highlights positive outcomes like 'averaging 19% in energy savings per site'. This demonstrates active participation in a collaborative initiative aimed at exceeding standard environmental practices, supporting the claim that it is a voluntary effort.",rag,5.0,5.0,5.0,5.0,5.0,5.0
"Kering has collaborated with various organizations to promote sustainable practices in the fashion industry, including the implementation of a circular economy model with the Ellen MacArthur Foundation.","kering has collaborated with various organizations to promote sustainable practices in the fashion industry, including the implementation of a circular economy model with the ellen macarthur foundation.",not_greenwashing,"The provided context confirms that Kering collaborates with organizations like the Ellen MacArthur Foundation to promote sustainable practices, specifically mentioning a circular economy model. This aligns with the claim and is supported by the available information. While the context focuses on other sustainability metrics (gender equality, emissions reduction, etc.), it doesn't contradict the claim about collaboration with the Ellen MacArthur Foundation.",graphrag,5.0,5.0,5.0,5.0,5.0,5.0
Kering has collaborated with various organizations to promote sustainable practices in the fashion industry.,kering has collaborated with various organizations to promote sustainable practices in the fashion industry.,not_greenwashing,"The provided context demonstrates multiple instances of Kering collaborating with other entities to advance sustainability initiatives. Examples include partnerships with universities (Bocconi, IFM), Fashion for Good, LVMH, L’Occitane, and BSR. These collaborations demonstrate a genuine effort to promote sustainable practices, supporting the claim.",rag,5.0,5.0,5.0,5.0,5.0,5.0
"Kering has committed to reducing its carbon footprint by 40% by 2030, in line with the Paris Agreement goals.","kering has committed to reducing its carbon footprint by 40% by 2030, in line with the paris agreement goals.",not_greenwashing,"The provided context includes multiple KPIObservation entries demonstrating Kering's commitment to reducing its environmental impact. Specifically, several entries detail reductions in greenhouse gas emissions (Scope 1, Scope 2, and Scope 3) and EP&L intensity, with targets set for 2025, 2030, and 2035. The claim of a 40% carbon footprint reduction by 2030 aligns with these documented targets and achievements.",graphrag,5.0,5.0,5.0,5.0,5.0,5.0
"Kering has committed to reducing its carbon footprint by 40% by 2030, which is a mandatory requirement under the Paris Agreement.","kering has committed to reducing its carbon footprint by 40% by 2030, which is a mandatory requirement under the paris agreement.",greenwashing,"While Kering has indeed committed to reducing its carbon footprint, the context indicates they aim to reduce their scope 3 emissions by 70% per unit of value added by 2030 and scopes 1 and 2 by 90%, not 40%. More importantly, the claim frames this commitment as a ‘mandatory requirement under the Paris Agreement,’ which is false. The Paris Agreement does not impose specific emission reduction targets on individual companies; it sets goals for national governments. Therefore, presenting a voluntary company target as a legal obligation constitutes greenwashing.",rag,5.0,5.0,5.0,5.0,5.0,5.0
"Kering has established a centralized dashboard to track stock levels across all Houses and has implemented various strategies to reduce excess inventory, including friends and family sales, leveraging outlet stores, and piloting new recycling methods for unsold stock.","kering has established a centralized dashboard to track stock levels across all houses and has implemented various strategies to reduce excess inventory, including friends and family sales, leveraging outlet stores, and piloting new recycling methods for unsold stock.",not_greenwashing,"The provided context explicitly states: ""in 2020, we created a centralized dashboard at Group level to track stock levels across all our Houses...We’ve set up different strategies to reduce this, including: friends and family sales for our employees; leveraging our Houses’ outlet stores; and piloting new ways to recycle obsolete stock that can’t be sold otherwise."" Therefore, the claim is factually accurate based on the provided documentation.",rag,5.0,5.0,5.0,5.0,5.0,5.0
"Kering has invested in VitroLabs to produce ""real"" cow skin in a lab, which is a game-changer for sustainability.","kering has invested in vitrolabs to produce ""real"" cow skin in a lab, which is a game-changer for sustainability.",not_greenwashing,"The provided context explicitly states that ""Kering invested in VitroLabs to help them build and scale the world’s first pilot production of cell-cultivated leather...By not using the actual animals it removes all impacts associated with conventional leather."" This accurately reflects Kering's investment and the potential environmental benefits of lab-grown leather, aligning with the claim.",rag,5.0,5.0,5.0,5.0,5.0,5.0
"Kering has invested in VitroLabs to produce cell-cultivated leather, which aims to reduce the environmental impacts associated with traditional leather production.","kering has invested in vitrolabs to produce cell-cultivated leather, which aims to reduce the environmental impacts associated with traditional leather production.",not_greenwashing,"The provided context explicitly states that ""Kering invests in VitroLabs to scale world’s first lab-grown leather."" Furthermore, the document explains that this lab-grown leather replicates cow-skin cells in a lab without using animals, thereby removing impacts related to conventional leather and animal husbandry, such as land use and greenhouse gas emissions. This confirms the claim's accuracy.",rag,5.0,5.0,5.0,5.0,5.0,5.0
Kering has launched a new sustainable material for its products.,kering has launched a new sustainable material for its products.,not_greenwashing,"The context describes the Kering Material Innovation Lab (MIL) which houses a library of almost 5,000 sustainable materials and actively researches and tests innovative technologies related to sustainable materials. This demonstrates Kering's ongoing effort to identify and utilize sustainable materials, thus verifying the claim that Kering has launched a new sustainable material for its products.",rag,5.0,5.0,5.0,5.0,5.0,5.0
"Kering has maintained a strategic partnership with the International Union for Conservation of Nature (IUCN) since 2019, supporting the Red List of Threatened Species project.","kering has maintained a strategic partnership with the international union for conservation of nature (iucn) since 2019, supporting the red list of threatened species project.",not_greenwashing,"The provided context confirms that Kering has had a strategic partnership with the IUCN since 2019, supporting the Red List of Threatened Species project. This is a verifiable fact based on the provided knowledge graph data.",graphrag,5.0,5.0,5.0,5.0,5.0,5.0
"Kering has taken a pioneering role by becoming the first IPBES private sector supporter, demonstrating a commitment to biodiversity and ecosystem services.","kering has taken a pioneering role by becoming the first ipbes private sector supporter, demonstrating a commitment to biodiversity and ecosystem services.",not_greenwashing,"The provided context explicitly states that ""Kering, the first IPBES private sector supporter..."" This confirms the claim is factually accurate according to the given documentation.",rag,5.0,5.0,5.0,5.0,5.0,5.0
"Kering highlights its ban on destroying excess inventory as a significant sustainability achievement, without mentioning that this is a legal requirement in many jurisdictions.","kering highlights its ban on destroying excess inventory as a significant sustainability achievement, without mentioning that this is a legal requirement in many jurisdictions.",greenwashing,"The context does mention Kering's commitment to 'Zero product destruction', however, it does not state whether this is a voluntary effort or a response to existing legislation. Based on my internal knowledge, several countries (like France) have implemented laws prohibiting the destruction of unsold non-food items. Therefore, presenting this as a purely voluntary sustainability achievement could be considered misrepresenting a legal obligation as a voluntary initiative.",rag,3.0,4.0,4.0,4.0,5.0,4.0
Kering highlights the Balenciaga Re-sell Program as a major sustainability initiative without specifying how much clothing is actually reused or recycled.,kering highlights the balenciaga re-sell program as a major sustainability initiative without specifying how much clothing is actually reused or recycled.,greenwashing,"The context describes the Balenciaga Re-sell Program as encouraging reuse and recycling, but does not include any quantitative data on the volume of clothing resold or recycled through the program. Highlighting the program as a ‘major sustainability initiative’ without providing metrics on its actual impact suggests a partial presentation of information, implying greater success than may be the case.",rag,3.0,4.0,4.0,4.0,5.0,4.0
Kering implements a circularity strategy with projects at both Group and House levels.,kering implements a circularity strategy with projects at both group and house levels.,not_greenwashing,"The provided context demonstrates that Kering is actively tracking and reporting on various environmental, social, and governance (ESG) metrics, including reductions in environmental impacts, GHG emissions, and increases in female representation in leadership positions. The claim that Kering implements a circularity strategy with projects at both Group and House levels is supported by the company's focus on KPIs related to sustainability and responsible business practices. While the context doesn't explicitly define a ""circularity strategy,"" the reported progress on various ESG factors suggests active efforts in this direction.",graphrag,5.0,5.0,5.0,5.0,5.0,5.0
"Kering initiated the Watch & Jewellery Initiative 2030, a coalition focused on climate resilience, resource conservation, and inclusion, demonstrating a proactive approach to sustainability.","kering initiated the watch & jewellery initiative 2030, a coalition focused on climate resilience, resource conservation, and inclusion, demonstrating a proactive approach to sustainability.",not_greenwashing,"The provided context demonstrates Kering actively reports and achieves reductions in various environmental and social KPIs, including greenhouse gas emissions, renewable energy sourcing, and responsible material sourcing. The claim that Kering initiated the Watch & Jewellery Initiative 2030, focused on sustainability, aligns with this demonstrated commitment to proactive sustainability efforts. While the context doesn't *specifically* detail the initiative, it provides ample evidence of Kering's broader sustainability focus, making the claim plausible and not demonstrably false.",graphrag,5.0,5.0,5.0,5.0,5.0,5.0
"Kering invested in VitroLabs to scale the production of lab-grown leather, aiming to reduce environmental impact.","kering invested in vitrolabs to scale the production of lab-grown leather, aiming to reduce environmental impact.",not_greenwashing,"The provided context explicitly states that ""Kering invests in VitroLabs to scale world’s first lab-grown leather."" Furthermore, the surrounding text explains that this investment aims to remove the impacts associated with conventional leather production, indicating a focus on reducing environmental impact. Therefore, the claim is factually accurate based on the given information.",rag,5.0,5.0,5.0,5.0,5.0,5.0
"Kering is collaborating on the Full Circle Textile project, which aims to develop fiber-to-fiber recycling technologies for cellulosic-based textiles.","kering is collaborating on the full circle textile project, which aims to develop fiber-to-fiber recycling technologies for cellulosic-based textiles.",not_greenwashing,"The provided context explicitly states ""Full Circle Textile: a consortium of brands, suppliers and innovators working together on fiber-to-fiber recycling technologies for cellulosic based textiles."" This confirms Kering's collaboration on the project and accurately describes its aim.",rag,5.0,5.0,5.0,5.0,5.0,5.0
Kering is committed to scaling nascent technologies to create a lasting impact in the fashion industry.,kering is committed to scaling nascent technologies to create a lasting impact in the fashion industry.,not_greenwashing,"The provided context demonstrates Kering's commitment to scaling technologies through investments in startups like VitroLabs (lab-grown leather), partnerships with numerous sustainability startups (226+), and establishing platforms like the Kering Sustainability Innovation Lab. These actions demonstrate concrete steps toward fostering innovation and creating a positive impact, supporting the claim without contradiction.",rag,5.0,5.0,5.0,5.0,5.0,5.0
"Kering is committed to sustainability by aiming for zero product destruction and 100% renewable energy, showcasing a strong environmental stance.","kering is committed to sustainability by aiming for zero product destruction and 100% renewable energy, showcasing a strong environmental stance.",not_greenwashing,"The context provides clear evidence supporting the claim. It explicitly states goals for ""zero single-use plastics by 2025"" and ""zero microfibre leakage by 2030"", which align with minimizing product waste and environmental harm. Additionally, the document indicates they achieved ""100%...annual sourcing of renewable electricity by 2022"". These demonstrate concrete actions towards sustainability.",rag,5.0,5.0,5.0,5.0,5.0,5.0
Kering is validating and scaling bio-black pigments derived from waste feedstocks as part of the Black Pigment project.,kering is validating and scaling bio-black pigments derived from waste feedstocks as part of the black pigment project.,not_greenwashing,"The provided context explicitly states that Kering is involved in the ""Black Pigment"" project which aims to validate and scale bio-black pigments derived from waste feedstocks. This confirms the claim is factually accurate.",rag,5.0,5.0,5.0,5.0,5.0,5.0
"Kering leads the Fashion Pact, an alliance that aims to tackle climate, ocean, and biodiversity issues, showcasing the company's commitment to sustainability.","kering leads the fashion pact, an alliance that aims to tackle climate, ocean, and biodiversity issues, showcasing the company's commitment to sustainability.",not_greenwashing,"The provided context explicitly states that Kering ‘originally established’ the Fashion Pact in 2019 and continues to lead it. It also outlines the pact’s focus on ‘Climate, Oceans and Biodiversity.’ This demonstrates a genuine effort toward sustainability, aligning with the claim.",rag,5.0,5.0,5.0,5.0,5.0,5.0
"Kering partners with Albini Group, Supima, and Oritain to use forensic science and statistical analysis to ensure 100% traceability of organic cotton, verifying the authenticity and quality of the raw material, fabric, and final product.","kering partners with albini group, supima, and oritain to use forensic science and statistical analysis to ensure 100% traceability of organic cotton, verifying the authenticity and quality of the raw material, fabric, and final product.",not_greenwashing,"The provided context explicitly states: ""As a first in Luxury and fashion back in October 2018, Kering partnered with Albini Group, Supima and Oritain in a novel approach to guarantee 100% traceable organic cotton."" The description of the method aligns with the context, indicating the claim is factually accurate.",rag,5.0,5.0,5.0,5.0,5.0,5.0
"Kering partners with Spazio META to recover and reuse fashion show materials, providing specific metrics and evidence that demonstrate the initiative's success in reducing waste and promoting circularity.","kering partners with spazio meta to recover and reuse fashion show materials, providing specific metrics and evidence that demonstrate the initiative's success in reducing waste and promoting circularity.",not_greenwashing,"The claim states Kering partners with Spazio META to recover and reuse fashion show materials, providing metrics and evidence of success. While the provided context doesn't directly mention the partnership with Spazio META, it *does* provide numerous KPIs demonstrating Kering's commitment to sustainability and circularity (e.g., increased use of recycled materials, reduction in EP&L intensity, increased representation of women in leadership). This supports the claim that Kering is actively working towards reducing waste and promoting circularity, even without specific details on the Spazio META partnership. The available evidence suggests the claim is likely accurate, even if not fully detailed in the provided context.",graphrag,4.0,4.0,4.0,4.0,5.0,4.2
"Kering proudly claims to be a leader in sustainability by participating in the Clean by Design program, which is just a mandatory industry initiative.","kering proudly claims to be a leader in sustainability by participating in the clean by design program, which is just a mandatory industry initiative.",greenwashing,"The context does not mention the Clean by Design program. However, the extensive documentation of Kering's proactive sustainability initiatives—including establishing sustainability departments, committing to UN Global Compact principles, developing the EP&L methodology, setting ambitious emission reduction targets, investing in innovative technologies like VitroLabs, and partnering with organizations like Conservation International—suggests a genuine commitment extending *beyond* mere regulatory compliance. Therefore, framing participation in a potentially mandatory program as a demonstration of leadership is misleading.",rag,5.0,5.0,5.0,5.0,5.0,5.0
"Kering proudly claims to be on a path to sustainability by eliminating product destruction and achieving 100% renewable energy, without providing details on how these goals will be met.","kering proudly claims to be on a path to sustainability by eliminating product destruction and achieving 100% renewable energy, without providing details on how these goals will be met.",abstain,"The claim states Kering is ""on a path to sustainability"" by eliminating product destruction and achieving 100% renewable energy ""without providing details."" The provided context demonstrates Kering *has* made progress on sustainability metrics (GHG emissions reduction, renewable energy sourcing, etc.), but it doesn't confirm whether they have *fully* eliminated product destruction or achieved 100% renewable energy. The lack of specifics in the claim, combined with the context showing ongoing efforts rather than completed goals, prevents a definitive ""greenwashing"" or ""not_greenwashing"" determination. It's a vague statement of intent without verifiable completion.",graphrag,3.0,4.0,4.0,4.0,4.0,3.8
"Kering proudly claims to have set up 65 initiatives to support key actions related to sorting, dismantling, selling, donating, and recycling unsold goods, but fails to provide specific details or metrics on the effectiveness of these initiatives.","kering proudly claims to have set up 65 initiatives to support key actions related to sorting, dismantling, selling, donating, and recycling unsold goods, but fails to provide specific details or metrics on the effectiveness of these initiatives.",greenwashing,"The claim states Kering has set up 65 initiatives to support actions related to unsold goods, but notes the company ""fails to provide specific details or metrics on the effectiveness of these initiatives."" This suggests Kering is highlighting the *existence* of initiatives without demonstrating their actual impact, implying a greater level of sustainability action than is verifiable. The provided context shows Kering *does* report on various KPIs, but none directly address the effectiveness of these 65 initiatives. Therefore, the claim presents a partial truth (the initiatives exist) as a whole (they are effectively addressing the issue of unsold goods).",graphrag,3.0,4.0,4.0,4.0,5.0,4.0
"Kering proudly states that it is on track to achieve 100% sustainable sourcing by 2025, emphasizing the 30% already achieved.","kering proudly states that it is on track to achieve 100% sustainable sourcing by 2025, emphasizing the 30% already achieved.",not_greenwashing,"The claim states Kering is on track to achieve 100% sustainable sourcing by 2025, with 30% already achieved. While the provided context doesn't directly confirm the 30% figure, it does demonstrate Kering is actively tracking and reporting on various sustainability KPIs (e.g., renewable electricity sourcing, recycled materials, GHG emissions reduction) with significant progress made in several areas. This suggests a genuine effort towards sustainable sourcing, supporting the claim that they are on track to meet their 2025 goal.",graphrag,4.0,4.0,4.0,4.0,5.0,4.2
"Kering proudly supports Fashion for Good, showcasing the company's commitment to sustainability by investing in startups that promise to revolutionize the fashion industry.","kering proudly supports fashion for good, showcasing the company's commitment to sustainability by investing in startups that promise to revolutionize the fashion industry.",not_greenwashing,"The context confirms that ""Kering has always approached sustainability with an entrepreneurial spirit and a sense of responsibility to invest in and help bring innovations to market"" and that ""As a Founding Partner of Fashion for Good since 2017, Kering works with the innovation platform to accelerate startups that can help fast-track a transition to a more sustainable and circular Luxury and fashion industry.""",rag,5.0,5.0,5.0,5.0,5.0,5.0
"Kering proudly supports the International Union for Conservation of Nature (IUCN) and other organizations, ensuring a green and sustainable future.","kering proudly supports the international union for conservation of nature (iucn) and other organizations, ensuring a green and sustainable future.",not_greenwashing,The provided context explicitly states that Kering maintains ‘a successful partnership supporting [the IUCN’s] Red List of Threatened Species project.’ It also mentions partnerships with scientific institutions preserving nature’s heritage. This confirms the claim that Kering supports these organizations.,rag,5.0,5.0,5.0,5.0,5.0,5.0
"Kering proudly uses forensic science to ensure 100% traceability of organic cotton, making all of its products eco-friendly.","kering proudly uses forensic science to ensure 100% traceability of organic cotton, making all of its products eco-friendly.",greenwashing,"The claim states ""100% traceability of organic cotton, making all of its products eco-friendly."" While Kering reports 72% organic or recycled cotton (KPIObservation 31e52d8f54e8ba37) and 95% traceability for key raw materials (KPIObservation 728fb259ff8099f6), this does not equate to 100% traceability of *organic cotton* across *all* products, nor does traceability alone guarantee a product is ""eco-friendly."" The claim presents a partial truth (high traceability and increasing use of organic cotton) as a whole (100% traceability and eco-friendliness), which is demonstrably false based on the available data.",graphrag,3.0,4.0,4.0,4.0,5.0,4.0
Kering published a Circularity Strategy with ambitious targets to reduce waste and pollution.,kering published a circularity strategy with ambitious targets to reduce waste and pollution.,not_greenwashing,"The provided context demonstrates that Kering has set and achieved numerous targets related to reducing environmental impacts, including reductions in greenhouse gas emissions, EP&L intensity, and increases in the use of recycled materials. These are concrete, measurable targets, indicating a genuine effort towards circularity and sustainability. The claim that Kering published a Circularity Strategy with ambitious targets is therefore factually accurate.",graphrag,5.0,5.0,5.0,5.0,5.0,5.0
"Kering reports that Alexander McQueen's 2021 pre-spring/summer collection utilized archive/surplus stock fabrics, reducing waste and extending the lifecycle of these materials, with specific details on the methods used (over-dyeing and over-printing).","kering reports that alexander mcqueen's 2021 pre-spring/summer collection utilized archive/surplus stock fabrics, reducing waste and extending the lifecycle of these materials, with specific details on the methods used (over-dyeing and over-printing).",not_greenwashing,The provided context explicitly states that 'Alexander McQueen often uses archive/surplus stock fabrics...in collections' and specifically notes that the 2021 pre-spring/summer collection 'consisted of pieces predominantly made using these fabrics.' It further details the methods employed – 'over-dyeing and over-printing' – to renew these materials. This accurately reflects the reported practice.,rag,5.0,5.0,5.0,5.0,5.0,5.0
Kering reports that the Kering Generation Award has led to measurable environmental and social improvements through the innovations of startups like PEEL SPHERE.,kering reports that the kering generation award has led to measurable environmental and social improvements through the innovations of startups like peel sphere.,not_greenwashing,"The provided context demonstrates that Kering reports various positive ESG metrics, including reductions in environmental impacts and increases in sustainable sourcing (e.g., recycled materials, renewable energy). While the claim references the ""Kering Generation Award"" and its impact through startups like PEEL SPHERE, the context doesn't directly address this specific award. However, the overall trend of reported improvements supports the idea that Kering is making demonstrable progress in environmental and social areas, making the claim plausible and not demonstrably false based on the available information.",graphrag,4.0,4.0,4.0,4.0,5.0,4.2
"Kering spearheaded the Fashion Pact, an initiative that includes over 250 brands, but fails to mention that the coalition's success depends on voluntary commitments that may not be enforceable.","kering spearheaded the fashion pact, an initiative that includes over 250 brands, but fails to mention that the coalition's success depends on voluntary commitments that may not be enforceable.",not_greenwashing,"The claim accurately points out that the Fashion Pact relies on voluntary commitments. While the context provided focuses on Kering's internal ESG performance (gender equality, material sourcing, etc.), it doesn't contradict the statement about the Fashion Pact's enforcement mechanism. The lack of enforceable commitments is a valid observation about the initiative, and acknowledging this doesn't make the claim false or misleading.",graphrag,5.0,5.0,5.0,5.0,5.0,5.0
"Kering states that Alexander McQueen's over-dyeing and over-printing of fabrics gives them a new lease of life, implying these processes are inherently sustainable without providing evidence of their environmental impact.","kering states that alexander mcqueen's over-dyeing and over-printing of fabrics gives them a new lease of life, implying these processes are inherently sustainable without providing evidence of their environmental impact.",greenwashing,"The context describes Alexander McQueen's practice of over-dyeing and over-printing surplus fabrics as giving them 'a new lease of life'. However, it does not offer any information regarding the environmental impact of these processes – such as water usage, chemical inputs, or energy consumption. Presenting these practices as inherently sustainable ('new lease of life') without addressing their potential negative consequences is a partial truth and therefore constitutes greenwashing.",rag,3.0,4.0,4.0,4.0,5.0,4.0
"Kering states that the D(r)ye Factory of the Future project will significantly reduce water, energy, and chemicals consumption in dyeing processes.","kering states that the d(r)ye factory of the future project will significantly reduce water, energy, and chemicals consumption in dyeing processes.",not_greenwashing,"The provided context demonstrates that Kering has set targets and achieved reductions in environmental impacts, including energy and GHG emissions. Specifically, the company reports reductions in EP&L intensity, GHG emissions intensity, and increases in the sourcing of renewable electricity. These achievements support the claim that the D(r)ye Factory of the Future project will significantly reduce water, energy, and chemicals consumption in dyeing processes.",graphrag,5.0,5.0,5.0,5.0,5.0,5.0
"Kering states that the Kering Generation Award motivates change makers to innovate sustainably, without providing any quantifiable impact on the environment or society.","kering states that the kering generation award motivates change makers to innovate sustainably, without providing any quantifiable impact on the environment or society.",greenwashing,"The claim states that the Kering Generation Award motivates change makers to innovate sustainably ""without providing any quantifiable impact on the environment or society."" The provided context demonstrates that Kering *does* report quantifiable impacts across various ESG metrics (e.g., GHG Emissions Reduction, Percentage of Women in Executive Committee, renewable electricity sourcing). This directly contradicts the claim that Kering provides no quantifiable impact data, indicating the claim is misleading.",graphrag,5.0,5.0,5.0,5.0,5.0,5.0
"Kering supported the creation of a specialized certificate in fashion sustainability at IFM, which has provided over 2,500 students with skills and knowledge in sustainability.","kering supported the creation of a specialized certificate in fashion sustainability at ifm, which has provided over 2,500 students with skills and knowledge in sustainability.",not_greenwashing,"The provided context explicitly states: ""Supported by Kering experts, the certificate’s curriculum was designed to provide IFM’s students...with skills and a deeper understanding across the main areas that are integral to advancing sustainability in the Luxury and fashion industry."" It also states that ""nearly 2,500 students have been trained to the concepts and values of sustainability!"" Therefore, the claim is factually accurate and supported by the provided documentation.",rag,5.0,5.0,5.0,5.0,5.0,5.0
"Kering supports 19 startups and 13 projects focused on alternative materials, making the company a leader in sustainability.","kering supports 19 startups and 13 projects focused on alternative materials, making the company a leader in sustainability.",abstain,"The provided context details various sustainability KPIs achieved by Kering, such as reductions in environmental impacts and increases in the use of recycled materials. However, it does not provide information to verify the claim about the specific number of startups (19) and projects (13) Kering supports focused on alternative materials, nor does it confirm Kering's position as a ""leader"" in sustainability. Therefore, I cannot verify the factual accuracy of the claim.",graphrag,3.0,3.0,3.0,4.0,2.0,3.0
"Kering supports regenerative agriculture projects and provides evidence and third-party verification of the environmental benefits, ensuring the claims are substantiated.","kering supports regenerative agriculture projects and provides evidence and third-party verification of the environmental benefits, ensuring the claims are substantiated.",not_greenwashing,"The provided context demonstrates Kering's investment in regenerative agriculture through initiatives like the Regenerative Fund for Nature, partnerships with organizations such as Savory Institute and Conservation International, and detailed project examples with quantifiable metrics (e.g., 840,000 hectares to regenerative agriculture, benefiting 60,000 people). The inclusion of data points regarding land coverage, animal engagement, and farmer participation suggests a commitment to tracking and verifying the impact of these projects. Furthermore, the mention of the EP&L account and science-based targets indicates a structured approach to measuring and reducing environmental impact.",rag,5.0,5.0,5.0,5.0,5.0,5.0
"Kering supports regenerative agriculture projects in various countries, providing clear definitions and metrics for what constitutes ""regenerative"" practices, ensuring transparency and accountability.","kering supports regenerative agriculture projects in various countries, providing clear definitions and metrics for what constitutes ""regenerative"" practices, ensuring transparency and accountability.",abstain,"The provided context details various sustainability KPIs reported by Kering, demonstrating progress in areas like renewable energy sourcing, recycled materials, and emissions reduction. However, it does *not* provide any information about the specifics of Kering's regenerative agriculture projects, the definitions they use for ""regenerative"" practices, or the transparency and accountability measures in place. Therefore, I cannot verify the claim's accuracy.",graphrag,1.0,1.0,1.0,1.0,1.0,1.0
Kering supports startups and pilots new technologies to innovate sustainability.,kering supports startups and pilots new technologies to innovate sustainability.,not_greenwashing,"The provided context consistently demonstrates Kering's active investment in and collaboration with sustainability startups. Examples include investing in VitroLabs for lab-grown leather, partnering with 226 startups, piloting 39 projects through Fashion for Good, establishing the Kering Sustainability Innovation Lab, and running the Kering Generation Award to fund innovative ventures. This confirms the claim is factually accurate.",rag,5.0,5.0,5.0,5.0,5.0,5.0
"Kering's Balenciaga Re-sell Program aims to reduce waste by offering clients financial incentives to resell their clothing, with clear documentation and authentication processes.","kering's balenciaga re-sell program aims to reduce waste by offering clients financial incentives to resell their clothing, with clear documentation and authentication processes.",not_greenwashing,"The provided context explicitly describes the Balenciaga Re-sell Program as aiming to 'encourage reduction, reuse, and recycling while rewarding client participation'. It details that clients receive 'financial compensation or store credit' for reselling, and that items are 'documented, authenticated, professionally photographed, priced, and sold' through a network of marketplaces. This accurately reflects the claim.",rag,5.0,5.0,5.0,5.0,5.0,5.0
"Kering's Balenciaga Re-sell Program encourages clients to reduce, reuse, and recycle their clothing voluntarily, beyond any legal requirements.","kering's balenciaga re-sell program encourages clients to reduce, reuse, and recycle their clothing voluntarily, beyond any legal requirements.",not_greenwashing,"The provided context demonstrates Kering has numerous initiatives focused on sustainability, including goals related to recycled materials, responsible sourcing, and animal welfare. These initiatives are presented as going ""beyond any legal requirements,"" and the context does not contain any evidence to contradict this claim. Kering reports on KPIs related to these initiatives, indicating active monitoring and progress.",graphrag,5.0,5.0,5.0,5.0,5.0,5.0
"Kering's engagement is described as vital for transformative change, as the company has implemented several initiatives that have shown measurable progress in environmental sustainability.","kering's engagement is described as vital for transformative change, as the company has implemented several initiatives that have shown measurable progress in environmental sustainability.",not_greenwashing,"The provided context demonstrates multiple initiatives taken by Kering towards sustainability, spanning from establishing sustainability departments and setting targets to investing in innovative solutions like lab-grown leather and joining collaborative efforts such as the Fashion Pact. It also showcases recognition in various sustainability indices. These actions support the claim of measurable progress and vital engagement.",rag,5.0,5.0,5.0,5.0,5.0,5.0
"Kering's engagement is described as vital for transformative change, without providing evidence of the company's specific contributions or impact.","kering's engagement is described as vital for transformative change, without providing evidence of the company's specific contributions or impact.",greenwashing,"The claim states Kering's engagement is ""vital for transformative change, without providing evidence of the company's specific contributions or impact."" However, the provided context demonstrates numerous KPIs where Kering *has* demonstrably made progress (e.g., reductions in GHG emissions, increases in women in leadership positions, reductions in EP&L intensity). The claim implies a lack of measurable impact, which is directly contradicted by the data presented in the context.",graphrag,5.0,5.0,5.0,5.0,5.0,5.0
"Kering's financial and resource investment in VitroLabs is crucial for advancing sustainable product development, highlighting the company's commitment to innovation in eco-friendly materials.","kering's financial and resource investment in vitrolabs is crucial for advancing sustainable product development, highlighting the company's commitment to innovation in eco-friendly materials.",not_greenwashing,"The provided context explicitly states that Kering 'invested in VitroLabs to help them build and scale the world’s first pilot production of cell-cultivated leather' and describes this as a 'game-changer'. Multiple snippets confirm this investment occurred in 2022 and is aimed at developing sustainable alternatives to traditional leather. This demonstrates a genuine commitment to innovation in eco-friendly materials, aligning with the claim.",rag,5.0,5.0,5.0,5.0,5.0,5.0
"Kering's financial support for VitroLabs is a key part of the company's green initiatives, showing a commitment to sustainable innovation.","kering's financial support for vitrolabs is a key part of the company's green initiatives, showing a commitment to sustainable innovation.",not_greenwashing,"The provided context explicitly states that ""To scale world’s first lab-grown leather, Kering invests in VitroLabs"" and describes VitroLabs as a pioneer in lab-grown leather. It further notes that Kering views investment in innovative solutions as crucial for sustainability transformation. This demonstrates genuine support for sustainable innovation, aligning with the claim.",rag,5.0,5.0,5.0,5.0,5.0,5.0
Kering's investment in Vestiaire Collective demonstrates a commitment to promoting circular economy practices in the luxury fashion industry.,kering's investment in vestiaire collective demonstrates a commitment to promoting circular economy practices in the luxury fashion industry.,not_greenwashing,"The provided context explicitly states that Kering 'invested in Vestiaire Collective for preloved luxury'. Vestiaire Collective is a platform for resale and secondhand clothing, which aligns with circular economy principles (reuse, extending product lifespan). Therefore, the claim accurately reflects Kering's actions and intentions as described in the document.",rag,5.0,5.0,5.0,5.0,5.0,5.0
"Kering's investment in VitroLabs marks a significant step towards a sustainable future, making all Kering products eco-friendly.","kering's investment in vitrolabs marks a significant step towards a sustainable future, making all kering products eco-friendly.",greenwashing,"While Kering did invest in VitroLabs to scale lab-grown leather (verified in the provided context), the claim that this makes *all* Kering products eco-friendly is a partial truth presented as a whole. The context does not indicate that all Kering products are currently made from lab-grown leather or meet comprehensive eco-friendly standards. It represents an investment in a potentially sustainable solution, not a complete overhaul of all product lines.",rag,4.0,4.0,4.0,4.0,5.0,4.2
"Kering's Material Innovation Lab (MIL) maintains a library of almost 5,000 sustainable materials and collaborates with over 450 suppliers, demonstrating a commitment to sustainable sourcing.","kering's material innovation lab (mil) maintains a library of almost 5,000 sustainable materials and collaborates with over 450 suppliers, demonstrating a commitment to sustainable sourcing.",not_greenwashing,"The provided context details Kering's extensive efforts in sustainable sourcing and material innovation. Specifically, the company maintains a library of almost 5,000 sustainable materials and collaborates with over 450 suppliers. This demonstrates a concrete commitment to sustainable practices, supporting the claim. While the context focuses on KPIs and doesn't directly confirm the exact number of materials or suppliers, it provides strong evidence of a substantial initiative in this area.",graphrag,5.0,5.0,5.0,5.0,5.0,5.0
"Kering's new leather tanning process is a groundbreaking step towards sustainability, significantly reducing water usage.","kering's new leather tanning process is a groundbreaking step towards sustainability, significantly reducing water usage.",not_greenwashing,"The provided context demonstrates Kering has made measurable reductions in environmental impacts, including a 40% reduction in total environmental impacts in 2021 and a 71% reduction in Scope 1 + Scope 2 Greenhouse Gas Emissions by 2022. While the claim focuses on water usage, the broader context of environmental impact reduction supports the idea that Kering is actively working towards sustainability, and a reduction in water usage would align with these efforts.",graphrag,5.0,5.0,5.0,5.0,5.0,5.0
Kering's partnership with universities and schools to create dedicated programs on sustainable fashion is a significant step towards educating the next generation of fashion industry leaders.,kering's partnership with universities and schools to create dedicated programs on sustainable fashion is a significant step towards educating the next generation of fashion industry leaders.,not_greenwashing,"The provided context explicitly states that Kering ‘has partnered with leading universities and schools in Paris, London, Milan, and Beijing to create dedicated programs on sustainable fashion topics.’ It further highlights the positive impact of the ‘IFM - Kering Sustainability Chair,’ which has instructed nearly 2,500 students on sustainability and fashion. This demonstrates a genuine effort toward education and aligns with the claim.",rag,5.0,5.0,5.0,5.0,5.0,5.0
"Kering's partnership with VitroLabs demonstrates a significant investment in sustainable product development and innovation, contributing to the advancement of eco-friendly materials.","kering's partnership with vitrolabs demonstrates a significant investment in sustainable product development and innovation, contributing to the advancement of eco-friendly materials.",not_greenwashing,"The provided context explicitly states that Kering 'invested in VitroLabs to help them build and scale the world’s first pilot production of cell-cultivated leather'. The document describes this as a ‘game-changer’ and explains the environmental benefits of lab-grown leather compared to traditional leather production. Therefore, the claim accurately reflects Kering’s actions and investments in sustainable innovation.",rag,5.0,5.0,5.0,5.0,5.0,5.0
"Kering's partnership with VitroLabs is a major step towards sustainability, showcasing the company's commitment to eco-friendly practices.","kering's partnership with vitrolabs is a major step towards sustainability, showcasing the company's commitment to eco-friendly practices.",not_greenwashing,The provided context confirms that Kering invested in VitroLabs to scale the world’s first lab-grown leather. Investing in lab-grown leather aligns with sustainable practices by offering an alternative to traditional leather production which has significant environmental impacts. There is no evidence to suggest this claim is false or misleading.,rag,5.0,5.0,5.0,5.0,5.0,5.0
"Kering's partnership with VitroLabs is crucial for pushing forward new frontiers in sustainable product development, demonstrating a commitment to innovation in eco-friendly materials.","kering's partnership with vitrolabs is crucial for pushing forward new frontiers in sustainable product development, demonstrating a commitment to innovation in eco-friendly materials.",not_greenwashing,"The provided context explicitly states that Kering 'invested in VitroLabs to help them build and scale the world’s first pilot production of cell-cultivated leather' and describes this as a 'game-changer'. The document further emphasizes Kering's broader commitment to investing in and supporting innovative startups, aligning with the claim that the partnership demonstrates a dedication to innovation in eco-friendly materials.",rag,5.0,5.0,5.0,5.0,5.0,5.0
"Kering's Pomellato collaborates with a master kintsugi artist in Tokyo and artisans in Milan to upcycle broken gems, contributing to a 15% reduction in waste and aligning with the company's broader sustainability goals.","kering's pomellato collaborates with a master kintsugi artist in tokyo and artisans in milan to upcycle broken gems, contributing to a 15% reduction in waste and aligning with the company's broader sustainability goals.",not_greenwashing,"The claim states Kering's Pomellato is contributing to a 15% reduction in waste through upcycling. While the provided context doesn't directly address this specific initiative, it *does* show Kering has a history of achieving significant waste reduction targets (e.g., 40% total environmental impact reduction in 2021). This supports the plausibility of a 15% reduction within a specific brand like Pomellato, even without direct confirmation in the provided data. The collaboration with artisans also aligns with broader sustainability goals.",graphrag,4.0,4.0,4.0,4.0,5.0,4.2
"Kering's Pomellato has implemented a capsule collection that upcycles broken gems using a traditional Japanese technique, resulting in a 30% reduction in waste compared to previous production methods.","kering's pomellato has implemented a capsule collection that upcycles broken gems using a traditional japanese technique, resulting in a 30% reduction in waste compared to previous production methods.",not_greenwashing,"The claim states a 30% reduction in waste due to upcycling broken gems. While the provided context doesn't directly confirm this specific 30% reduction for Pomellato, it *does* demonstrate Kering's consistent commitment to waste reduction and sustainable practices, with reported reductions in EP&L intensity (ranging from 34% to 40% across different years) and increases in recycled material usage. This supports the plausibility of the claim, even without direct confirmation of the 30% figure. The use of a traditional Japanese technique further suggests a genuine effort towards circularity.",graphrag,5.0,5.0,5.0,5.0,5.0,5.0
Kering's Pomellato highlights its collaboration with a master kintsugi artist in Tokyo and artisans in Milan as a key sustainability initiative without specifying its contribution to the company's overall sustainability goals.,kering's pomellato highlights its collaboration with a master kintsugi artist in tokyo and artisans in milan as a key sustainability initiative without specifying its contribution to the company's overall sustainability goals.,not_greenwashing,"The context describes Pomellato's use of Kintsugi as a sustainable practice—repairing broken gemstones instead of discarding them—but does not present this as a broad claim about the entire company's sustainability. It accurately portrays the initiative without exaggeration or falsehoods. The claim acknowledges that the contribution to overall goals isn't specified, which aligns with the information provided.",rag,5.0,5.0,5.0,5.0,5.0,5.0
"Kering's Pomellato uses the term ""sustainable solutions"" without providing specific metrics or evidence of the environmental impact of upcycling broken gems.","kering's pomellato uses the term ""sustainable solutions"" without providing specific metrics or evidence of the environmental impact of upcycling broken gems.",greenwashing,"While the context describes Pomellato's Kintsugi method of repairing broken gemstones as innovative and embracing imperfection, it does not quantify the environmental benefits of this practice. The phrase 'sustainable solutions' is used without concrete data regarding reduced waste, lower carbon footprint, or other measurable positive impacts. This presents a partial truth – the practice *is* a form of upcycling – but implies broader sustainability benefits without substantiation.",rag,3.0,4.0,4.0,4.0,4.0,3.8
"Kering's Qeelin has donated RMB888 from the proceeds of each Silver Bo Bo Charity necklace sold to support WWF's annual initiatives, which include various panda conservation projects.","kering's qeelin has donated rmb888 from the proceeds of each silver bo bo charity necklace sold to support wwf's annual initiatives, which include various panda conservation projects.",not_greenwashing,The provided context explicitly states that 'Qeelin launched Silver Bo Bo Charity necklace...and donated RMB888 from the proceeds of each necklace sold to support the organization’s annual initiatives.' This confirms the claim is factually accurate.,rag,5.0,5.0,5.0,5.0,5.0,5.0
Kering's Qeelin has donated RMB888 from the proceeds of each Silver Bo Bo Charity necklace sold to support WWF's annual initiatives.,kering's qeelin has donated rmb888 from the proceeds of each silver bo bo charity necklace sold to support wwf's annual initiatives.,not_greenwashing,The provided context explicitly states that 'Qeelin launched Silver Bo Bo Charity necklace...and donated RMB888 from the proceeds of each necklace sold to support the organization’s annual initiatives.' This confirms the claim is factually accurate.,rag,5.0,5.0,5.0,5.0,5.0,5.0
"Kering's Qeelin has pledged to improve the panda's natural habitat and promote sustainable consumption through a charity necklace collaboration with WWF, with a donation of RMB888 from each necklace sold to support WWF's annual initiatives.","kering's qeelin has pledged to improve the panda's natural habitat and promote sustainable consumption through a charity necklace collaboration with wwf, with a donation of rmb888 from each necklace sold to support wwf's annual initiatives.",not_greenwashing,"The claim states that Qeelin (owned by Kering) pledges to support WWF through a donation from each necklace sold. This is a standard philanthropic activity and does not contain any demonstrably false or misleading information. While the provided context focuses on Kering's broader sustainability KPIs (reducing environmental impact, increasing recycled material usage, etc.), it does not contradict the claim about the charity collaboration and donation. Therefore, there is no evidence of greenwashing.",graphrag,5.0,5.0,5.0,5.0,5.0,5.0
Kering's Qeelin has pledged to improve the panda's natural habitat and promote sustainable consumption through a charity necklace collaboration with WWF.,kering's qeelin has pledged to improve the panda's natural habitat and promote sustainable consumption through a charity necklace collaboration with wwf.,not_greenwashing,"The provided context explicitly states that ""Qeelin launched Silver Bo Bo Charity necklace in collaboration with WWF and donated RMB888 from the proceeds of each necklace sold to support the organization’s annual initiatives."" This confirms the claim that Qeelin pledged to improve the panda’s habitat and promote sustainable consumption via the charity necklace collaboration.",rag,5.0,5.0,5.0,5.0,5.0,5.0
Kering's Qeelin markets the Silver Bo Bo Charity necklace as a sustainable product due to the donation to WWF.,kering's qeelin markets the silver bo bo charity necklace as a sustainable product due to the donation to wwf.,greenwashing,"While donating a portion of proceeds to WWF is charitable, the context indicates that Kering also engages in broader sustainability initiatives such as the Clean by Design program and Material Innovation Labs. Framing the necklace solely as 'sustainable' because of the donation implies a level of overall sustainability that isn't necessarily present, especially given the wider complexities of the luxury goods supply chain. The donation itself does not inherently make the *product* sustainable, and could be considered a philanthropic effort rather than a core element of sustainable production.",rag,5.0,5.0,5.0,5.0,5.0,5.0
Kering's skilled artisans and suppliers play a critical role in safeguarding heritage and decarbonizing the supply chain.,kering's skilled artisans and suppliers play a critical role in safeguarding heritage and decarbonizing the supply chain.,not_greenwashing,"The provided context demonstrates Kering is actively working on sustainability initiatives and reporting on KPIs related to environmental impacts reduction, responsible sourcing, and traceability. The claim that Kering's artisans and suppliers play a critical role in safeguarding heritage and decarbonizing the supply chain is supported by the evidence of various sustainability programs and achieved KPIs documented in the knowledge graph. While the claim is broad, it is not demonstrably false based on the available information.",graphrag,5.0,5.0,5.0,5.0,5.0,5.0
Kering's specialized certificate in fashion sustainability at IFM is the ultimate solution to all sustainability challenges in the fashion industry.,kering's specialized certificate in fashion sustainability at ifm is the ultimate solution to all sustainability challenges in the fashion industry.,greenwashing,"The claim that Kering's certificate is the ""ultimate solution"" to all sustainability challenges is contradicted by the evidence. While Kering reports progress in various sustainability KPIs (e.g., reduced environmental impacts, increased use of sustainable materials, increased female representation - see numerous KPIObservation entries), these are ongoing efforts and incremental improvements, not a complete solution. The context demonstrates Kering is *working on* sustainability challenges, not having *solved* them. Presenting the certificate as an ""ultimate solution"" is an overstatement and misrepresents the complex and multifaceted nature of sustainability in the fashion industry.",graphrag,5.0,5.0,5.0,5.0,5.0,5.0
Kering's support for resale platforms will completely eliminate waste in the luxury fashion industry.,kering's support for resale platforms will completely eliminate waste in the luxury fashion industry.,greenwashing,"While Kering invests in Vestiaire Collective (a resale platform) and promotes circularity, claiming this will *completely* eliminate waste is demonstrably false. The provided context details Kering's broader circularity strategy which includes targets like 'zero product destruction', 'zero single-use plastics by 2025', and 'zero microfibre leakage by 2030'. However, even achieving these targets does not equate to complete elimination of waste, as manufacturing still produces waste, and consumer behavior plays a large role. The claim presents a partial solution (resale) as a total fix.",rag,4.0,4.0,4.0,4.0,5.0,4.2
"Kering, as a Founding Partner of Fashion for Good, has piloted 39 projects through the MIL, demonstrating a concrete commitment to sustainability.","kering, as a founding partner of fashion for good, has piloted 39 projects through the mil, demonstrating a concrete commitment to sustainability.",not_greenwashing,"The provided context explicitly states that ""the Kering MIL has piloted 39 projects brought to us by Fashion for Good’s innovators."" This statement confirms the claim and demonstrates a tangible effort towards sustainability, backed by a specific number of projects.",rag,5.0,5.0,5.0,5.0,5.0,5.0
"LVMH announces the launch of a new product line made with sustainable materials, without addressing the high carbon emissions from the manufacturing process.","lvmh announces the launch of a new product line made with sustainable materials, without addressing the high carbon emissions from the manufacturing process.",greenwashing,"While LVMH highlights its commitment to sustainable materials and circularity (Snippets 4, 6, 7), the context reveals that 95% of its carbon footprint comes from Scope 3 emissions – primarily raw materials and purchases (Snippet 3). Launching a ‘sustainable materials’ line without acknowledging or mitigating the larger manufacturing emissions presents a partial truth as a whole, implying overall sustainability where it does not currently exist.",rag,4.0,4.0,4.0,4.0,5.0,4.2
LVMH collaborates with Canopy to reduce the impact of packaging and textiles on ancient and endangered forests.,lvmh collaborates with canopy to reduce the impact of packaging and textiles on ancient and endangered forests.,not_greenwashing,"The provided context demonstrates LVMH's engagement in sustainability initiatives, including biodiversity conservation (1,370,000 hectares preserved), increased use of recycled materials in packaging (39%), and reductions in hazardous waste. Furthermore, LVMH collaborates to reduce deforestation and has targets for GHG emission reductions. While the provided data focuses on reporting and achievements, there is no evidence to suggest the claim of collaboration with Canopy is false or misleading.",graphrag,5.0,5.0,5.0,5.0,5.0,5.0
"LVMH emphasizes the importance of craftsmanship and quality in its products, which contributes to longevity and reduces waste.","lvmh emphasizes the importance of craftsmanship and quality in its products, which contributes to longevity and reduces waste.",not_greenwashing,"The provided context explicitly states that LVMH embodies ""everything that is most noble and accomplished in the world of craftsmanship"" and pays meticulous attention to detail, striving for perfection. It also highlights how product repairs and extending product lifespan contribute to enhancing brand image and customer relationships. These statements support the claim that LVMH values craftsmanship and quality, leading to longer-lasting products and reduced waste.",rag,5.0,5.0,5.0,5.0,5.0,5.0
"LVMH introduced Nona Source, an online resale platform for surplus materials, which has diverted a significant amount of waste from landfills since its launch.","lvmh introduced nona source, an online resale platform for surplus materials, which has diverted a significant amount of waste from landfills since its launch.",not_greenwashing,"The provided context explicitly states that LVMH launched Nona Source, 'the first online platform selling deadstock fabrics from leading luxury brands for reuse by fashion and design professionals'. It further quantifies this impact, stating that 'Nona Source...upcycled more than 190,000 meters of fabric from more than a dozen fashion Maisons' in 2022. This confirms the claim that Nona Source diverts waste from landfills.",rag,5.0,5.0,5.0,5.0,5.0,5.0
LVMH is committed to reducing its carbon footprint through sustainable practices.,lvmh is committed to reducing its carbon footprint through sustainable practices.,not_greenwashing,"The provided context demonstrates LVMH's commitment to reducing its carbon footprint through numerous initiatives, including setting emission reduction targets approved by SBTi, investing in renewable energy, implementing energy efficiency plans, tracking emissions across scopes 1, 2, and 3, and collaborating with suppliers. The context explicitly states a reduction in GHG emissions of 11% compared to 2019.",rag,5.0,5.0,5.0,5.0,5.0,5.0
LVMH is leading far-reaching changes in the industry by preserving ancient and endangered forests.,lvmh is leading far-reaching changes in the industry by preserving ancient and endangered forests.,not_greenwashing,"The provided context demonstrates that LVMH is actively engaged in preserving and regenerating habitats, as evidenced by KPIs such as ""Hectares of wildlife habitats preserved"" (1,370,000 hectares in 2022) and ""Hectares reforested or restored"" (91,000 hectares in 2022). These figures, along with other biodiversity conservation efforts, support the claim that LVMH is ""leading far-reaching changes in the industry by preserving ancient and endangered forests.",graphrag,5.0,5.0,5.0,5.0,5.0,5.0
"LVMH launched Nona Source, an online resale platform for surplus materials, as a key initiative to reduce waste.","lvmh launched nona source, an online resale platform for surplus materials, as a key initiative to reduce waste.",not_greenwashing,"The provided context explicitly states that ""The Group has developed a dedicated reuse...chain around Nona Source, the first online platform selling deadstock fabrics from leading luxury brands for reuse."" This confirms that LVMH did launch Nona Source as a platform for surplus materials to reduce waste, and the claim is therefore factually accurate.",rag,5.0,5.0,5.0,5.0,5.0,5.0
LVMH launches a new product line made with sustainable materials and commits to reducing the carbon footprint of the manufacturing process through energy-efficient practices and renewable energy sources.,lvmh launches a new product line made with sustainable materials and commits to reducing the carbon footprint of the manufacturing process through energy-efficient practices and renewable energy sources.,not_greenwashing,"The provided context demonstrates LVMH's commitment to sustainability through multiple initiatives including focusing on biobased and recycled materials, efficient workshops, and reducing its carbon footprint (LIFE 360 program). It also highlights actions like setting eco-design principles for all new products by 2030 and achieving an ‘A’ rating from CDP for climate change, forests, and water security. These points support the claim that LVMH is actively working towards sustainable practices and reducing its environmental impact.",rag,5.0,5.0,5.0,5.0,5.0,5.0
LVMH's entrepreneurial mindset and decentralized structure have led to the development of sustainable practices such as reducing waste and improving supply chain efficiency.,lvmh's entrepreneurial mindset and decentralized structure have led to the development of sustainable practices such as reducing waste and improving supply chain efficiency.,not_greenwashing,"The provided context highlights LVMH's long-term commitment to sustainability dating back to 1992, numerous initiatives like the LIFE program, and detailed actions taken to improve its environmental and social performance throughout its supply chain. It explicitly mentions collaboration with suppliers, investment in innovative materials, and monitoring of working conditions. The context supports the claim that LVMH actively engages in sustainable practices.",rag,5.0,5.0,5.0,5.0,5.0,5.0
"Standard Bank claims to manage E&S impacts for all transactions, but this claim is overgeneralized as it does not specify the extent or effectiveness of the management process.","standard bank claims to manage e&s impacts for all transactions, but this claim is overgeneralized as it does not specify the extent or effectiveness of the management process.",greenwashing,"The claim that Standard Bank ""manages E&S impacts for all transactions"" is presented as a blanket statement. However, the provided context shows that while Standard Bank *screens* transactions for E&S risk (4890 transactions in 2022), and reports on various ESG-related KPIs, it doesn't guarantee effective *management* of those impacts in all cases. The claim implies a level of comprehensive control and positive outcome that isn't fully supported by the data provided, which focuses on screening and reporting rather than demonstrable impact reduction or mitigation across all transactions. The context shows they *do* decline some deals due to E&S risk, but this is not the same as managing impacts for *all* transactions.",graphrag,4.0,4.0,4.0,4.0,5.0,4.2
Standard Bank Group adheres to regulatory requirements and industry best practices by excluding coal mining and oil sands mining from its financing activities.,standard bank group adheres to regulatory requirements and industry best practices by excluding coal mining and oil sands mining from its financing activities.,not_greenwashing,"The provided context demonstrates that Standard Bank Group reports on various ESG KPIs, including those related to renewable energy financing and carbon footprint reduction. While the provided data doesn't directly confirm the exclusion of financing for coal mining and oil sands mining, the consistent reporting on sustainability initiatives suggests a genuine effort towards ESG principles, making the claim plausible and not demonstrably false based on the available information.",graphrag,5.0,5.0,5.0,5.0,5.0,5.0
"Standard Bank Group has established an exceptions list that excludes coal mining, coal-fired power generation, and oil sands mining from its financing activities, reflecting a commitment to reducing carbon emissions and environmental impact.","standard bank group has established an exceptions list that excludes coal mining, coal-fired power generation, and oil sands mining from its financing activities, reflecting a commitment to reducing carbon emissions and environmental impact.",not_greenwashing,"The provided context demonstrates Standard Bank Group's commitment to reducing its environmental impact through specific actions like excluding financing for coal and oil sands. While the provided data focuses on KPI reporting related to energy consumption and emissions, it doesn't contradict the claim. The claim itself is a statement of policy, and the context shows related efforts to reduce carbon emissions, supporting the claim's validity.",graphrag,5.0,5.0,5.0,5.0,5.0,5.0
"Standard Bank Group proudly excludes coal mining and oil sands mining from its financing activities, showcasing the bank's commitment to sustainability.","standard bank group proudly excludes coal mining and oil sands mining from its financing activities, showcasing the bank's commitment to sustainability.",not_greenwashing,"The provided context demonstrates Standard Bank Group's commitment to sustainability through various KPIs reported in 2022, including increases in renewable energy capacity, reduction in CO2e emissions, and financing of renewable energy projects. While the claim focuses on excluding financing for coal mining and oil sands, the broader context supports a genuine effort towards sustainable practices, making the specific claim about exclusions consistent with their overall strategy. There is no evidence to suggest this claim is false or misleading.",graphrag,5.0,5.0,5.0,5.0,5.0,5.0
"Standard Bank Group voluntarily excludes coal mining and oil sands mining from its financing activities, demonstrating a proactive stance on environmental sustainability.","standard bank group voluntarily excludes coal mining and oil sands mining from its financing activities, demonstrating a proactive stance on environmental sustainability.",not_greenwashing,"The provided context demonstrates Standard Bank Group reports on various ESG KPIs, including renewable energy capacity increases and CO2e reductions. While the context doesn't directly confirm the *voluntary* nature of excluding coal and oil sands financing, it doesn't contain any evidence to contradict this claim. The company is actively tracking and reporting on sustainability-related metrics, suggesting a genuine effort towards environmental sustainability.",graphrag,5.0,5.0,5.0,5.0,5.0,5.0
"Standard Bank Group's exceptions list comprehensively excludes all high-carbon activities, ensuring a sustainable future.","standard bank group's exceptions list comprehensively excludes all high-carbon activities, ensuring a sustainable future.",greenwashing,"While the document outlines several exclusions related to environmental harm (illegal logging, arctic oil & gas, etc.), it does *not* exclude all high-carbon activities. For example, the report acknowledges a large portion of its Scope 2 emissions come from reliance on coal-fired power in South Africa, yet continues to operate in regions dependent on such energy sources. Additionally, the report highlights increased diesel generator use due to load shedding, indicating continued support for fossil fuel-dependent practices. Therefore, the claim of ‘comprehensively excluding all high-carbon activities’ is partially true at best and misleading overall.",rag,5.0,5.0,5.0,5.0,5.0,5.0
"Standard Bank Group's exceptions list excludes coal mining, coal-fired power generation, and oil sands mining from its financing activities, but acknowledges that natural gas extraction and transportation are not covered.","standard bank group's exceptions list excludes coal mining, coal-fired power generation, and oil sands mining from its financing activities, but acknowledges that natural gas extraction and transportation are not covered.",not_greenwashing,"The claim accurately reflects Standard Bank Group's stated financing exclusions. The provided context confirms that the company excludes coal mining, coal-fired power generation, and oil sands mining from its financing activities, while acknowledging that natural gas extraction and transportation are not currently covered by these exclusions. This is a factual statement of their policy.",graphrag,5.0,5.0,5.0,5.0,5.0,5.0
"StandardBank claims that its cybersecurity strategy and programs are ""eco-friendly"" and sustainable, without providing specific metrics or definitions.","standardbank claims that its cybersecurity strategy and programs are ""eco-friendly"" and sustainable, without providing specific metrics or definitions.",abstain,"The provided context focuses primarily on Standard Bank's environmental emissions, sustainable finance initiatives, and general ESG reporting. It does mention cybersecurity measures, but there is no information regarding any claims about those measures being ""eco-friendly"" or sustainable. Therefore, I cannot verify the claim.",rag,1.0,1.0,1.0,1.0,1.0,1.0
"StandardBank claims to oversee the implementation of climate policies and targets, but does not provide specific details or metrics for these policies and targets.","standardbank claims to oversee the implementation of climate policies and targets, but does not provide specific details or metrics for these policies and targets.",greenwashing,"The claim states Standard Bank ""oversees the implementation of climate policies and targets, but does not provide specific details or metrics."" The provided context *does* contain numerous specific metrics and KPIs related to ESG performance (e.g., GHG emissions, sustainable finance mobilization, renewable energy capacity). While the absence of detail is often a reason to abstain, the fact that Standard Bank *reports* these details elsewhere while simultaneously claiming a lack of them suggests they are intentionally presenting an incomplete picture. They are highlighting the oversight without showcasing the measurable results, which is a partial truth presented as a whole.",graphrag,3.0,4.0,4.0,4.0,4.0,3.8
"StandardBank has committed to achieving net-zero emissions by 2050, in line with the Paris Agreement, and is developing a detailed plan to achieve this goal.","standardbank has committed to achieving net-zero emissions by 2050, in line with the paris agreement, and is developing a detailed plan to achieve this goal.",not_greenwashing,"The provided context demonstrates that Standard Bank publicly reports on a variety of ESG-related KPIs, including emissions data, sustainable finance mobilization, and taxes paid. While the context doesn't directly confirm the net-zero commitment, the extensive reporting on related metrics suggests a genuine effort towards sustainability goals, rather than misleading claims. The commitment to net-zero by 2050, in line with the Paris Agreement, is a common and legitimate goal for financial institutions.",graphrag,5.0,5.0,5.0,5.0,5.0,5.0
StandardBank has launched a new sustainable finance product that includes a green bond to fund renewable energy projects.,standardbank has launched a new sustainable finance product that includes a green bond to fund renewable energy projects.,not_greenwashing,"The provided context demonstrates that Standard Bank has actively engaged in sustainable finance, including mobilizing funds for sustainable solutions and financing renewable energy projects. Specifically, the data shows significant financial commitments (billions of Rands) towards these areas in 2022, and targets for future investment. The claim about launching a green bond to fund renewable energy projects aligns with this demonstrated commitment and is therefore factually accurate based on the available evidence.",graphrag,5.0,5.0,5.0,5.0,5.0,5.0
StandardBank introduced reusable bags for customers as part of a broader initiative to reduce plastic waste in its operations.,standardbank introduced reusable bags for customers as part of a broader initiative to reduce plastic waste in its operations.,not_greenwashing,"The provided context details Standard Bank's reporting on various ESG KPIs, including waste generation and sustainable finance. While it doesn't directly confirm the reusable bag initiative, it demonstrates a broader commitment to sustainability reporting and initiatives. The claim itself is a relatively minor action and doesn't contain any demonstrably false statements based on the provided data. Therefore, it's reasonable to assume the claim is accurate as part of a larger sustainability effort.",graphrag,5.0,5.0,5.0,5.0,5.0,5.0
StandardBank is committed to reducing carbon emissions and has set a target to reduce emissions by 30% by 2030.,standardbank is committed to reducing carbon emissions and has set a target to reduce emissions by 30% by 2030.,not_greenwashing,"The provided context demonstrates that Standard Bank reports on various ESG-related KPIs, including those related to carbon emissions and sustainable finance. While the context doesn't directly confirm the 30% reduction target by 2030, it does show a 45% reduction in Scope 1 + Scope 2 greenhouse gas emissions in 2022 (KPIObservation ID: 5e2ab77c8f2d8964). This supports the claim that Standard Bank is actively working towards reducing its carbon emissions. Therefore, based on the available evidence, the claim is factually accurate.",graphrag,5.0,5.0,5.0,5.0,5.0,5.0
StandardBank is committed to reducing carbon emissions and is taking steps towards a greener future.,standardbank is committed to reducing carbon emissions and is taking steps towards a greener future.,not_greenwashing,"The provided context demonstrates that Standard Bank is taking concrete steps towards reducing carbon emissions and increasing sustainable finance. The company reports several KPIs related to renewable energy financing (e.g., ""Quantum of new renewable energy power plants financed"" - 18.2 billion R in 2022), sustainable finance mobilization (54.5 billion R in 2022), and reductions in greenhouse gas emissions (45% reduction in Scope 1 + Scope 2 emissions in 2022). These are verifiable actions, supporting the claim that Standard Bank is committed to a greener future.",graphrag,5.0,5.0,5.0,5.0,5.0,5.0
"StandardBank proudly states that the company is now compliant with the new EU plastic law, presenting this as a voluntary sustainability initiative.","standardbank proudly states that the company is now compliant with the new eu plastic law, presenting this as a voluntary sustainability initiative.",greenwashing,"The EU plastic law likely mandates compliance with new standards for plastic usage. Presenting compliance with a legal requirement as a ""voluntary sustainability initiative"" is a misrepresentation, as the action is not taken out of a voluntary commitment to sustainability but rather to adhere to legal obligations.",graphrag,5.0,5.0,5.0,5.0,5.0,5.0
StandardBank's AI partnership significantly reduces carbon emissions by optimizing financial processes.,standardbank's ai partnership significantly reduces carbon emissions by optimizing financial processes.,not_greenwashing,"The provided context demonstrates Standard Bank's commitment to sustainability through various KPIs related to renewable energy financing, emissions reduction, and sustainable finance mobilization. Specifically, the data shows significant investments in renewable energy (18.2 billion R), reductions in GHG emissions (45% reduction in Scope 1 + Scope 2 emissions), and overall sustainable finance mobilization (54.5 billion R). While the claim is broad, the supporting data indicates genuine efforts to reduce carbon emissions through financial processes, aligning with the claim's intent.",graphrag,5.0,5.0,5.0,5.0,5.0,5.0
"StandardBank's climate policy commits to achieving net zero for financed emissions by 2050 and outlines a clear timeline for reducing scope 1 and 2 emissions, even if it does not specify all the details of how these goals will be achieved.","standardbank's climate policy commits to achieving net zero for financed emissions by 2050 and outlines a clear timeline for reducing scope 1 and 2 emissions, even if it does not specify all the details of how these goals will be achieved.",not_greenwashing,"The provided context explicitly states that 'Our climate policy commits the group to achieving net zero for financed emissions by 2050, and for scope 1 and 2 emissions for our own operations by 2030 for newly built facilities and 2040 for existing facilities.' This confirms the claim's assertion regarding the commitment and timeline, even acknowledging that implementation details might be lacking.",rag,5.0,5.0,5.0,5.0,5.0,5.0
"StandardBank's climate policy commits to achieving net zero for financed emissions by 2050 without specifying how this will be achieved or what interim targets will be set, making it difficult to assess the credibility of this commitment.","standardbank's climate policy commits to achieving net zero for financed emissions by 2050 without specifying how this will be achieved or what interim targets will be set, making it difficult to assess the credibility of this commitment.",greenwashing,"The claim states Standard Bank's net zero commitment lacks specifics regarding implementation and interim targets. While the provided context demonstrates Standard Bank reports on various ESG KPIs (renewable energy financing, emissions data, etc.), it does *not* contain evidence of concrete, measurable interim targets or a detailed plan to achieve net-zero by 2050. The lack of these specifics, as highlighted in the claim, suggests the commitment may be more aspirational than actionable, and therefore potentially misleading. The context shows *what* they are doing, but not *how* they will reach net zero, supporting the claim that the policy lacks credibility due to a lack of detail.",graphrag,3.0,4.0,4.0,4.0,5.0,4.0
"StandardBank's climate policy mentions supporting a just energy transition and commits to working with clients to support their climate transitions, indicating a proactive approach to ensuring a fair transition for all stakeholders.","standardbank's climate policy mentions supporting a just energy transition and commits to working with clients to support their climate transitions, indicating a proactive approach to ensuring a fair transition for all stakeholders.",not_greenwashing,"The provided context demonstrates that Standard Bank is actively involved in financing renewable energy projects and has set targets for sustainable finance. The KPIObservation data shows significant investment in renewable energy (e.g., 18.2 billion R in new renewable energy power plants financed in 2022) and a commitment to increasing this investment. The claim that Standard Bank supports a just energy transition and works with clients on climate transitions aligns with these demonstrated actions and reported KPIs.",graphrag,5.0,5.0,5.0,5.0,5.0,5.0
"StandardBank's climate policy mentions supporting a just energy transition but does not provide specific actions or metrics to measure progress, making it unclear how the company will ensure a fair transition for all stakeholders.","standardbank's climate policy mentions supporting a just energy transition but does not provide specific actions or metrics to measure progress, making it unclear how the company will ensure a fair transition for all stakeholders.",abstain,"While the context confirms Standard Bank has a climate policy committing to a 'just energy transition', it does not contain information detailing specific actions or measurable metrics associated with this commitment. Therefore, I cannot verify whether the claim regarding the lack of clarity and measurement is accurate or inaccurate.",rag,3.0,4.0,4.0,4.0,5.0,4.0
"StandardBank's new sustainable finance product is a comprehensive solution to climate change, as it includes a green bond to fund renewable energy projects.","standardbank's new sustainable finance product is a comprehensive solution to climate change, as it includes a green bond to fund renewable energy projects.",not_greenwashing,"The provided context demonstrates that Standard Bank is actively involved in sustainable finance, with significant investments in renewable energy projects and sustainable finance solutions. Specifically, the data shows billions of Rand mobilized for sustainable finance, loans executed, and bonds arranged, as well as support for green energy solution providers. The claim that the product includes a green bond to fund renewable energy projects is consistent with this demonstrated activity.",graphrag,5.0,5.0,5.0,5.0,5.0,5.0
"StandardBank's product packaging is now eco-friendly, without specifying what percentage of materials are sustainable or providing any third-party verification.","standardbank's product packaging is now eco-friendly, without specifying what percentage of materials are sustainable or providing any third-party verification.",abstain,"The provided context focuses on emissions reductions, sustainable finance, and overall ESG reporting. It does not contain any information regarding Standard Bank's product packaging or its sustainability attributes. Therefore, I cannot verify the claim about 'eco-friendly' packaging.",rag,1.0,1.0,1.0,1.0,1.0,1.0
"StandardBank's product packaging now includes 50% recycled materials, as verified by an independent third-party audit.","standardbank's product packaging now includes 50% recycled materials, as verified by an independent third-party audit.",not_greenwashing,"The provided context does not contain information to verify or refute the claim about product packaging. However, the context *does* demonstrate Standard Bank actively reports on and tracks various ESG-related KPIs, including waste generation and sustainable finance. While this doesn't directly confirm the packaging claim, it suggests a level of transparency and commitment to sustainability that makes outright greenwashing less likely. Without specific data on packaging materials, a definitive determination is not possible, but the available information doesn't indicate the claim is false.",graphrag,5.0,5.0,5.0,5.0,5.0,5.0
"The Certiﬁcate of Craft offers unlimited refresh and repair on iconic bags, further encouraging the multigenerational wear of pieces designed to last forever.","the certiﬁcate of craft offers unlimited refresh and repair on iconic bags, further encouraging the multigenerational wear of pieces designed to last forever.",not_greenwashing,"The provided context explicitly states that ""The Certificate of Craft offers unlimited refresh and repair on iconic bags...and further encourage the multigenerational wear of pieces designed to last forever."" This statement is directly supported by the text.",rag,5.0,5.0,5.0,5.0,5.0,5.0
The platform allows customers to offset their carbon footprint through various projects.,the platform allows customers to offset their carbon footprint through various projects.,not_greenwashing,The document references a carbon offset calculation tool ([https://www.icao.int/environmental-protection/CarbonOffset/Pages/default.aspx](https://www.icao.int/environmental-protection/CarbonOffset/Pages/default.aspx)) which suggests the bank provides a means for customers to offset their carbon footprint.,rag,5.0,5.0,5.0,5.0,5.0,5.0
U.S. Bancorp's Environmental and Social Risk Policy ensures that all clients are eco-friendly and sustainable.,u.s. bancorp's environmental and social risk policy ensures that all clients are eco-friendly and sustainable.,greenwashing,"The provided context describes the Environmental and Social Risk Policy (ESRP) as a means of managing risks associated with clients who engage in potentially harmful activities. Specifically, it states the ESRP prohibits relationships presenting ‘unacceptable risk’ and requires due diligence for those with ‘substantial potential or actual risk.’ This indicates the policy aims to avoid problematic clients, not guarantee that all clients are inherently ‘eco-friendly and sustainable.’ The claim exaggerates the scope and outcome of the policy.",rag,5.0,5.0,5.0,5.0,5.0,5.0
"U.S. Bancorp's Environmental and Social Risk Policy includes a detailed framework for identifying and managing risks associated with clients' environmental and social impacts, ensuring compliance with all applicable laws and regulations.","u.s. bancorp's environmental and social risk policy includes a detailed framework for identifying and managing risks associated with clients' environmental and social impacts, ensuring compliance with all applicable laws and regulations.",not_greenwashing,"The provided context explicitly states that U.S. Bancorp has an 'Environmental and Social Risk Policy (ESRP)' that 'formalizes key principles and outlines our approach to manage prospective or active relationships that may present...environmental and social impacts.' It also emphasizes adherence to 'all applicable state, federal and local laws and regulations.' This confirms the claim's accuracy.",rag,5.0,5.0,5.0,5.0,5.0,5.0
"US Bank claims to have added dedicated resources to advance work on climate risk, but there is no evidence provided to support these claims.","us bank claims to have added dedicated resources to advance work on climate risk, but there is no evidence provided to support these claims.",greenwashing,"The context explicitly states that U.S. Bancorp ‘dedicated resources in the U.S. and Europe to advance work focused on climate risk.’ It also mentions hiring a sustainable finance leader and integrating climate risk into the risk management framework. Therefore, the claim that there is ‘no evidence’ supporting these actions is demonstrably false, presenting a partial picture.",rag,1.0,1.0,1.0,1.0,1.0,1.0
"US Bank claims to have added dedicated resources to advance work on climate risk, but this is merely a legal obligation under the new climate risk disclosure laws.","us bank claims to have added dedicated resources to advance work on climate risk, but this is merely a legal obligation under the new climate risk disclosure laws.",greenwashing,"While US Bank has added dedicated resources to climate risk, the claim implies this is a voluntary action. However, new climate risk disclosure laws legally mandate banks to address and disclose climate-related risks. Therefore, this action is a legal obligation, not a voluntary initiative as the claim suggests.",graphrag,4.0,4.0,4.0,4.0,5.0,4.2
"US Bank has added dedicated resources to advance work on climate risk, including the creation of a sustainable finance team and the launch of a renewable energy lending product, demonstrating a proactive approach to addressing climate change.","us bank has added dedicated resources to advance work on climate risk, including the creation of a sustainable finance team and the launch of a renewable energy lending product, demonstrating a proactive approach to addressing climate change.",not_greenwashing,"The provided context includes multiple KPIObservations demonstrating US Bank's actions related to climate risk and sustainability. Specifically, the context confirms the launch of a renewable energy lending product (KPIObservation with _node_key ""ba96ccc75ca2839b"") and the hiring of a sustainable finance leader (KPIObservation with _node_key ""593b2b074fa85cc5""). These actions directly support the claim that US Bank has dedicated resources to advance work on climate risk. Additionally, the context shows significant investment in renewable energy and emissions reduction efforts.",graphrag,5.0,5.0,5.0,5.0,5.0,5.0
"US Bank launched a renewable energy lending product, but this is just a small part of a much larger portfolio that includes significant investments in fossil fuels.","us bank launched a renewable energy lending product, but this is just a small part of a much larger portfolio that includes significant investments in fossil fuels.",greenwashing,"The provided context demonstrates that while US Bank *has* launched a renewable energy lending product, this is a relatively small part of their overall investment portfolio, which still includes significant investments in fossil fuels. The claim implies a greater commitment to renewable energy than is actually the case, presenting a partial truth as a whole. The context shows substantial investments in other areas, suggesting the renewable energy product is not the primary focus of the bank's lending activities.",graphrag,4.0,4.0,4.0,4.0,5.0,4.2
"US Bank launched a renewable energy lending product, which is part of a broader strategy to support sustainable finance and reduce reliance on fossil fuels.","us bank launched a renewable energy lending product, which is part of a broader strategy to support sustainable finance and reduce reliance on fossil fuels.",not_greenwashing,"The provided context explicitly states that US Bank ""launched a renewable energy lending product"" in 2022 and that this is part of a larger effort to support sustainable finance. This aligns with the claim and is supported by multiple snippets throughout the document.",rag,5.0,5.0,5.0,5.0,5.0,5.0
"USBank claims that its co-learning program for cloud certification is a significant sustainability initiative, highlighting the environmental benefits of cloud technology without providing specific metrics or evidence.","usbank claims that its co-learning program for cloud certification is a significant sustainability initiative, highlighting the environmental benefits of cloud technology without providing specific metrics or evidence.",greenwashing,"While the co-learning program itself is accurately described in the context, framing it as a ‘significant sustainability initiative’ solely based on the general benefit of cloud technology is misleading. The document does not present any concrete data demonstrating how this program specifically reduces environmental impact or contributes to USBank’s broader sustainability goals. It presents a partial connection—cloud technology *can* be more efficient—as a direct sustainability outcome of the program, lacking supporting evidence.",rag,3.0,3.0,3.0,4.0,5.0,3.6
USBank has set a target to reduce its carbon footprint by 50% by 2030 and regularly reports on its progress towards this goal.,usbank has set a target to reduce its carbon footprint by 50% by 2030 and regularly reports on its progress towards this goal.,not_greenwashing,"The provided context demonstrates that U.S. Bancorp (US Bank) reports on various ESG KPIs, including reductions in greenhouse gas emissions. Specifically, KPIObservation ""132ec8b484aa1430"" shows a 60% reduction in total Scope 1 + Scope 2 greenhouse-gas emissions since 2014. While the claim states a 50% reduction by 2030, the data shows they have already achieved 60% reduction, indicating the claim is accurate and supported by reported data. The context also confirms regular reporting on these metrics.",graphrag,5.0,5.0,5.0,5.0,5.0,5.0
"USBank is committed to reducing its carbon footprint by 50% by 2030, which is a significant step towards sustainability.","usbank is committed to reducing its carbon footprint by 50% by 2030, which is a significant step towards sustainability.",abstain,"The provided context contains numerous KPI observations for U.S. Bank related to ESG factors, but none of them directly address or verify the claim of a ""50% reduction in carbon footprint by 2030."" While the data shows various sustainability-related achievements, there is no information to confirm whether this specific target is on track or has been substantiated.",graphrag,3.0,2.0,3.0,4.0,2.0,2.8
USBank is committed to reducing its carbon footprint.,usbank is committed to reducing its carbon footprint.,not_greenwashing,"The context provides multiple pieces of evidence demonstrating US Bank's commitment to reducing its carbon footprint, including setting a net-zero goal by 2050, reducing operational GHG emissions by over 60% since 2014, sourcing 100% renewable electricity by 2025, and investing billions in renewable energy projects. These actions substantiate the claim.",rag,5.0,5.0,5.0,5.0,5.0,5.0
"USBank is making strides towards sustainability by reducing its carbon footprint, investing in renewable energy, and encouraging employees to adopt sustainable commuting and remote work options.","usbank is making strides towards sustainability by reducing its carbon footprint, investing in renewable energy, and encouraging employees to adopt sustainable commuting and remote work options.",abstain,"The claim is broad and encompasses several sustainability efforts (reducing carbon footprint, investing in renewable energy, sustainable commuting/remote work). While the provided context demonstrates US Bank has undertaken initiatives related to some of these areas (e.g., renewable energy lending, community funding, flexible work programs), it does not provide comprehensive evidence to verify the claim in its entirety. The context lacks specific data on overall carbon footprint reduction or the extent to which sustainable commuting/remote work options are being adopted and impacting sustainability goals. Therefore, I cannot confidently determine if the claim is factually accurate or misleading.",graphrag,3.0,4.0,4.0,4.0,4.0,3.8
"USBank reports that its co-learning program for cloud certification aims to enhance employee skills and knowledge, leading to improved operational efficiency and reduced energy consumption through better cloud technology utilization.","usbank reports that its co-learning program for cloud certification aims to enhance employee skills and knowledge, leading to improved operational efficiency and reduced energy consumption through better cloud technology utilization.",not_greenwashing,"The provided context includes data point ""Participants in Cloud Certification Program"" with a value of 1200 in 2022 (node key a60d21c448499302). While the claim doesn't provide a specific number, it states that US Bank has a co-learning program for cloud certification, which is supported by the data in the context. The claim about improved operational efficiency and reduced energy consumption through better cloud technology utilization is a logical outcome of such a program, and is not directly contradicted by the available information.",graphrag,5.0,5.0,5.0,5.0,5.0,5.0
"usbank's strong culture of risk management includes policies that ensure the company avoids activities that could harm the environment, thereby supporting sustainability.","usbank's strong culture of risk management includes policies that ensure the company avoids activities that could harm the environment, thereby supporting sustainability.",not_greenwashing,"The provided context explicitly states that U.S. Bancorp's foundational principles include avoiding activities that may damage their reputation, and that they have an Environmental and Social Risk Policy (ESRP) to manage risks associated with clients' environmental and social impacts. This demonstrates a proactive approach to mitigating environmental harm as part of their overall risk management strategy, which aligns with the claim.",rag,5.0,5.0,5.0,5.0,5.0,5.0
