claim,claim_norm,label,justification,Informativeness,Logicality,Objectivity,Readability,Accuracy,OverallScore
"Burberry claims that virtual activities reduce carbon emissions, but does not provide any data or third-party verification to support this claim.","burberry claims that virtual activities reduce carbon emissions, but does not provide any data or third-party verification to support this claim.",abstain,"No context is provided. While Burberry claims virtual activities reduce carbon emissions, the lack of supporting data or verification does not automatically make it greenwashing. I cannot verify the claim's accuracy without further information.",1.0,1.0,1.0,1.0,1.0,1.0
"Burberry reports that virtual activities reduced carbon emissions by 50% compared to in-person events, supported by a third-party audit conducted by XYZ Environmental Consultants.","burberry reports that virtual activities reduced carbon emissions by 50% compared to in-person events, supported by a third-party audit conducted by xyz environmental consultants.",not_greenwashing,"The claim is supported by a third-party audit from XYZ Environmental Consultants, indicating a verifiable reduction in carbon emissions. The context provides specific evidence (50% reduction) and validation (third-party audit) for the claim.",5.0,5.0,5.0,5.0,5.0,5.0
Kering collaborates with partners and stakeholders to achieve systemic change and decarbonize the supply chain.,kering collaborates with partners and stakeholders to achieve systemic change and decarbonize the supply chain.,abstain,"No context provided. While Kering is a luxury group with sustainability goals, I lack specific, verifiable information about their collaborations, stakeholder engagement, or the extent of decarbonization efforts within their supply chain to determine if this claim is accurate or misleading.",1.0,1.0,1.0,1.0,1.0,1.0
"Kering claims to collaborate with partners and stakeholders to achieve systemic change and decarbonize the supply chain, but does not provide specific metrics or definitions for these collaborations.","kering claims to collaborate with partners and stakeholders to achieve systemic change and decarbonize the supply chain, but does not provide specific metrics or definitions for these collaborations.",abstain,"The claim mentions collaboration and decarbonization efforts, but lacks specific, verifiable details about metrics, definitions, or actual progress. Without concrete information, I cannot determine if the claim is accurate or misleading.",3.0,4.0,4.0,4.0,4.0,3.8
Kering's skilled artisans and suppliers play a critical role in safeguarding heritage and decarbonizing the supply chain.,kering's skilled artisans and suppliers play a critical role in safeguarding heritage and decarbonizing the supply chain.,abstain,"The claim is too vague to verify. It mentions 'safeguarding heritage' and 'decarbonizing the supply chain,' but provides no specific, verifiable information about Kering's actions or the extent of their impact. Without concrete details, I cannot determine if this is a factual statement or misleading.",1.0,1.0,1.0,1.0,1.0,1.0
"Kering claims that skilled artisans and suppliers are critical for decarbonizing the supply chain, but does not mention the significant environmental impact of the luxury goods industry.","kering claims that skilled artisans and suppliers are critical for decarbonizing the supply chain, but does not mention the significant environmental impact of the luxury goods industry.",abstain,"The claim is a statement about what Kering does and does not mention, rather than a verifiable factual claim about their environmental impact or decarbonization efforts. I cannot determine if the omission of information constitutes greenwashing without further context or evidence.",3.0,4.0,4.0,4.0,4.0,3.8
"Kering claims to be pioneering in sustainability efforts, but does not provide any evidence or context to support this claim, making it difficult to verify the company's leadership in sustainability.","kering claims to be pioneering in sustainability efforts, but does not provide any evidence or context to support this claim, making it difficult to verify the company's leadership in sustainability.",abstain,"The claim is vague and lacks specific details. Without supporting evidence or context regarding Kering's sustainability initiatives, I cannot verify whether the claim is accurate or misleading.",1.0,1.0,1.0,1.0,1.0,1.0
Kering's partnership with universities and schools to create dedicated programs on sustainable fashion is a significant step towards educating the next generation of fashion industry leaders.,kering's partnership with universities and schools to create dedicated programs on sustainable fashion is a significant step towards educating the next generation of fashion industry leaders.,not_greenwashing,The claim describes a partnership with universities and schools to create educational programs. This is a verifiable action that promotes sustainability education within the fashion industry. There is no evidence to suggest this is misleading or false.,5.0,5.0,5.0,5.0,5.0,5.0
"Kering supported the creation of a specialized certificate in fashion sustainability at IFM, which has provided over 2,500 students with skills and knowledge in sustainability.","kering supported the creation of a specialized certificate in fashion sustainability at ifm, which has provided over 2,500 students with skills and knowledge in sustainability.",not_greenwashing,"The claim states Kering supported the creation of a certificate in fashion sustainability at IFM, and that the certificate has trained over 2,500 students. This is a verifiable action that supports sustainability education and skills development within the fashion industry. There is no evidence to suggest this claim is false or misleading.",5.0,5.0,5.0,5.0,5.0,5.0
Kering's specialized certificate in fashion sustainability at IFM is the ultimate solution to all sustainability challenges in the fashion industry.,kering's specialized certificate in fashion sustainability at ifm is the ultimate solution to all sustainability challenges in the fashion industry.,abstain,"No context provided. I lack the information to verify whether Kering's certificate is the 'ultimate solution' to all sustainability challenges in the fashion industry. This is a subjective claim that requires extensive knowledge of the industry and the certificate's curriculum, which I do not have.",1.0,1.0,1.0,1.0,1.0,1.0
"Kering proudly claims to be a leader in sustainability by participating in the Clean by Design program, which is just a mandatory industry initiative.","kering proudly claims to be a leader in sustainability by participating in the clean by design program, which is just a mandatory industry initiative.",greenwashing,"The claim positions Kering as a leader for participating in the Clean by Design program, but the justification states this program is 'just a mandatory industry initiative.' This means Kering is misrepresenting a legal obligation as a voluntary sustainability effort.",3.0,4.0,4.0,4.0,5.0,4.0
"Kering has actively engaged in the Clean by Design program, demonstrating a commitment to reducing energy and water use in textile mills, which is a voluntary and collaborative effort beyond legal requirements.","kering has actively engaged in the clean by design program, demonstrating a commitment to reducing energy and water use in textile mills, which is a voluntary and collaborative effort beyond legal requirements.",not_greenwashing,"The claim states Kering's engagement in the Clean by Design program, which is described as 'voluntary and collaborative' and 'beyond legal requirements.' This suggests a genuine commitment to sustainability beyond mere compliance, and there is no information provided to contradict this.",5.0,5.0,5.0,5.0,5.0,5.0
Kering boasts about achieving 19% energy savings on average per site through the Clean by Design program without providing detailed data or third-party verification.,kering boasts about achieving 19% energy savings on average per site through the clean by design program without providing detailed data or third-party verification.,abstain,"The claim states an energy savings percentage but lacks detailed data or third-party verification. Without this supporting information, I cannot verify the accuracy of the claim.",3.0,4.0,4.0,4.0,4.0,3.8
"Kering leads the Fashion Pact, an alliance that aims to tackle climate, ocean, and biodiversity issues, showcasing the company's commitment to sustainability.","kering leads the fashion pact, an alliance that aims to tackle climate, ocean, and biodiversity issues, showcasing the company's commitment to sustainability.",not_greenwashing,"Based on internal knowledge, The Fashion Pact is a real initiative led by Kering and other major fashion companies, aiming to improve sustainability across the industry. Kering's leadership role in this pact demonstrates a genuine commitment to addressing these issues.",5.0,5.0,5.0,5.0,5.0,5.0
"Kering spearheaded the Fashion Pact, an initiative that includes over 250 brands, but fails to mention that the coalition's success depends on voluntary commitments that may not be enforceable.","kering spearheaded the fashion pact, an initiative that includes over 250 brands, but fails to mention that the coalition's success depends on voluntary commitments that may not be enforceable.",abstain,"The claim states that Kering 'fails to mention' something, but does not provide evidence of what Kering has or has not stated. Without knowing Kering's specific communications, I cannot verify whether they are omitting information or not.",1.0,1.0,1.0,1.0,1.0,1.0
"Kering initiated the Watch & Jewellery Initiative 2030, a coalition focused on climate resilience, resource conservation, and inclusion, demonstrating a proactive approach to sustainability.","kering initiated the watch & jewellery initiative 2030, a coalition focused on climate resilience, resource conservation, and inclusion, demonstrating a proactive approach to sustainability.",not_greenwashing,"The claim states Kering initiated a coalition focused on sustainability. Without any contradictory information, this is a verifiable action that demonstrates a proactive approach to sustainability.",5.0,5.0,5.0,5.0,5.0,5.0
Kering's Qeelin has pledged to improve the panda's natural habitat and promote sustainable consumption through a charity necklace collaboration with WWF.,kering's qeelin has pledged to improve the panda's natural habitat and promote sustainable consumption through a charity necklace collaboration with wwf.,not_greenwashing,The claim states a pledge to improve panda habitat and promote sustainable consumption through a charity collaboration. This is a voluntary initiative and does not appear to be misleading based on the information provided.,5.0,5.0,5.0,5.0,5.0,5.0
"Kering's Qeelin has pledged to improve the panda's natural habitat and promote sustainable consumption through a charity necklace collaboration with WWF, with a donation of RMB888 from each necklace sold to support WWF's annual initiatives.","kering's qeelin has pledged to improve the panda's natural habitat and promote sustainable consumption through a charity necklace collaboration with wwf, with a donation of rmb888 from each necklace sold to support wwf's annual initiatives.",not_greenwashing,The claim states a charitable collaboration with WWF and a donation from each necklace sold to support WWF's initiatives. This is a verifiable action and does not appear to be misleading based on the information provided.,5.0,5.0,5.0,5.0,5.0,5.0
Kering's Qeelin has donated RMB888 from the proceeds of each Silver Bo Bo Charity necklace sold to support WWF's annual initiatives.,kering's qeelin has donated rmb888 from the proceeds of each silver bo bo charity necklace sold to support wwf's annual initiatives.,not_greenwashing,"The claim states a donation was made to WWF, and does not contain any information that would suggest this is false or misleading. Without further context, it is reasonable to assume this claim is accurate.",1.0,1.0,1.0,1.0,1.0,1.0
"Kering's Qeelin has donated RMB888 from the proceeds of each Silver Bo Bo Charity necklace sold to support WWF's annual initiatives, which include various panda conservation projects.","kering's qeelin has donated rmb888 from the proceeds of each silver bo bo charity necklace sold to support wwf's annual initiatives, which include various panda conservation projects.",not_greenwashing,The claim states a donation from proceeds to WWF for panda conservation. This is a verifiable charitable contribution and does not appear to be misleading based on the information provided.,5.0,5.0,5.0,5.0,5.0,5.0
Kering's Qeelin markets the Silver Bo Bo Charity necklace as a sustainable product due to the donation to WWF.,kering's qeelin markets the silver bo bo charity necklace as a sustainable product due to the donation to wwf.,greenwashing,"The claim implies sustainability through charitable donation. However, donating a portion of profits to WWF does not inherently make the product itself sustainable. It's a charitable contribution, not a change in the product's materials, manufacturing process, or overall environmental impact. This presents a voluntary action as a sustainability benefit when it is simply a donation.",5.0,5.0,5.0,5.0,5.0,5.0
"usbank's strong culture of risk management includes policies that ensure the company avoids activities that could harm the environment, thereby supporting sustainability.","usbank's strong culture of risk management includes policies that ensure the company avoids activities that could harm the environment, thereby supporting sustainability.",abstain,"No context provided. The claim is vague and relies on subjective terms like 'strong culture' and 'harm the environment.' Without specific details about US Bank's risk management policies and their environmental impact, I cannot verify the claim's accuracy.",1.0,1.0,1.0,1.0,1.0,1.0
U.S. Bancorp's Environmental and Social Risk Policy ensures that all clients are eco-friendly and sustainable.,u.s. bancorp's environmental and social risk policy ensures that all clients are eco-friendly and sustainable.,greenwashing,"U.S. Bancorp's Environmental and Social Risk Policy, as publicly available, outlines risk management procedures for clients with potential environmental and social impacts. It does not guarantee that all clients *are* eco-friendly and sustainable; rather, it assesses and manages risks associated with their operations. The claim misrepresents the policy's purpose.",5.0,5.0,5.0,5.0,5.0,5.0
"U.S. Bancorp's Environmental and Social Risk Policy includes a detailed framework for identifying and managing risks associated with clients' environmental and social impacts, ensuring compliance with all applicable laws and regulations.","u.s. bancorp's environmental and social risk policy includes a detailed framework for identifying and managing risks associated with clients' environmental and social impacts, ensuring compliance with all applicable laws and regulations.",not_greenwashing,"The claim states that U.S. Bancorp has a risk policy framework for environmental and social impacts and compliance with laws. This is a statement of fact about the existence of a policy, and without evidence to the contrary, it is considered accurate.",5.0,5.0,5.0,5.0,5.0,5.0
"** US Bank claims that its monitoring and destruction of records is a comprehensive sustainability effort, while ignoring the significant environmental impact of data storage and destruction processes.","** us bank claims that its monitoring and destruction of records is a comprehensive sustainability effort, while ignoring the significant environmental impact of data storage and destruction processes.",greenwashing,"The claim focuses on a narrow aspect (monitoring and destruction) while ignoring the broader environmental impact of data storage and destruction. This presents a partial truth as a whole sustainability effort, which is misleading.",4.0,4.0,4.0,4.0,5.0,4.2
ArabBank believes that financial services can help tackle climate change and create a better world for future generations by financing projects that have a positive impact on the environment.,arabbank believes that financial services can help tackle climate change and create a better world for future generations by financing projects that have a positive impact on the environment.,abstain,"The claim is a statement of belief and intent, not a factual claim that can be verified as true or false. It lacks specific details about projects, financing criteria, or measurable environmental impact.",3.0,2.0,3.0,4.0,5.0,3.4
"ArabBank has financed projects that have led to the avoidance of approximately 1,271,000 tons of CO2e GHG emissions since 2012.","arabbank has financed projects that have led to the avoidance of approximately 1,271,000 tons of co2e ghg emissions since 2012.",abstain,No context provided. I lack the information to verify the accuracy of the CO2e emissions avoidance claim. I do not have access to ArabBank's project portfolio or emissions data to confirm this figure.,1.0,1.0,1.0,1.0,1.0,1.0
ArabBank's green infrastructure finance activities represent a major growth opportunity for the business and clients.,arabbank's green infrastructure finance activities represent a major growth opportunity for the business and clients.,abstain,No context provided. I lack the information to verify the extent of ArabBank's green infrastructure finance activities or whether they represent a significant growth opportunity.,1.0,1.0,1.0,1.0,1.0,1.0
"Arab Bank claims to contribute positively through Environmental Finance solutions, but does not provide specific metrics or definitions for these solutions.","arab bank claims to contribute positively through environmental finance solutions, but does not provide specific metrics or definitions for these solutions.",abstain,"The claim is vague and lacks specific, verifiable information. Without knowing what constitutes 'Environmental Finance solutions' for Arab Bank or any metrics to assess their impact, I cannot determine if the claim is accurate or misleading.",3.0,2.0,3.0,4.0,2.0,2.8
"Arab Bank claims to contribute positively through Environmental Finance solutions, such as providing detailed metrics on the amount of funds allocated to renewable energy projects.","arab bank claims to contribute positively through environmental finance solutions, such as providing detailed metrics on the amount of funds allocated to renewable energy projects.",abstain,"No context provided. I lack the information to verify whether Arab Bank provides detailed metrics on funds allocated to renewable energy projects, or whether their Environmental Finance solutions are accurately represented.",1.0,1.0,1.0,1.0,1.0,1.0
Arab Bank states that it is committed to reducing the environmental impact of its operations without providing specific actions or progress reports.,arab bank states that it is committed to reducing the environmental impact of its operations without providing specific actions or progress reports.,abstain,"The claim is vague and lacks specific details about actions taken or progress made. Without concrete evidence of environmental initiatives or measurable reductions in environmental impact, it is impossible to verify the claim's accuracy or determine if it constitutes greenwashing.",3.0,4.0,4.0,4.0,5.0,4.0
Arab Bank states that it is committed to reducing the environmental impact of its operations and provides specific actions such as reducing energy consumption by 20% within the next five years.,arab bank states that it is committed to reducing the environmental impact of its operations and provides specific actions such as reducing energy consumption by 20% within the next five years.,abstain,No context provided. I lack the information to verify whether Arab Bank's commitment to reducing energy consumption by 20% is a genuine initiative or if it is already legally mandated or part of a broader industry standard.,1.0,1.0,1.0,1.0,1.0,1.0
"Arab Bank claims that the adoption of digital financial services significantly reduces paper usage and energy consumption, but does not provide specific metrics or evidence to support these claims.","arab bank claims that the adoption of digital financial services significantly reduces paper usage and energy consumption, but does not provide specific metrics or evidence to support these claims.",abstain,"The claim states that Arab Bank does not provide specific metrics or evidence to support its claims. Without this supporting information, I cannot verify whether the claim is factually accurate or false.",1.0,1.0,1.0,1.0,1.0,1.0
"Arab Bank reports a 30% reduction in paper usage and a 15% decrease in energy consumption due to the adoption of digital financial services, supported by internal audits and third-party verification.","arab bank reports a 30% reduction in paper usage and a 15% decrease in energy consumption due to the adoption of digital financial services, supported by internal audits and third-party verification.",not_greenwashing,"The claim is supported by specific details: '30% reduction in paper usage,' '15% decrease in energy consumption,' 'adoption of digital financial services,' 'internal audits,' and 'third-party verification.' This provides evidence for the reported reductions.",5.0,5.0,5.0,5.0,5.0,5.0
Arab Bank claims that the Easy Payment Plan (EPP) helps customers adopt sustainable practices without specifying how the plan contributes to sustainability or providing evidence of its environmental impact.,arab bank claims that the easy payment plan (epp) helps customers adopt sustainable practices without specifying how the plan contributes to sustainability or providing evidence of its environmental impact.,abstain,"The claim states that the EPP 'helps customers adopt sustainable practices' but provides no details on how this is achieved. Without further information on the plan's features or its impact on sustainability, I cannot verify the claim's accuracy.",1.0,1.0,1.0,1.0,1.0,1.0
"arabbank claims to be taking a significant step towards sustainability by measuring scope 3 GHG emissions, but this is actually a legal obligation under new regulations.","arabbank claims to be taking a significant step towards sustainability by measuring scope 3 ghg emissions, but this is actually a legal obligation under new regulations.",greenwashing,"The claim of taking a 'significant step towards sustainability' is misleading because measuring scope 3 GHG emissions is presented as a voluntary action, but is in fact a legal obligation under new regulations. This misrepresents compliance as a voluntary initiative.",3.0,4.0,4.0,4.0,5.0,4.0
"arabbank has committed to measuring scope 3 GHG emissions as a proactive step towards setting future sustainability targets, demonstrating a commitment beyond legal requirements.","arabbank has committed to measuring scope 3 ghg emissions as a proactive step towards setting future sustainability targets, demonstrating a commitment beyond legal requirements.",not_greenwashing,"The claim states a commitment to measure scope 3 emissions, which is a proactive step towards setting sustainability targets. This does not inherently indicate greenwashing, as measuring emissions is a necessary step for improvement and is often beyond legal requirements.",5.0,5.0,5.0,5.0,5.0,5.0
Arab Bank claims to reduce energy consumption without specifying any measurable goals or timelines.,arab bank claims to reduce energy consumption without specifying any measurable goals or timelines.,abstain,"The claim is vague and lacks specific, verifiable details. Without measurable goals or timelines, it's impossible to determine if the claim is accurate or misleading.",3.0,2.0,3.0,4.0,5.0,3.4
Arab Bank aims to reduce energy consumption and is currently in the process of setting specific targets and metrics for improvement.,arab bank aims to reduce energy consumption and is currently in the process of setting specific targets and metrics for improvement.,abstain,"The claim states an intention to set targets and metrics, but does not provide any verifiable information about current energy consumption, reduction efforts, or specific targets. Therefore, I cannot determine if the claim is accurate or misleading.",3.0,3.0,3.0,4.0,4.0,3.4
"Arab Bank claims to measure the environmental impact of its operations comprehensively, including all sources of GHG emissions, but only reports on business travel and not on employees' commute.","arab bank claims to measure the environmental impact of its operations comprehensively, including all sources of ghg emissions, but only reports on business travel and not on employees' commute.",greenwashing,"The claim states 'comprehensively, including all sources of GHG emissions,' but the context clarifies that it excludes 'employees' commute.' This indicates that the bank is presenting a partial truth as a whole, as a comprehensive measurement would include all significant emission sources.",4.0,4.0,4.0,4.0,5.0,4.2
"Arab Bank reports on business travel GHG emissions and acknowledges that employees' commute is also a source of emissions, though it is not currently included in the report.","arab bank reports on business travel ghg emissions and acknowledges that employees' commute is also a source of emissions, though it is not currently included in the report.",not_greenwashing,"The claim acknowledges a limitation in the reporting scope (employee commute emissions) without making any false or misleading statements about the reported data. It is transparent about what is included and excluded, which does not constitute greenwashing.",5.0,5.0,5.0,5.0,5.0,5.0
"Greenergy is committed to achieving net zero by 2050 and carbon neutral operations by 2035, showcasing the company's dedication to sustainability.","greenergy is committed to achieving net zero by 2050 and carbon neutral operations by 2035, showcasing the company's dedication to sustainability.",abstain,"No context provided. While the claim states commitments to net zero and carbon neutrality, there is no information about Greenergy's current emissions, reduction strategies, or verification processes to determine if these goals are credible or supported by concrete actions.",1.0,1.0,1.0,1.0,1.0,1.0
"Greenergy aims to achieve net zero by 2050 and carbon neutral operations by 2035, highlighting the company's green initiatives.","greenergy aims to achieve net zero by 2050 and carbon neutral operations by 2035, highlighting the company's green initiatives.",abstain,"No context provided. I lack the information to verify the accuracy of Greenergy's net zero and carbon neutral targets, or the specifics of their green initiatives. Without further details, I cannot determine if this claim is factually accurate or misleading.",1.0,1.0,1.0,1.0,1.0,1.0
"Greenergy's products are designed to avoid 12mt CO2e by 2035, demonstrating a concrete commitment to reducing emissions.","greenergy's products are designed to avoid 12mt co2e by 2035, demonstrating a concrete commitment to reducing emissions.",abstain,"No context is provided. Without information on Greenergy's current emissions, the baseline for this reduction, or the methodology used to calculate the 12mt CO2e figure, I cannot verify the claim's accuracy.",1.0,1.0,1.0,1.0,1.0,1.0
Greenergy's products are eco-friendly and will help avoid significant CO2 emissions.,greenergy's products are eco-friendly and will help avoid significant co2 emissions.,abstain,"No context provided. The claim is vague and lacks specific details about the products, their environmental impact, or how CO2 emissions are avoided. Without further information, I cannot verify its accuracy.",1.0,1.0,1.0,1.0,1.0,1.0
"Greenergy is committed to reducing carbon emissions by 50% by 2030, showing a strong commitment to environmental sustainability.","greenergy is committed to reducing carbon emissions by 50% by 2030, showing a strong commitment to environmental sustainability.",abstain,"No context provided. While the claim states a commitment to reducing carbon emissions, there is no information about Greenergy's current emissions, baseline data, or specific plans to achieve this reduction. Without this information, I cannot verify the claim's accuracy or assess its validity.",1.0,1.0,1.0,1.0,1.0,1.0
** Claim 1: Greenergy is committed to a net-zero future by utilizing waste-based renewables.,** claim 1: greenergy is committed to a net-zero future by utilizing waste-based renewables.,abstain,No context provided. I lack sufficient internal knowledge to verify the claim that Greenergy is committed to a net-zero future by utilizing waste-based renewables.,1.0,1.0,1.0,1.0,1.0,1.0
"** Claim 2: Greenergy is committed to a net-zero future by utilizing waste-based renewables, with specific milestones set for 2030 and 2035.","** claim 2: greenergy is committed to a net-zero future by utilizing waste-based renewables, with specific milestones set for 2030 and 2035.",abstain,"No context provided. I lack the information to verify the specific milestones set by Greenergy for 2030 and 2035, or the extent to which their use of 'waste-based renewables' contributes to a verifiable net-zero pathway.",1.0,1.0,1.0,1.0,1.0,1.0
** Claim 1: Greenergy has recognized the differences in emissions and opportunities to reduce them by activity and will take actions to meet decarbonization ambitions.,** claim 1: greenergy has recognized the differences in emissions and opportunities to reduce them by activity and will take actions to meet decarbonization ambitions.,abstain,No context provided. This claim is too vague to verify. It states intentions but provides no specific details about actions taken or emissions reductions achieved.,1.0,1.0,1.0,1.0,1.0,1.0
"** Claim 2: Greenergy has recognized the differences in emissions and opportunities to reduce them by activity and will take specific actions to meet decarbonization ambitions, including detailed plans for each sector.","** claim 2: greenergy has recognized the differences in emissions and opportunities to reduce them by activity and will take specific actions to meet decarbonization ambitions, including detailed plans for each sector.",abstain,No context provided. I cannot verify if Greenergy has detailed plans for each sector to meet decarbonization ambitions without additional information.,1.0,1.0,1.0,1.0,1.0,1.0
"Greenergy introduced ultra-low sulphur petrol and diesel in the UK, aligning with stricter environmental regulations and improving air quality.","greenergy introduced ultra-low sulphur petrol and diesel in the uk, aligning with stricter environmental regulations and improving air quality.",not_greenwashing,"Based on internal knowledge, the UK implemented regulations to reduce sulphur content in fuels to improve air quality. Greenergy's action aligns with these regulations, making it a legitimate response to environmental standards rather than a misleading claim.",5.0,5.0,5.0,5.0,5.0,5.0
"Greenergy's acquisition of biodiesel manufacturing plants is a significant step towards a sustainable future, showcasing the company's commitment to green energy.","greenergy's acquisition of biodiesel manufacturing plants is a significant step towards a sustainable future, showcasing the company's commitment to green energy.",abstain,"No context provided. While the claim suggests a positive environmental impact, I lack the information to verify the sustainability of the biodiesel manufacturing process, the source of the feedstock, or the overall carbon footprint of Greenergy's operations. Therefore, I cannot determine if the claim is factually accurate or misleading.",1.0,1.0,1.0,1.0,1.0,1.0
Greenergy's acquisition of biodiesel manufacturing plants demonstrates a strategic move to increase the production of renewable fuels and reduce reliance on fossil fuels.,greenergy's acquisition of biodiesel manufacturing plants demonstrates a strategic move to increase the production of renewable fuels and reduce reliance on fossil fuels.,not_greenwashing,The claim is a factual statement about Greenergy's business activities. Acquiring biodiesel plants directly contributes to increased renewable fuel production and decreased fossil fuel dependence. This is a logical and verifiable business strategy.,5.0,5.0,5.0,5.0,5.0,5.0
"Greenergy updated its emissions reporting methodology to operational control, which is a significant step towards sustainability.","greenergy updated its emissions reporting methodology to operational control, which is a significant step towards sustainability.",abstain,"No context provided. While updating emissions reporting methodology to operational control is a best practice, I lack the information to verify if this is a genuine step towards sustainability or if it's simply a change in accounting without actual emissions reductions.",1.0,1.0,1.0,1.0,1.0,1.0
Greenergy restated its historical emissions data using the new operational control methodology to ensure accuracy and comparability.,greenergy restated its historical emissions data using the new operational control methodology to ensure accuracy and comparability.,not_greenwashing,Restating historical emissions data using a new methodology to improve accuracy and comparability is a standard practice in emissions accounting and does not constitute greenwashing. It is a step towards greater transparency and accountability.,5.0,5.0,5.0,5.0,5.0,5.0
Greenergy's restated historical emissions data proves the company's commitment to sustainability.,greenergy's restated historical emissions data proves the company's commitment to sustainability.,greenwashing,"Restating historical emissions data does not inherently demonstrate a commitment to sustainability. It could be an attempt to present a more favorable historical picture, especially if the restatement involves adjustments or recalculations that reduce reported emissions. Without knowing the reasons for the restatement and the methodology used, it's impossible to verify a genuine commitment to sustainability.",5.0,5.0,5.0,5.0,5.0,5.0
"Greenergy proudly claims to be reducing operational emissions, but the vague term ""other means"" does not provide specific details on what measures are being taken, making it difficult to verify the company's commitment to sustainability.","greenergy proudly claims to be reducing operational emissions, but the vague term ""other means"" does not provide specific details on what measures are being taken, making it difficult to verify the company's commitment to sustainability.",abstain,"The claim mentions 'reducing operational emissions' and 'other means,' but lacks specific details about the measures taken. Without concrete information, I cannot verify the claim's accuracy or determine if it is misleading.",3.0,4.0,4.0,4.0,5.0,4.0
"Greenergy is actively evaluating measures to reduce operational emissions from biodiesel manufacturing plants and haulage fleets, including identifying operational efficiencies and other specific actions outlined on page 20 of the report.","greenergy is actively evaluating measures to reduce operational emissions from biodiesel manufacturing plants and haulage fleets, including identifying operational efficiencies and other specific actions outlined on page 20 of the report.",abstain,The claim states that Greenergy is 'actively evaluating measures' to reduce emissions. This does not provide any verifiable information about actual emission reductions or the effectiveness of the measures being considered. The reference to 'page 20 of the report' is unhelpful without the report itself.,1.0,1.0,1.0,1.0,1.0,1.0
"Greenergy states that operational efficiencies are key to meeting reduction targets, but this claim is misleading as it does not specify what these efficiencies entail or provide any quantifiable data to support the claim.","greenergy states that operational efficiencies are key to meeting reduction targets, but this claim is misleading as it does not specify what these efficiencies entail or provide any quantifiable data to support the claim.",abstain,"The claim states that Greenergy's claim is 'misleading' due to a lack of specificity and quantifiable data. However, the context does not provide any information about Greenergy's actual operational efficiencies or reduction targets. Therefore, I cannot verify whether the claim is factually accurate or false.",1.0,1.0,1.0,1.0,1.0,1.0
"Greenergy is committed to meeting reduction targets through specific operational efficiencies, such as optimizing plant operations and improving haulage fleet efficiency, as detailed in the report.","greenergy is committed to meeting reduction targets through specific operational efficiencies, such as optimizing plant operations and improving haulage fleet efficiency, as detailed in the report.",not_greenwashing,"The claim states a commitment to reduction targets through operational efficiencies, which is a reasonable and verifiable sustainability practice. Without further context to contradict this, it is not possible to determine this is greenwashing.",5.0,5.0,5.0,5.0,5.0,5.0
"Greenergy has significantly increased its total emissions footprint by expanding the categories of Scope 3 emissions reported, which is a positive step towards transparency.","greenergy has significantly increased its total emissions footprint by expanding the categories of scope 3 emissions reported, which is a positive step towards transparency.",greenwashing,"The claim presents an increase in emissions as a 'positive step.' While expanding Scope 3 reporting is good for transparency, an increase in the total emissions footprint is not inherently positive. The claim implies that reporting more emissions is equivalent to reducing them, which is misleading.",3.0,2.0,3.0,4.0,1.0,2.6
"Greenergy claims that expanding the categories of Scope 3 emissions reported has significantly increased the total emissions footprint, which is presented as a positive achievement without acknowledging the underlying issue.","greenergy claims that expanding the categories of scope 3 emissions reported has significantly increased the total emissions footprint, which is presented as a positive achievement without acknowledging the underlying issue.",greenwashing,"The claim presents an increase in reported emissions as a 'positive achievement' without addressing the fact that a larger emissions footprint is inherently negative. This selectively highlights a partial truth (increased reporting) while obscuring the core issue (higher emissions), making it a misleading representation.",4.0,4.0,4.0,4.0,5.0,4.2
"Greenergy is investing in solutions to deliver lower, low, and ultimately no carbon fuels, which aligns with the company's commitment to reducing its carbon footprint.","greenergy is investing in solutions to deliver lower, low, and ultimately no carbon fuels, which aligns with the company's commitment to reducing its carbon footprint.",abstain,"No context provided. The claim is vague and lacks specific details about the solutions Greenergy is investing in, the baseline carbon footprint, or the timeline for achieving 'no carbon fuels.' Without further information, I cannot verify the accuracy of the claim.",1.0,1.0,1.0,1.0,1.0,1.0
"Greenergy claims to be investing in solutions to deliver lower, low, and ultimately no carbon fuels, but provides no evidence or timeline for these initiatives.","greenergy claims to be investing in solutions to deliver lower, low, and ultimately no carbon fuels, but provides no evidence or timeline for these initiatives.",abstain,"The claim states Greenergy is 'investing in solutions' but provides no specific details about these investments, timelines, or measurable outcomes. Without further information, I cannot verify if this claim is factually accurate or misleading.",3.0,2.0,3.0,4.0,4.0,3.2
"Greenergy acknowledges that the use of sold products is the most significant element of the total emissions footprint, indicating a focus on addressing this critical area.","greenergy acknowledges that the use of sold products is the most significant element of the total emissions footprint, indicating a focus on addressing this critical area.",abstain,"The claim is a statement of acknowledgement and focus, not a verifiable claim about environmental impact or sustainability. It does not contain specific details that can be confirmed or refuted.",1.0,1.0,1.0,1.0,1.0,1.0
Greenergy prioritizes projects that support a reduction in emissions intensity.,greenergy prioritizes projects that support a reduction in emissions intensity.,abstain,No context provided. The claim is too vague to verify. 'Prioritizes' and 'reduction in emissions intensity' are not specific enough to determine if this is a factual statement or greenwashing.,1.0,1.0,1.0,1.0,1.0,1.0
Greenergy commits to reducing emissions intensity by 20% through the prioritization of projects that support this goal.,greenergy commits to reducing emissions intensity by 20% through the prioritization of projects that support this goal.,abstain,"No context provided. The claim is vague and lacks specific details about the baseline emissions intensity, the timeframe for the 20% reduction, or the specific projects being prioritized. Without further information, I cannot verify the claim's accuracy.",1.0,1.0,1.0,1.0,1.0,1.0
Greenergy's commitment to assessing the impact of capital expenditure on emissions intensity is a voluntary sustainability initiative.,greenergy's commitment to assessing the impact of capital expenditure on emissions intensity is a voluntary sustainability initiative.,greenwashing,"According to the UK government, companies in the oil and gas sector are legally required to report their emissions intensity and demonstrate a reduction in emissions. Greenergy's assessment is therefore a legal obligation, not a voluntary initiative.",1.0,1.0,1.0,1.0,1.0,1.0
"Greenergy voluntarily assesses the impact of capital expenditure on emissions intensity, going beyond legal requirements.","greenergy voluntarily assesses the impact of capital expenditure on emissions intensity, going beyond legal requirements.",not_greenwashing,"The claim states Greenergy voluntarily assesses the impact of capital expenditure on emissions intensity, going beyond legal requirements. Without any context to contradict this, it is reasonable to assume this is a true statement.",5.0,5.0,5.0,5.0,5.0,5.0
Greenergy prioritizes all projects that claim to reduce emissions intensity.,greenergy prioritizes all projects that claim to reduce emissions intensity.,abstain,No context provided. I lack the information to verify whether Greenergy prioritizes all projects that claim to reduce emissions intensity.,1.0,1.0,1.0,1.0,1.0,1.0
Greenergy prioritizes the construction of a new solar farm as part of its strategy to reduce emissions intensity.,greenergy prioritizes the construction of a new solar farm as part of its strategy to reduce emissions intensity.,abstain,"No context provided. While the claim states a strategy, it does not provide any verifiable information about the actual emissions reduction, the size or efficiency of the solar farm, or any supporting data to confirm the claim's accuracy.",1.0,1.0,1.0,1.0,1.0,1.0
** The company claims that switching biodiesel plants to renewable electricity is a significant step towards sustainability.,** the company claims that switching biodiesel plants to renewable electricity is a significant step towards sustainability.,abstain,No context provided. I lack the information to verify whether switching biodiesel plants to renewable electricity is a significant step towards sustainability or if the claim is misleading.,1.0,1.0,1.0,1.0,1.0,1.0
"** Greenergy has switched biodiesel plants to renewable electricity, reducing operational emissions by 20% compared to the previous year.","** greenergy has switched biodiesel plants to renewable electricity, reducing operational emissions by 20% compared to the previous year.",not_greenwashing,"The claim states a reduction in operational emissions due to a switch to renewable electricity. This is a plausible and verifiable sustainability improvement, and without further context to suggest otherwise, it is reasonable to assume the claim is accurate.",5.0,5.0,5.0,5.0,5.0,5.0
"** Greenergy has transitioned Amsterdam’s plant to 'green gas,' which is sourced from renewable biomass and reduces emissions by 30% compared to traditional natural gas.","** greenergy has transitioned amsterdam’s plant to 'green gas,' which is sourced from renewable biomass and reduces emissions by 30% compared to traditional natural gas.",abstain,"No context provided. I lack the information to verify the source of the 'green gas,' the specific composition of the 'renewable biomass,' or the accuracy of the '30% emissions reduction' claim. Without further details, I cannot determine if this claim is factually accurate.",1.0,1.0,1.0,1.0,1.0,1.0
"Baytex Energy has completed 7,528 surveys and repaired 608 fugitive leaks in 2022 using optical gas imaging technology, and is actively piloting aerial surveillance to further understand and reduce methane emissions.","baytex energy has completed 7,528 surveys and repaired 608 fugitive leaks in 2022 using optical gas imaging technology, and is actively piloting aerial surveillance to further understand and reduce methane emissions.",not_greenwashing,"The claim details specific actions taken by Baytex Energy to address methane emissions, including surveys, leak repairs, and piloting new technologies. This demonstrates proactive efforts to reduce environmental impact, and there is no evidence to suggest the claim is false or misleading.",5.0,5.0,5.0,5.0,5.0,5.0
"Baytex Energy claims to use optical gas imaging technology in its fugitive emissions management program, but this technology is presented as a voluntary initiative when it is actually a requirement under existing environmental regulations.","baytex energy claims to use optical gas imaging technology in its fugitive emissions management program, but this technology is presented as a voluntary initiative when it is actually a requirement under existing environmental regulations.",greenwashing,"The claim presents the use of optical gas imaging technology as a voluntary initiative, but the context states it is 'actually a requirement under existing environmental regulations.' This misrepresents a legal obligation as a voluntary action, constituting greenwashing.",5.0,5.0,5.0,5.0,5.0,5.0
"Baytex Energy uses optical gas imaging technology in its fugitive emissions management program, which is a voluntary initiative that goes beyond legal requirements to identify and repair fugitive leaks.","baytex energy uses optical gas imaging technology in its fugitive emissions management program, which is a voluntary initiative that goes beyond legal requirements to identify and repair fugitive leaks.",not_greenwashing,"The claim states that Baytex Energy's fugitive emissions management program is voluntary and exceeds legal requirements. Without any contradictory information, this claim appears to be factually accurate.",5.0,5.0,5.0,5.0,5.0,5.0
"Baytex Energy claims that aerial surveillance will significantly reduce methane emissions, but this claim is not supported by any evidence or data from the initial 2022 campaign.","baytex energy claims that aerial surveillance will significantly reduce methane emissions, but this claim is not supported by any evidence or data from the initial 2022 campaign.",greenwashing,The claim that aerial surveillance will 'significantly reduce methane emissions' is directly contradicted by the statement that it is 'not supported by any evidence or data from the initial 2022 campaign.',3.0,2.0,3.0,4.0,5.0,3.4
"Baytex Energy claims that electriﬁcation of compressors in the Duvernay ﬂeet will reduce emissions by 30 percent, but does not provide any third-party verification or evidence to support this claim.","baytex energy claims that electriﬁcation of compressors in the duvernay ﬂeet will reduce emissions by 30 percent, but does not provide any third-party verification or evidence to support this claim.",greenwashing,"The claim states a 30% reduction in emissions due to electrification, but lacks 'third-party verification or evidence' to support this claim. This contradiction between the stated benefit and the absence of supporting data constitutes a misleading claim.",3.0,2.0,3.0,4.0,5.0,3.4
"Baytex Energy has added electric-powered compressors to its Duvernay fleet, which is expected to reduce regional emissions by 30 percent over the first twelve months of operations, based on detailed calculations and projections provided in the report.","baytex energy has added electric-powered compressors to its duvernay fleet, which is expected to reduce regional emissions by 30 percent over the first twelve months of operations, based on detailed calculations and projections provided in the report.",not_greenwashing,"The claim states a reduction in emissions based on 'detailed calculations and projections provided in the report.' While I don't have access to the report, the claim itself is not inherently misleading, as it acknowledges the basis for the projection. Without evidence to the contrary, I cannot classify this as greenwashing.",5.0,5.0,5.0,5.0,5.0,5.0
"Baytex Energy claims to have reduced methane emissions without specifying the exact methods or metrics used, leading to ambiguity about the extent and nature of the reduction.","baytex energy claims to have reduced methane emissions without specifying the exact methods or metrics used, leading to ambiguity about the extent and nature of the reduction.",abstain,"The claim states a reduction in methane emissions but lacks specific details about the methods used or metrics employed. Without quantifiable data or a description of the reduction strategy, it is impossible to verify the accuracy or misleading nature of the claim.",3.0,2.0,3.0,4.0,2.0,2.8
"Baytex Energy has implemented specific methane reduction activities, such as leak detection and repair programs, which have led to a measurable 20% reduction in methane emissions over the past year, as verified by third-party audits.","baytex energy has implemented specific methane reduction activities, such as leak detection and repair programs, which have led to a measurable 20% reduction in methane emissions over the past year, as verified by third-party audits.",not_greenwashing,"The claim is supported by specific details: 'methane reduction activities, such as leak detection and repair programs,' a 'measurable 20% reduction in methane emissions,' and 'verified by third-party audits.' This provides factual evidence supporting the claim.",5.0,5.0,5.0,5.0,5.0,5.0
"Baytex Energy is evaluating new technologies to reduce emissions, making the company a leader in environmental sustainability.","baytex energy is evaluating new technologies to reduce emissions, making the company a leader in environmental sustainability.",abstain,"No context provided. While Baytex Energy may be evaluating technologies to reduce emissions, I lack the information to verify if this makes them a leader in environmental sustainability or if the claim is misleading. This is a subjective statement without quantifiable data.",1.0,1.0,1.0,1.0,1.0,1.0
"Baytex Energy is currently assessing various technologies to potentially integrate into future emissions reduction programs, aiming to achieve a measurable decrease in overall emissions.","baytex energy is currently assessing various technologies to potentially integrate into future emissions reduction programs, aiming to achieve a measurable decrease in overall emissions.",abstain,"The claim states that Baytex Energy is 'assessing' technologies for future emissions reduction. This is a statement of intent, not a claim of current achievement or a verifiable fact about existing emissions reductions. Without further information on specific technologies, timelines, or measurable results, I cannot determine if this claim is accurate or misleading.",3.0,4.0,4.0,4.0,5.0,4.0
"Baytex Energy is tackling the challenge of vented gas emissions, ensuring a sustainable future.","baytex energy is tackling the challenge of vented gas emissions, ensuring a sustainable future.",abstain,"No context provided. The claim is too vague to verify. 'Tackling the challenge' and 'ensuring a sustainable future' are broad statements without specific, verifiable details about Baytex Energy's actions or their impact on vented gas emissions.",1.0,1.0,1.0,1.0,1.0,1.0
Baytex Energy recognizes the challenge of abating small volumes of vented gas emissions and is actively exploring solutions to address this issue as part of its broader emissions reduction strategy.,baytex energy recognizes the challenge of abating small volumes of vented gas emissions and is actively exploring solutions to address this issue as part of its broader emissions reduction strategy.,abstain,"The claim states that Baytex Energy is 'actively exploring solutions' to address vented gas emissions. This is a statement of intent and does not contain any verifiable facts about current emissions reduction efforts or the effectiveness of any solutions. Therefore, I cannot determine if it is a greenwashing claim or not.",1.0,1.0,1.0,1.0,1.0,1.0
"Baytex Energy is committed to reducing emissions, aiming for a significant decrease in the coming years.","baytex energy is committed to reducing emissions, aiming for a significant decrease in the coming years.",abstain,"The claim is vague and lacks specific details about emission reduction targets, timelines, or methodologies. Without quantifiable data or a clear plan, it's impossible to verify the commitment's authenticity or assess its impact.",3.0,4.0,4.0,4.0,5.0,4.0
Baytex Energy is committed to reducing emissions by 30% by 2030 as part of its broader sustainability strategy.,baytex energy is committed to reducing emissions by 30% by 2030 as part of its broader sustainability strategy.,abstain,No context provided. I lack the information to verify if Baytex Energy has a credible sustainability strategy or if the 30% emissions reduction target is a genuine commitment backed by concrete actions and measurable progress.,1.0,1.0,1.0,1.0,1.0,1.0
Baytex Energy has committed to minimizing routine venting across its new Peavine Clearwater and Duvernay development areas.,baytex energy has committed to minimizing routine venting across its new peavine clearwater and duvernay development areas.,abstain,No context provided. I do not have sufficient information to verify the extent of Baytex Energy's commitment to minimizing routine venting or whether this commitment is being met in practice.,1.0,1.0,1.0,1.0,1.0,1.0
"Baytex Energy proudly claims to be reducing routine venting in its new development areas, emphasizing this as a voluntary initiative rather than a legal obligation.","baytex energy proudly claims to be reducing routine venting in its new development areas, emphasizing this as a voluntary initiative rather than a legal obligation.",not_greenwashing,"The claim states that reducing routine venting is a voluntary initiative. Without any context to suggest this is a legal requirement, the claim is presented as accurate.",3.0,3.0,3.0,4.0,5.0,3.6
"Baytex Energy claims to be reducing routine venting in its new development areas, implying this is a voluntary action, but it is actually required by new environmental regulations.","baytex energy claims to be reducing routine venting in its new development areas, implying this is a voluntary action, but it is actually required by new environmental regulations.",greenwashing,"The claim implies a voluntary action ('reducing routine venting'), but the context states this is 'required by new environmental regulations.' This misrepresents a legal obligation as a voluntary sustainability initiative.",3.0,4.0,4.0,4.0,5.0,4.0
"Baytex Energy has committed to minimizing routine venting across its new Peavine Clearwater and Duvernay development areas, without making broader claims about the sustainability of its entire operations.","baytex energy has committed to minimizing routine venting across its new peavine clearwater and duvernay development areas, without making broader claims about the sustainability of its entire operations.",not_greenwashing,"The claim specifies a commitment to minimizing venting in specific development areas, without making broader, unsubstantiated sustainability claims about the entire company. This is a focused, verifiable commitment, and the context does not suggest any misleading information.",5.0,5.0,5.0,5.0,5.0,5.0
"Baytex Energy claims to be a sustainable company based on its commitment to minimizing routine venting in its new development areas, while ignoring the significant environmental impacts of its other operations.","baytex energy claims to be a sustainable company based on its commitment to minimizing routine venting in its new development areas, while ignoring the significant environmental impacts of its other operations.",greenwashing,"The claim highlights a focus on 'minimizing routine venting in its new development areas' while overlooking 'significant environmental impacts of its other operations.' This suggests a partial truth presented as a whole, implying overall sustainability when the company's broader environmental footprint remains substantial.",3.0,4.0,4.0,4.0,5.0,4.0
"Baytex Energy has committed to minimizing routine venting across its new Peavine Clearwater and Duvernay development areas, with plans to implement specific technologies and practices to achieve this goal.","baytex energy has committed to minimizing routine venting across its new peavine clearwater and duvernay development areas, with plans to implement specific technologies and practices to achieve this goal.",abstain,"No context is provided. While the claim states a commitment to minimizing venting, it lacks specific details about the technologies, practices, or measurable targets. Without further information, I cannot verify the factual accuracy of this claim.",1.0,1.0,1.0,1.0,1.0,1.0
Baytex is committed to protecting biodiversity by identifying at-risk species in its operating areas.,baytex is committed to protecting biodiversity by identifying at-risk species in its operating areas.,abstain,"No context provided. While the claim states a commitment to biodiversity protection, there is no information about the specific actions Baytex is taking, the methodology used to identify at-risk species, or the effectiveness of these efforts. Therefore, I cannot verify the claim's factual accuracy.",1.0,1.0,1.0,1.0,1.0,1.0
"Baytex has identified several species at risk in its operating areas, including the Sprague’s Pipit, Purple Martin, and Caribou, and is working on developing a comprehensive biodiversity protection plan.","baytex has identified several species at risk in its operating areas, including the sprague’s pipit, purple martin, and caribou, and is working on developing a comprehensive biodiversity protection plan.",not_greenwashing,The claim states that Baytex has identified species at risk and is working on a biodiversity protection plan. This is a proactive step towards environmental responsibility and does not contain any verifiable inaccuracies.,5.0,5.0,5.0,5.0,5.0,5.0
Baytex is actively working to mitigate the impact of industrial growth and recreation on woodland caribou.,baytex is actively working to mitigate the impact of industrial growth and recreation on woodland caribou.,abstain,No context provided. I lack sufficient internal knowledge to verify whether Baytex is actively working to mitigate the impact of industrial growth and recreation on woodland caribou.,1.0,1.0,1.0,1.0,1.0,1.0
"Baytex acknowledges the impact of industrial growth and recreation on woodland caribou and is developing strategies to reduce these impacts, such as habitat restoration and limiting recreational access.","baytex acknowledges the impact of industrial growth and recreation on woodland caribou and is developing strategies to reduce these impacts, such as habitat restoration and limiting recreational access.",not_greenwashing,The claim states that Baytex is developing strategies to reduce the impact of industrial growth and recreation on woodland caribou. This is a proactive step towards environmental responsibility and does not contain any demonstrably false or misleading information.,5.0,5.0,5.0,5.0,5.0,5.0
"Baytex Energy conducts pre-disturbance reviews to identify potential impacts on biodiversity, including locating sensitive wildlife zones and historically significant areas, with detailed criteria and metrics provided in the company's biodiversity management plan.","baytex energy conducts pre-disturbance reviews to identify potential impacts on biodiversity, including locating sensitive wildlife zones and historically significant areas, with detailed criteria and metrics provided in the company's biodiversity management plan.",not_greenwashing,"The claim describes a specific process (pre-disturbance reviews) and a documented plan (biodiversity management plan) with defined criteria and metrics. This suggests a genuine effort to assess and mitigate biodiversity impacts, and there is no information provided to contradict this.",5.0,5.0,5.0,5.0,5.0,5.0
"Baytex Energy conducts wildlife sweeps before site development to ensure minimal impact on wildlife, showcasing the company's commitment to environmental stewardship.","baytex energy conducts wildlife sweeps before site development to ensure minimal impact on wildlife, showcasing the company's commitment to environmental stewardship.",abstain,"No context is provided. While the claim describes a potentially positive environmental practice, I lack the information to verify whether Baytex Energy consistently conducts these sweeps, the scope of the sweeps, or their actual effectiveness in minimizing wildlife impact. Therefore, I cannot determine if the claim is factually accurate or misleading.",1.0,1.0,1.0,1.0,1.0,1.0
"Baytex Energy proudly conducts wildlife sweeps before site development, ensuring minimal impact on wildlife, which demonstrates the company's dedication to environmental protection.","baytex energy proudly conducts wildlife sweeps before site development, ensuring minimal impact on wildlife, which demonstrates the company's dedication to environmental protection.",abstain,"No context is provided. While the claim states Baytex Energy conducts wildlife sweeps, there is no information to verify the thoroughness of these sweeps, the effectiveness in minimizing impact, or whether this practice goes above and beyond legal requirements.",1.0,1.0,1.0,1.0,1.0,1.0
"Baytex Energy decreases land disturbance while increasing production through extended-reach horizontal drilling, new multi-well pads, and pipeline repurposing, demonstrating a commitment to balancing production with environmental responsibility.","baytex energy decreases land disturbance while increasing production through extended-reach horizontal drilling, new multi-well pads, and pipeline repurposing, demonstrating a commitment to balancing production with environmental responsibility.",abstain,"No context is provided. While the claim describes environmentally conscious practices, it lacks specific, verifiable data on the extent of land disturbance reduction, production increases, or the details of pipeline repurposing. Without this information, I cannot determine if the claim is factually accurate or misleading.",1.0,1.0,1.0,1.0,1.0,1.0
"Baytex Energy's innovative drilling techniques and pipeline management significantly reduce land disturbance, making the company a leader in sustainable oil and gas production.","baytex energy's innovative drilling techniques and pipeline management significantly reduce land disturbance, making the company a leader in sustainable oil and gas production.",abstain,No context provided. I lack the specific knowledge to verify the extent to which Baytex Energy's drilling techniques and pipeline management reduce land disturbance or whether they are truly a leader in sustainable oil and gas production.,1.0,1.0,1.0,1.0,1.0,1.0
"Burberry Foundation partners with social enterprises to address waste and provide employment opportunities, making the luxury industry more sustainable.","burberry foundation partners with social enterprises to address waste and provide employment opportunities, making the luxury industry more sustainable.",abstain,"No context provided. While Burberry Foundation's partnerships are a positive step, I lack specific, verifiable information about the scale, impact, and transparency of these initiatives to determine if the claim of making the 'luxury industry more sustainable' is factually accurate.",3.0,2.0,3.0,4.0,2.0,2.8
"Burberry Foundation partners with social enterprises to address waste and provide employment opportunities, contributing to the sustainability of the luxury industry.","burberry foundation partners with social enterprises to address waste and provide employment opportunities, contributing to the sustainability of the luxury industry.",not_greenwashing,"The claim describes a partnership with social enterprises to address waste and provide employment opportunities. This is a positive social and environmental initiative and does not contain any verifiable inaccuracies. Without further context, it is reasonable to assume this is a genuine effort to contribute to sustainability.",5.0,5.0,5.0,5.0,5.0,5.0
"Burberry Foundation's programmes aim to support communities and tackle systemic waste issues, contributing to the sustainability of Burberry's operations.","burberry foundation's programmes aim to support communities and tackle systemic waste issues, contributing to the sustainability of burberry's operations.",abstain,"No context provided. While the claim states the Burberry Foundation's aims, it lacks specific details about the programmes, their impact, or how they contribute to Burberry's sustainability. Without further information, I cannot verify the claim's accuracy.",1.0,1.0,1.0,1.0,1.0,1.0
"Burberry claims that the training programme will enhance herders' income through sustainable practices, but the broader community and environmental benefits are not quantified, making it unclear if the programme truly contributes to sustainable development.","burberry claims that the training programme will enhance herders' income through sustainable practices, but the broader community and environmental benefits are not quantified, making it unclear if the programme truly contributes to sustainable development.",abstain,"The claim states that benefits are 'not quantified,' meaning there is no verifiable information to confirm or deny the claim's accuracy. The lack of quantifiable data prevents a determination of greenwashing or not.",3.0,4.0,4.0,4.0,5.0,4.0
"Burberry reports that the training programme aims to enhance herders' income through sustainable practices, with specific metrics such as cashmere and livestock production per herder and price-adjusted income per goat, indicating a commitment to measurable improvements in livelihoods and environmental sustainability.","burberry reports that the training programme aims to enhance herders' income through sustainable practices, with specific metrics such as cashmere and livestock production per herder and price-adjusted income per goat, indicating a commitment to measurable improvements in livelihoods and environmental sustainability.",not_greenwashing,"The claim states that Burberry's training programme aims to enhance herders' income through sustainable practices, with specific metrics such as cashmere and livestock production per herder and price-adjusted income per goat. This indicates a commitment to measurable improvements in livelihoods and environmental sustainability, which is a factual statement about the programme's goals and metrics.",5.0,5.0,5.0,5.0,5.0,5.0
"Burberry has treated and vaccinated over 233,741 cashmere goats and 264,203 other livestock as part of a health and welfare program.","burberry has treated and vaccinated over 233,741 cashmere goats and 264,203 other livestock as part of a health and welfare program.",not_greenwashing,"The claim states a specific number of animals treated and vaccinated as part of a welfare program. Without any contradictory information, this claim is considered factually accurate.",5.0,5.0,5.0,5.0,5.0,5.0
"Burberry's collaboration with Oxfam and PUR Projet in Afghanistan has led to a 136% increase in cashmere collection volume, showcasing the company's commitment to sustainable and ethical sourcing.","burberry's collaboration with oxfam and pur projet in afghanistan has led to a 136% increase in cashmere collection volume, showcasing the company's commitment to sustainable and ethical sourcing.",abstain,"No context is provided. While the claim describes a collaboration and a percentage increase in cashmere collection, I lack the information to verify the sustainability or ethical implications of this increase or the overall impact of the collaboration. I cannot determine if this claim is factually accurate or misleading without further information.",1.0,1.0,1.0,1.0,1.0,1.0
"Burberry's initiative in Afghanistan has made the cashmere industry more sustainable by increasing the volume of cashmere collected, without mentioning any negative environmental impacts of cashmere production.","burberry's initiative in afghanistan has made the cashmere industry more sustainable by increasing the volume of cashmere collected, without mentioning any negative environmental impacts of cashmere production.",greenwashing,"The claim focuses solely on increased cashmere collection volume, implying sustainability, while omitting any discussion of the environmental impacts associated with cashmere production (e.g., overgrazing, land degradation, water usage). This presents a partial truth as a whole, suggesting sustainability without addressing the full picture.",3.0,2.0,3.0,4.0,2.0,2.8
Burberry claims to be on track to achieve carbon neutrality in its own operational energy use by 2022 without providing specific metrics or evidence of progress.,burberry claims to be on track to achieve carbon neutrality in its own operational energy use by 2022 without providing specific metrics or evidence of progress.,abstain,"No context is provided. Without specific metrics or evidence of progress, I cannot verify whether Burberry's claim of carbon neutrality by 2022 is accurate or misleading.",1.0,1.0,1.0,1.0,1.0,1.0
"Burberry aims to achieve carbon neutrality in its own operational energy use by 2022 and has already reduced market-based emissions by 92% since 2016, indicating a strong commitment to reducing emissions.","burberry aims to achieve carbon neutrality in its own operational energy use by 2022 and has already reduced market-based emissions by 92% since 2016, indicating a strong commitment to reducing emissions.",not_greenwashing,"The claim states Burberry aims for carbon neutrality and has reduced emissions by 92% since 2016. Without additional context, I cannot verify the claim, but it does not present any immediately verifiable falsehoods.",3.0,4.0,4.0,4.0,5.0,4.0
Burberry claims to have reduced market-based emissions by 92% since 2016 without providing specific details on how this reduction was achieved or any third-party verification.,burberry claims to have reduced market-based emissions by 92% since 2016 without providing specific details on how this reduction was achieved or any third-party verification.,greenwashing,The claim states a significant reduction in emissions (92%) but lacks transparency regarding the methods used to achieve this reduction and lacks third-party verification. This suggests the claim may be presenting a partial truth without providing a complete picture of Burberry's environmental impact.,3.0,2.0,3.0,4.0,4.0,3.2
"Burberry has reduced market-based emissions by 92% since 2016, and this reduction is supported by detailed reports and third-party verification from the Carbon Disclosure Project.","burberry has reduced market-based emissions by 92% since 2016, and this reduction is supported by detailed reports and third-party verification from the carbon disclosure project.",not_greenwashing,"The claim states a significant emissions reduction (92% since 2016) and importantly, specifies that this reduction is 'supported by detailed reports and third-party verification from the Carbon Disclosure Project.' This indicates the claim is based on verifiable data and independent assessment, making it factually accurate based on the information provided.",5.0,5.0,5.0,5.0,5.0,5.0
"** Burberry claims to balance emissions by investing in insetting projects, but the term ""balancing emissions"" is vague and does not specify the metrics or definitions used to measure the impact of these projects.","** burberry claims to balance emissions by investing in insetting projects, but the term ""balancing emissions"" is vague and does not specify the metrics or definitions used to measure the impact of these projects.",abstain,"The claim mentions 'balancing emissions' and the vagueness of the term, but does not provide enough information to determine if Burberry's claim is factually inaccurate. Without knowing the specific metrics or definitions used, it's impossible to verify if the claim is misleading.",3.0,4.0,4.0,4.0,4.0,3.8
"** Burberry invests in insetting projects through The Burberry Regeneration Fund, which includes verified carbon offsetting and insetting projects that store carbon, promote biodiversity, and support local producers. The company provides details on a specific pilot project with PUR Projet in Australia.","** burberry invests in insetting projects through the burberry regeneration fund, which includes verified carbon offsetting and insetting projects that store carbon, promote biodiversity, and support local producers. the company provides details on a specific pilot project with pur projet in australia.",not_greenwashing,"The claim states Burberry invests in insetting projects through a fund, and provides details on a pilot project with PUR Projet. This suggests a verifiable initiative, and without evidence to the contrary, the claim is considered factually accurate.",5.0,5.0,5.0,5.0,5.0,5.0
"** Burberry supports a portfolio of carbon insetting and verified carbon offsetting projects through The Burberry Regeneration Fund, which includes specific initiatives like regenerative agricultural practices with wool producers in Australia. These projects aim to store carbon, promote biodiversity, and support local producers.","** burberry supports a portfolio of carbon insetting and verified carbon offsetting projects through the burberry regeneration fund, which includes specific initiatives like regenerative agricultural practices with wool producers in australia. these projects aim to store carbon, promote biodiversity, and support local producers.",not_greenwashing,"The claim states Burberry supports carbon insetting and offsetting projects through a specific fund, including regenerative agricultural practices. This is a verifiable sustainability initiative and does not appear to be misleading based on the information provided.",5.0,5.0,5.0,5.0,5.0,5.0
"Burberry aims to reduce its absolute scope 1 and 2 GHG emissions by 95% by 2022, which sounds impressive but does not specify how this target aligns with the company's overall business strategy or provide evidence of progress towards this goal.","burberry aims to reduce its absolute scope 1 and 2 ghg emissions by 95% by 2022, which sounds impressive but does not specify how this target aligns with the company's overall business strategy or provide evidence of progress towards this goal.",abstain,"The claim states an emissions reduction target, but the context only points out that it 'sounds impressive but does not specify how this target aligns with the company's overall business strategy or provide evidence of progress towards this goal.' This is a critique of the claim's lack of detail, not a factual disproof or verification of the target itself. I cannot determine if the target is achievable or if Burberry is making progress towards it.",3.0,3.0,3.0,4.0,4.0,3.4
"Burberry has set a science-based target to reduce its absolute scope 1 and 2 GHG emissions by 95% by 2022, aligning with the Paris Agreement's 1.5°C pathway, and has publicly disclosed its progress towards this target.","burberry has set a science-based target to reduce its absolute scope 1 and 2 ghg emissions by 95% by 2022, aligning with the paris agreement's 1.5°c pathway, and has publicly disclosed its progress towards this target.",not_greenwashing,"The claim states Burberry has set a science-based target to reduce GHG emissions by 95% by 2022, aligning with the Paris Agreement. This is a specific, measurable goal and the claim states progress is publicly disclosed. Without evidence to the contrary, this appears to be a legitimate sustainability commitment.",5.0,5.0,5.0,5.0,5.0,5.0
"Burberry claims to reduce its scope 3 emissions by 30% by 2030, but this target is not clearly defined or supported by specific actions or metrics, making it difficult to assess the company's commitment to this goal.","burberry claims to reduce its scope 3 emissions by 30% by 2030, but this target is not clearly defined or supported by specific actions or metrics, making it difficult to assess the company's commitment to this goal.",abstain,"The claim states a target reduction but acknowledges it lacks clear definition and supporting metrics. Without further information on Burberry's methodology, baseline emissions, or planned actions, I cannot verify the factual accuracy or misleading nature of the claim.",3.0,4.0,4.0,4.0,4.0,3.8
"Burberry is passionate about renewable energy and sources 93% of its electricity from renewable sources, aiming for 100% by 2022.","burberry is passionate about renewable energy and sources 93% of its electricity from renewable sources, aiming for 100% by 2022.",abstain,No context provided. I do not have access to Burberry's energy consumption data or verification of their renewable energy sourcing to confirm the 93% claim or their progress towards the 100% goal.,1.0,1.0,1.0,1.0,1.0,1.0
"Burberry is a leader in renewable energy use, achieving 93% renewable electricity and recognized by CDP for stimulating demand in the supply chain.","burberry is a leader in renewable energy use, achieving 93% renewable electricity and recognized by cdp for stimulating demand in the supply chain.",abstain,"No context provided. While Burberry's claim of renewable energy use and CDP recognition sounds positive, I lack the verifiable information to confirm the accuracy of the 93% figure or the specifics of their supply chain engagement. I cannot determine if this is greenwashing or not without further evidence.",3.0,2.0,3.0,4.0,2.0,2.8
Burberry is a member of RE100 and has been recognized by CDP for its efforts in promoting renewable energy in its supply chain.,burberry is a member of re100 and has been recognized by cdp for its efforts in promoting renewable energy in its supply chain.,not_greenwashing,"Based on internal knowledge, RE100 is a legitimate initiative where companies commit to 100% renewable electricity, and CDP (formerly the Carbon Disclosure Project) is a respected organization that assesses companies' environmental performance. Being a member of RE100 and recognized by CDP suggests genuine efforts towards renewable energy, and does not appear to be misleading.",5.0,5.0,5.0,5.0,5.0,5.0
Burberry created a renewable energy guide for its Italian suppliers to promote the use of renewable energy.,burberry created a renewable energy guide for its italian suppliers to promote the use of renewable energy.,not_greenwashing,"The claim states that Burberry created a guide for its suppliers. This is a voluntary action and does not appear to be misleading. Without further context, there is no evidence to suggest this is greenwashing.",3.0,4.0,4.0,4.0,5.0,4.0
"Burberry claims to be making fashion supply chains more sustainable by working with the Apparel Impact Institute, but this initiative is vague and does not specify any concrete metrics or outcomes.","burberry claims to be making fashion supply chains more sustainable by working with the apparel impact institute, but this initiative is vague and does not specify any concrete metrics or outcomes.",abstain,"The claim states that the initiative is 'vague' and lacks 'concrete metrics or outcomes.' This is an assessment of the quality of the initiative, not a verifiable factual claim. I cannot determine if Burberry is misleadingly presenting its sustainability efforts without specific evidence of false or inaccurate statements.",3.0,2.0,3.0,4.0,4.0,3.2
"Burberry is collaborating with the Apparel Impact Institute and other luxury brands to establish a platform for Italian manufacturers to coordinate and fund environmental programs, aiming for measurable impact in the fashion industry's supply chains.","burberry is collaborating with the apparel impact institute and other luxury brands to establish a platform for italian manufacturers to coordinate and fund environmental programs, aiming for measurable impact in the fashion industry's supply chains.",not_greenwashing,The claim describes a collaborative effort to fund environmental programs within the fashion industry's supply chains. This is a verifiable initiative and does not appear to be misleading based on the information provided.,5.0,5.0,5.0,5.0,5.0,5.0
"Burberry claims to be contributing to climate action training for the fashion industry's supply chain, but this is merely fulfilling a legal obligation and not a voluntary sustainability initiative.","burberry claims to be contributing to climate action training for the fashion industry's supply chain, but this is merely fulfilling a legal obligation and not a voluntary sustainability initiative.",greenwashing,"The claim states that Burberry's climate action training is a legal obligation, not a voluntary initiative. This misrepresents a mandatory action as a voluntary contribution to sustainability, fitting the definition of Type 2 greenwashing.",5.0,5.0,5.0,5.0,5.0,5.0
"Burberry is actively participating in the UN Climate Change's Manufacturing and Energy Working Group and contributing to the development of climate action training for the fashion industry's supply chain, demonstrating a commitment to voluntary sustainability beyond legal requirements.","burberry is actively participating in the un climate change's manufacturing and energy working group and contributing to the development of climate action training for the fashion industry's supply chain, demonstrating a commitment to voluntary sustainability beyond legal requirements.",not_greenwashing,"The claim states Burberry is voluntarily participating in a UN working group and developing training programs, indicating a proactive effort beyond legal obligations. Without evidence to the contrary, this appears to be a genuine sustainability initiative.",5.0,5.0,5.0,5.0,5.0,5.0
"Burberry has reduced its scope 1 and 2 emissions by 84% compared to FY 2016/17, showcasing the company's commitment to sustainability.","burberry has reduced its scope 1 and 2 emissions by 84% compared to fy 2016/17, showcasing the company's commitment to sustainability.",abstain,"No context provided. I do not have access to Burberry's emissions data or sustainability reports to verify the accuracy of the 84% reduction claim. Without supporting evidence, I cannot determine if this claim is factually accurate.",1.0,1.0,1.0,1.0,1.0,1.0
"Burberry has achieved an 84% reduction in scope 1 and 2 emissions, making the company a leader in sustainability.","burberry has achieved an 84% reduction in scope 1 and 2 emissions, making the company a leader in sustainability.",abstain,No context provided. I do not have access to Burberry's emissions data or independent verification of their reported reduction to determine the accuracy of this claim.,1.0,1.0,1.0,1.0,1.0,1.0
"Burberry has reduced its scope 3 emissions from purchased goods and services by nearly 8,700 tonnes, demonstrating a commitment to sustainable procurement practices.","burberry has reduced its scope 3 emissions from purchased goods and services by nearly 8,700 tonnes, demonstrating a commitment to sustainable procurement practices.",abstain,"No context provided. I do not have access to Burberry's emissions data or procurement practices to verify the claim of an 8,700-tonne reduction in scope 3 emissions.",1.0,1.0,1.0,1.0,1.0,1.0
"Burberry's sustainable procurement practices have led to a significant reduction in emissions, making the company a pioneer in sustainable fashion.","burberry's sustainable procurement practices have led to a significant reduction in emissions, making the company a pioneer in sustainable fashion.",abstain,"No context provided. I lack the specific, verifiable information about Burberry's procurement practices, emissions reductions, and industry comparisons to determine if the claim is factually accurate or misleading.",1.0,1.0,1.0,1.0,1.0,1.0
"Burberry claims to source 78% of its cotton more sustainably, but the term ""sustainable"" is vague and lacks specific metrics or definitions.","burberry claims to source 78% of its cotton more sustainably, but the term ""sustainable"" is vague and lacks specific metrics or definitions.",abstain,"The claim uses the term 'more sustainably' which is vague and lacks specific, verifiable metrics. Without a clear definition of what constitutes 'sustainable' cotton sourcing for Burberry, I cannot determine if the claim is factually accurate or misleading.",3.0,4.0,4.0,4.0,5.0,4.0
"Burberry aims to source 100% certified organic cotton by 2025, a specific and measurable target.","burberry aims to source 100% certified organic cotton by 2025, a specific and measurable target.",not_greenwashing,"The claim states a specific, measurable target (100% certified organic cotton by 2025). Without evidence to the contrary, this is a legitimate sustainability goal and not inherently misleading.",5.0,5.0,5.0,5.0,5.0,5.0
Burberry presents its formalization of the organic cotton ambition as a significant achievement without mentioning that it is part of broader industry trends and legal requirements.,burberry presents its formalization of the organic cotton ambition as a significant achievement without mentioning that it is part of broader industry trends and legal requirements.,greenwashing,"The claim suggests Burberry is taking a voluntary initiative, but the context indicates it's part of broader industry trends and legal requirements. This misrepresents a compliance issue as a voluntary sustainability achievement.",3.0,4.0,4.0,4.0,5.0,4.0
"Burberry has formalized its ambition to source 100% certified organic cotton by 2025, demonstrating a clear commitment to sustainability.","burberry has formalized its ambition to source 100% certified organic cotton by 2025, demonstrating a clear commitment to sustainability.",abstain,"No context provided. While Burberry has stated this ambition, I do not have verifiable information about their progress towards this goal, their current sourcing practices, or the certifications they are using to verify organic cotton sourcing. Therefore, I cannot determine if this claim is accurate or misleading.",1.0,1.0,1.0,1.0,1.0,1.0
** We are engaging our creative community through training on circular design and have hosted a range of product disassembly workshops to help teams better understand how the lives of our products can be extended.,** we are engaging our creative community through training on circular design and have hosted a range of product disassembly workshops to help teams better understand how the lives of our products can be extended.,abstain,"No context provided. While the claim describes positive initiatives, it lacks specific, verifiable details about the scope, impact, or outcomes of the training and workshops. Without further information, I cannot determine if this constitutes greenwashing or is a genuine sustainability effort.",3.0,2.0,3.0,4.0,2.0,2.8
"** As a core partner of the Ellen MacArthur Foundation’s Make Fashion Circular initiative, we helped shape the vision for circular fashion and have contributed to its Circular Design Guide for Fashion, a valuable resource for the fashion and textiles industry.","** as a core partner of the ellen macarthur foundation’s make fashion circular initiative, we helped shape the vision for circular fashion and have contributed to its circular design guide for fashion, a valuable resource for the fashion and textiles industry.",not_greenwashing,"The claim states a partnership and contribution to a guide, which doesn't inherently imply a false or misleading statement. Being a partner and contributor to the Ellen MacArthur Foundation's initiative is a verifiable action, not a claim about a product's environmental benefit.",5.0,5.0,5.0,5.0,5.0,5.0
"** We are a core partner of the Ellen MacArthur Foundation’s Make Fashion Circular initiative, which involves actively participating in shaping the vision for circular fashion and contributing to the Circular Design Guide for Fashion.","** we are a core partner of the ellen macarthur foundation’s make fashion circular initiative, which involves actively participating in shaping the vision for circular fashion and contributing to the circular design guide for fashion.",abstain,"No context provided. While being a partner of the Ellen MacArthur Foundation’s Make Fashion Circular initiative is a positive step, it does not inherently guarantee circularity in the company's own practices. Without further information on the company's specific actions and contributions, I cannot verify the claim's accuracy or misleading nature.",1.0,1.0,1.0,1.0,1.0,1.0
** We have hosted a range of product disassembly workshops to help teams better understand how the lives of our products can be extended.,** we have hosted a range of product disassembly workshops to help teams better understand how the lives of our products can be extended.,abstain,"No context provided. While hosting workshops to extend product life is a positive step, I lack information to verify if this claim is accurate or if it's a widespread or significant initiative. It could be a single event or a large-scale program.",3.0,2.0,3.0,4.0,2.0,2.8
** We have hosted a series of product disassembly workshops that have led to the development of new design strategies and extended the lifecycle of our products by 20%.,** we have hosted a series of product disassembly workshops that have led to the development of new design strategies and extended the lifecycle of our products by 20%.,not_greenwashing,"The claim states that product disassembly workshops have led to design strategies and a 20% lifecycle extension. This is a plausible and positive sustainability initiative, and without contradictory evidence, it can be considered accurate.",5.0,5.0,5.0,5.0,5.0,5.0
"Burberry claims to use fully traceable and SFA-certified cashmere fibre in its products, but the company does not provide any evidence or third-party verification to support this claim.","burberry claims to use fully traceable and sfa-certified cashmere fibre in its products, but the company does not provide any evidence or third-party verification to support this claim.",greenwashing,"The claim states Burberry uses 'fully traceable and SFA-certified cashmere fibre,' but the context explicitly states the company 'does not provide any evidence or third-party verification to support this claim.' This contradiction indicates the claim is unsubstantiated and therefore misleading.",3.0,4.0,4.0,4.0,5.0,4.0
"Burberry participated in a pilot project with Johnstons of Elgin to ensure fully traceable and SFA-certified cashmere fibre is used in its products, and the company provides detailed documentation and third-party verification to support this claim.","burberry participated in a pilot project with johnstons of elgin to ensure fully traceable and sfa-certified cashmere fibre is used in its products, and the company provides detailed documentation and third-party verification to support this claim.",not_greenwashing,"The claim states Burberry participated in a pilot project with Johnstons of Elgin to ensure fully traceable and SFA-certified cashmere fibre is used in its products, and provides documentation and third-party verification. This suggests the claim is factually accurate and supported by evidence.",5.0,5.0,5.0,5.0,5.0,5.0
"Burberry voluntarily participated in a pilot project with Johnstons of Elgin to ensure fully traceable and SFA-certified cashmere fibre is used in its products, and the company clearly states that this is a voluntary initiative.","burberry voluntarily participated in a pilot project with johnstons of elgin to ensure fully traceable and sfa-certified cashmere fibre is used in its products, and the company clearly states that this is a voluntary initiative.",not_greenwashing,"The claim states Burberry voluntarily participated in a pilot project with Johnstons of Elgin to ensure fully traceable and SFA-certified cashmere fibre is used in its products, and the company clearly states that this is a voluntary initiative. This indicates a genuine effort towards sustainability, and there is no evidence to suggest it is misleading or false.",5.0,5.0,5.0,5.0,5.0,5.0
"Burberry uses vague terms like ""fully traceable and SFA-certified"" without providing specific metrics or definitions for what these terms mean in the context of cashmere fibre.","burberry uses vague terms like ""fully traceable and sfa-certified"" without providing specific metrics or definitions for what these terms mean in the context of cashmere fibre.",greenwashing,"The claim highlights the use of vague terms ('fully traceable', 'SFA-certified') without providing concrete details or definitions. This suggests that only a partial aspect of the cashmere fibre supply chain may be traceable or certified, while the overall claim implies complete transparency and sustainability.",3.0,4.0,4.0,4.0,5.0,4.0
"Burberry uses the term ""fully traceable and SFA-certified"" to describe the cashmere fibre, and the company provides specific metrics and definitions for what these terms mean in the context of cashmere fibre.","burberry uses the term ""fully traceable and sfa-certified"" to describe the cashmere fibre, and the company provides specific metrics and definitions for what these terms mean in the context of cashmere fibre.",not_greenwashing,"The claim states Burberry defines and provides metrics for its traceability and SFA-certification terms. This suggests transparency and a verifiable basis for the claim, indicating it is not misleading.",5.0,5.0,5.0,5.0,5.0,5.0
"Burberry sources 80% of its leather from tanneries certified by recognized environmental, traceability, and social compliance standards, with a goal to reach 100% by 2022.","burberry sources 80% of its leather from tanneries certified by recognized environmental, traceability, and social compliance standards, with a goal to reach 100% by 2022.",not_greenwashing,"The claim states a specific percentage of leather sourced from certified tanneries and a clear goal for improvement. Without any contradictory information, it is reasonable to assume this claim is accurate.",5.0,5.0,5.0,5.0,5.0,5.0
"Burberry has conducted a thorough assessment of climate change risks in its leather supply chain, using TCFD guidelines and providing detailed disclosures on pages 133 to 137 of the report.","burberry has conducted a thorough assessment of climate change risks in its leather supply chain, using tcfd guidelines and providing detailed disclosures on pages 133 to 137 of the report.",not_greenwashing,"The claim states Burberry conducted a thorough assessment of climate change risks in its leather supply chain, using TCFD guidelines and providing detailed disclosures. The claim is verifiable as it references specific pages (133-137) within a report, indicating transparency and documentation of the assessment.",5.0,5.0,5.0,5.0,5.0,5.0
"** Claim 2: Burberry aims to source 100% certified recycled nylon and recycled polyester by 2025, where nylon or polyester is the product’s main material.","** claim 2: burberry aims to source 100% certified recycled nylon and recycled polyester by 2025, where nylon or polyester is the product’s main material.",abstain,"No context provided. I do not have specific, verifiable information about Burberry's current sourcing practices, certifications, or progress towards this goal to determine if the claim is factually accurate or false.",1.0,1.0,1.0,1.0,1.0,1.0
** Claim 1: Burberry ensures all key materials are 100% traceable by 2025.,** claim 1: burberry ensures all key materials are 100% traceable by 2025.,abstain,No context provided. I lack the information to verify whether Burberry has achieved 100% traceability of its key materials by 2025.,1.0,1.0,1.0,1.0,1.0,1.0
"** Claim 2: Burberry will achieve traceability to a minimum of country level for key raw materials by 2025, supported by certified materials where the country of origin is verified and disclosed.","** claim 2: burberry will achieve traceability to a minimum of country level for key raw materials by 2025, supported by certified materials where the country of origin is verified and disclosed.",abstain,"No context provided. I lack the information to verify whether Burberry is on track to achieve this traceability goal, or whether the supporting certifications and disclosures are accurate and verifiable.",1.0,1.0,1.0,1.0,1.0,1.0
Burberry collaborates with Canopy to ensure all viscose is eco-friendly.,burberry collaborates with canopy to ensure all viscose is eco-friendly.,abstain,"No context provided. While Burberry's collaboration with Canopy is public knowledge, I lack specific, verifiable information about the standards for 'eco-friendly' viscose, the sourcing of the viscose, or the extent to which Burberry's supply chain meets those standards. Therefore, I cannot determine if the claim is factually accurate or false.",1.0,1.0,1.0,1.0,1.0,1.0
Burberry uses Canopy’s Hot Button Report to source viscose responsibly.,burberry uses canopy’s hot button report to source viscose responsibly.,not_greenwashing,"Based on internal knowledge, Canopy is a non-profit organization focused on forest conservation. Their Hot Button Report ranks viscose producers based on their sourcing practices, specifically regarding ancient and endangered forests. Using this report demonstrates a commitment to responsible sourcing, and the claim is therefore factually accurate.",5.0,5.0,5.0,5.0,5.0,5.0
Burberry collaborates with suppliers to ensure viscose is sourced responsibly.,burberry collaborates with suppliers to ensure viscose is sourced responsibly.,abstain,"No context provided. I lack the information to verify whether Burberry's collaboration with suppliers results in genuinely responsible sourcing of viscose. The claim is too vague to assess without further details on the specific standards, certifications, or traceability measures in place.",1.0,1.0,1.0,1.0,1.0,1.0
Burberry employs Canopy’s Hot Button Report to analyze fibre sourcing.,burberry employs canopy’s hot button report to analyze fibre sourcing.,not_greenwashing,"Based on internal knowledge, Burberry is listed on Canopy’s website as a partner company that uses the Hot Button Report to analyze fibre sourcing. This confirms the claim is factually accurate.",5.0,5.0,5.0,5.0,5.0,5.0
"Burberry collaborates with Canopy to protect forests, species, and climate.","burberry collaborates with canopy to protect forests, species, and climate.",abstain,"No context provided. While I know Burberry has a partnership with Canopy, I do not have specific, verifiable information about the details of the collaboration, its impact on forest protection, species conservation, or climate change mitigation to determine if the claim is factually accurate or false.",1.0,1.0,1.0,1.0,1.0,1.0
Burberry promotes water-efficient materials and practices without specifying the impact or metrics.,burberry promotes water-efficient materials and practices without specifying the impact or metrics.,abstain,"No context provided. While Burberry may promote water-efficient materials and practices, the claim lacks specific details or metrics to verify its accuracy or misleading nature. Without quantifiable data or further information, I cannot determine if this constitutes greenwashing.",1.0,1.0,1.0,1.0,1.0,1.0
"Burberry tracks and promotes water management practices and technologies, achieving a CDP rating of A- for water security in 2020.","burberry tracks and promotes water management practices and technologies, achieving a cdp rating of a- for water security in 2020.",not_greenwashing,The claim states Burberry achieved a CDP rating of A- for water security in 2020. This is a verifiable metric from a reputable third-party organization (CDP) and does not appear to be misleading.,5.0,5.0,5.0,5.0,5.0,5.0
"Burberry received an A- rating for water security from CDP in 2020, indicating strong performance in water management.","burberry received an a- rating for water security from cdp in 2020, indicating strong performance in water management.",not_greenwashing,"The claim states Burberry received an A- rating for water security from CDP in 2020. This is a verifiable fact, as CDP is a reputable organization that assesses and rates companies' environmental performance. The rating itself indicates strong performance, and the claim does not misrepresent this.",5.0,5.0,5.0,5.0,5.0,5.0
Burberry claims to be mindful of water use throughout the supply chain without providing specific actions or impacts.,burberry claims to be mindful of water use throughout the supply chain without providing specific actions or impacts.,abstain,"The claim is vague and lacks specific details about Burberry's actions or impacts regarding water use. Without quantifiable data or concrete examples, it is impossible to verify the claim's accuracy or determine if it is misleading.",3.0,4.0,4.0,4.0,5.0,4.0
Burberry is mindful of water use throughout the supply chain and has implemented specific water-saving measures in its operations.,burberry is mindful of water use throughout the supply chain and has implemented specific water-saving measures in its operations.,abstain,"No context provided. While Burberry may be mindful of water use, I lack specific, verifiable information about the measures implemented or their effectiveness to determine if the claim is factually accurate or false.",1.0,1.0,1.0,1.0,1.0,1.0
"As a Board member of The ZDHC Foundation, Burberry steers luxury peers, third-party suppliers, and external chemical experts to devise innovative solutions to address chemical management issues.","as a board member of the zdhc foundation, burberry steers luxury peers, third-party suppliers, and external chemical experts to devise innovative solutions to address chemical management issues.",not_greenwashing,"The claim states Burberry's involvement in The ZDHC Foundation as a Board member, working with peers and experts on chemical management. This is a verifiable role within a known organization focused on sustainability in the fashion industry, and does not appear to be a false or misleading claim.",5.0,5.0,5.0,5.0,5.0,5.0
"Burberry, as a Board member of The ZDHC Foundation, guides luxury peers, third-party suppliers, and external chemical experts to devise innovative solutions for effective chemical management.","burberry, as a board member of the zdhc foundation, guides luxury peers, third-party suppliers, and external chemical experts to devise innovative solutions for effective chemical management.",not_greenwashing,"The claim states Burberry is a Board member of The ZDHC Foundation, which is a known organization focused on chemical management in the textile and footwear industries. This is a verifiable fact and does not appear to be misleading.",5.0,5.0,5.0,5.0,5.0,5.0
"Burberry donated 7,125 metres of leftover fabric to 33 fashion schools through the ReBurberry Fabric pilot programme.","burberry donated 7,125 metres of leftover fabric to 33 fashion schools through the reburberry fabric pilot programme.",not_greenwashing,The claim states a specific action taken by Burberry - donating leftover fabric to fashion schools. This is a verifiable action and does not appear to be misleading or false.,5.0,5.0,5.0,5.0,5.0,5.0
Burberry's donation of leftover fabrics to fashion students is a significant contribution to the industry's sustainability.,burberry's donation of leftover fabrics to fashion students is a significant contribution to the industry's sustainability.,abstain,"No context provided. While donating leftover fabrics is a positive step, I lack the information to determine if it constitutes a 'significant contribution' to sustainability or if it's a substantial effort compared to Burberry's overall environmental impact.",3.0,2.0,3.0,4.0,2.0,2.8
"** All Burberry retail bags and boxes are reusable and recyclable, and certified by the FSC.","** all burberry retail bags and boxes are reusable and recyclable, and certified by the fsc.",not_greenwashing,"The claim states that Burberry's retail bags and boxes are reusable and recyclable and certified by the FSC. Without any contradictory information, this claim is considered factually accurate.",5.0,5.0,5.0,5.0,5.0,5.0
"** Since February 2019, 66 million coffee cups have been upcycled into Burberry packaging.","** since february 2019, 66 million coffee cups have been upcycled into burberry packaging.",not_greenwashing,"The claim states a specific number of coffee cups upcycled into Burberry packaging since February 2019. Without any contradictory information, this claim is considered factually accurate.",5.0,5.0,5.0,5.0,5.0,5.0
Burberry has pledged to eliminate unnecessary single-use plastic packaging and use 100% reusable and recyclable plastic packaging by 2025.,burberry has pledged to eliminate unnecessary single-use plastic packaging and use 100% reusable and recyclable plastic packaging by 2025.,abstain,"No context provided. I do not have specific, verifiable information about Burberry's current packaging practices or their progress towards this goal to determine if the claim is factually accurate or false.",1.0,1.0,1.0,1.0,1.0,1.0
Burberry is committed to making all plastic packaging eco-friendly by 2025.,burberry is committed to making all plastic packaging eco-friendly by 2025.,abstain,"No context provided. I do not have specific, verifiable information about Burberry's plastic packaging, its current composition, or the specific criteria they are using to define 'eco-friendly' to determine if this claim is accurate.",1.0,1.0,1.0,1.0,1.0,1.0
Burberry aims to use at least 20% recycled content in all own-branded plastic packaging by 2025.,burberry aims to use at least 20% recycled content in all own-branded plastic packaging by 2025.,not_greenwashing,"The claim states an aim for a specific percentage of recycled content in plastic packaging by a defined date. Without any contradictory information, this is a verifiable goal and does not appear to be misleading.",5.0,5.0,5.0,5.0,5.0,5.0
"Burberry has signed the 2025 New Plastics Economy Global Commitment, which includes eliminating unnecessary and problematic plastic, using 100% reusable and recyclable plastic, and using at least 20% recycled content across all own-branded plastic packaging by 2025.","burberry has signed the 2025 new plastics economy global commitment, which includes eliminating unnecessary and problematic plastic, using 100% reusable and recyclable plastic, and using at least 20% recycled content across all own-branded plastic packaging by 2025.",not_greenwashing,"The claim states Burberry signed the 2025 New Plastics Economy Global Commitment, which is a public commitment with specific, measurable goals. The claim accurately reflects Burberry's stated commitment to these goals, without making any unsubstantiated claims about current performance.",5.0,5.0,5.0,5.0,5.0,5.0
Burberry is part of a global initiative to reduce plastic waste.,burberry is part of a global initiative to reduce plastic waste.,abstain,No context provided. I lack sufficient internal knowledge to verify whether Burberry is genuinely participating in a verifiable plastic waste reduction initiative or if this is a vague statement without concrete actions.,1.0,1.0,1.0,1.0,1.0,1.0
"Burberry offers a luxury aftercare service to extend the life of products, making them ""eco-friendly"" and ""sustainable"".","burberry offers a luxury aftercare service to extend the life of products, making them ""eco-friendly"" and ""sustainable"".",abstain,"No context provided. While Burberry offering aftercare services may contribute to product longevity, I lack the information to determine if this service alone makes the products 'eco-friendly' and 'sustainable' in a verifiable way. The terms are vague and require further detail about the materials, manufacturing, and overall environmental impact of the products.",3.0,2.0,3.0,4.0,2.0,2.8
"Burberry launched a luxury aftercare service, including a Trench Refresh programme and a Leather Restore service, to extend the life of products, which is part of the company's commitment to building a more sustainable future.","burberry launched a luxury aftercare service, including a trench refresh programme and a leather restore service, to extend the life of products, which is part of the company's commitment to building a more sustainable future.",not_greenwashing,"The claim describes a service to extend the life of products, which is a legitimate sustainability practice. There is no information provided to suggest this is misleading or false.",5.0,5.0,5.0,5.0,5.0,5.0
Burberry introduced a new reproofing solution for gabardine Trench Coats that is less harmful to the environment compared to previous solutions.,burberry introduced a new reproofing solution for gabardine trench coats that is less harmful to the environment compared to previous solutions.,abstain,"No context is provided. I lack the information to verify whether the new reproofing solution is actually less harmful to the environment than previous solutions. The claim is too vague without specific details about the chemical composition of the old and new solutions, their environmental impact assessments, or independent certifications.",1.0,1.0,1.0,1.0,1.0,1.0
"Kering has committed to reducing its carbon footprint by 40% by 2030, in line with the Paris Agreement goals.","kering has committed to reducing its carbon footprint by 40% by 2030, in line with the paris agreement goals.",abstain,"No context provided. While Kering is a major fashion group and has made public commitments to sustainability, I lack the specific information to verify the accuracy of this 40% reduction target or its alignment with the Paris Agreement goals.",1.0,1.0,1.0,1.0,1.0,1.0
Kering has collaborated with various organizations to promote sustainable practices in the fashion industry.,kering has collaborated with various organizations to promote sustainable practices in the fashion industry.,abstain,"No context provided. While Kering is known for sustainability initiatives, I lack specific, verifiable information about the details of these collaborations or the extent of their impact to determine if the claim is accurate or misleading.",1.0,1.0,1.0,1.0,1.0,1.0
"Kering has collaborated with various organizations to promote sustainable practices in the fashion industry, including the implementation of a circular economy model with the Ellen MacArthur Foundation.","kering has collaborated with various organizations to promote sustainable practices in the fashion industry, including the implementation of a circular economy model with the ellen macarthur foundation.",not_greenwashing,"The claim states Kering collaborates with organizations to promote sustainable practices, including a circular economy model with the Ellen MacArthur Foundation. This is a verifiable statement of collaboration and initiative, not a false or misleading claim.",5.0,5.0,5.0,5.0,5.0,5.0
"Kering has committed to reducing its carbon footprint by 40% by 2030, which is a mandatory requirement under the Paris Agreement.","kering has committed to reducing its carbon footprint by 40% by 2030, which is a mandatory requirement under the paris agreement.",greenwashing,"The Paris Agreement sets national targets, but does not mandate specific carbon footprint reductions for individual companies like Kering. Presenting a legally required action as a voluntary commitment constitutes greenwashing.",3.0,4.0,4.0,4.0,5.0,4.0
Kering has launched a new sustainable material for its products.,kering has launched a new sustainable material for its products.,abstain,"No context provided. I lack the information to verify the claim about Kering's new sustainable material. I do not know what the material is, its properties, or how it is produced.",1.0,1.0,1.0,1.0,1.0,1.0
"Kering aims to source 100% of its raw materials from sustainable sources by 2025, highlighting a significant achievement of 30% already reached.","kering aims to source 100% of its raw materials from sustainable sources by 2025, highlighting a significant achievement of 30% already reached.",abstain,"No context provided. While Kering has stated sustainability goals, I lack the information to verify the current percentage of sustainably sourced raw materials or the specific criteria used to define 'sustainable sources.'",1.0,1.0,1.0,1.0,1.0,1.0
"Kering proudly states that it is on track to achieve 100% sustainable sourcing by 2025, emphasizing the 30% already achieved.","kering proudly states that it is on track to achieve 100% sustainable sourcing by 2025, emphasizing the 30% already achieved.",abstain,"No context provided. I lack the specific information to verify Kering's progress towards 100% sustainable sourcing or the criteria used to define 'sustainable sourcing.' Therefore, I cannot determine if the claim is accurate or misleading.",1.0,1.0,1.0,1.0,1.0,1.0
"Kering's new leather tanning process is a groundbreaking step towards sustainability, significantly reducing water usage.","kering's new leather tanning process is a groundbreaking step towards sustainability, significantly reducing water usage.",abstain,No context provided. I lack the specific information to verify the claim about Kering's leather tanning process and its impact on water usage.,1.0,1.0,1.0,1.0,1.0,1.0
"Kering invested in VitroLabs to scale the production of lab-grown leather, aiming to reduce environmental impact.","kering invested in vitrolabs to scale the production of lab-grown leather, aiming to reduce environmental impact.",not_greenwashing,"The claim states Kering invested in VitroLabs to scale lab-grown leather production, which is a known effort to reduce the environmental impact of traditional leather production. This is a factual statement about an investment and its stated goal, and does not contain any verifiable inaccuracies.",5.0,5.0,5.0,5.0,5.0,5.0
"Kering's investment in VitroLabs marks a significant step towards a sustainable future, making all Kering products eco-friendly.","kering's investment in vitrolabs marks a significant step towards a sustainable future, making all kering products eco-friendly.",greenwashing,"Kering's investment in VitroLabs, a company developing lab-grown leather, is a step towards sustainability, but it does not make *all* Kering products eco-friendly. Kering owns a diverse portfolio of brands and products, many of which still rely on traditional, less sustainable materials and manufacturing processes. The claim presents a partial truth (the investment) as a whole (all products are eco-friendly).",3.0,4.0,4.0,4.0,5.0,4.0
Kering published a Circularity Strategy with ambitious targets to reduce waste and pollution.,kering published a circularity strategy with ambitious targets to reduce waste and pollution.,abstain,"No context provided. While Kering is a luxury fashion group and may have published a Circularity Strategy, I lack the specific information to verify the ambition or accuracy of its targets.",1.0,1.0,1.0,1.0,1.0,1.0
Kering supports startups and pilots new technologies to innovate sustainability.,kering supports startups and pilots new technologies to innovate sustainability.,abstain,No context provided. I lack sufficient internal knowledge to verify whether Kering's support for startups and piloting of new technologies constitutes a genuine sustainability effort or is merely a marketing tactic.,1.0,1.0,1.0,1.0,1.0,1.0
Kering implements a circularity strategy with projects at both Group and House levels.,kering implements a circularity strategy with projects at both group and house levels.,abstain,No context provided. I lack sufficient information to verify the specifics of Kering's circularity strategy or whether the claim is accurate.,1.0,1.0,1.0,1.0,1.0,1.0
Kering claims to have a circularity strategy without specifying any concrete projects or impacts.,kering claims to have a circularity strategy without specifying any concrete projects or impacts.,abstain,"No context is provided. While Kering is a large fashion group and may have a circularity strategy, the claim lacks specific details about projects or impacts. Without further information, I cannot verify the accuracy or misleading nature of the claim.",1.0,1.0,1.0,1.0,1.0,1.0
"Kering is committed to sustainability by aiming for zero product destruction and 100% renewable energy, showcasing a strong environmental stance.","kering is committed to sustainability by aiming for zero product destruction and 100% renewable energy, showcasing a strong environmental stance.",abstain,"No context provided. While Kering has stated sustainability goals, I lack specific, verifiable information about their progress towards zero product destruction and 100% renewable energy to determine if the claim is factually accurate or misleading.",1.0,1.0,1.0,1.0,1.0,1.0
"Kering proudly claims to be on a path to sustainability by eliminating product destruction and achieving 100% renewable energy, without providing details on how these goals will be met.","kering proudly claims to be on a path to sustainability by eliminating product destruction and achieving 100% renewable energy, without providing details on how these goals will be met.",abstain,"The claim states intentions ('on a path to sustainability,' 'eliminating product destruction,' 'achieving 100% renewable energy') but lacks specific, verifiable details about implementation, timelines, or current progress. Without further information, I cannot determine if these claims are accurate or misleading.",3.0,3.0,3.0,4.0,4.0,3.4
"Kering Eyewear claims that the use of ReAce, a 100% pre-consumer recycled acetate, significantly reduces carbon emissions by at least 50% compared to conventional acetate production, without providing any third-party verification or detailed data to support this claim.","kering eyewear claims that the use of reace, a 100% pre-consumer recycled acetate, significantly reduces carbon emissions by at least 50% compared to conventional acetate production, without providing any third-party verification or detailed data to support this claim.",greenwashing,"The claim states a 'significant reduction' of 'at least 50%' in carbon emissions, but lacks 'third-party verification or detailed data.' This suggests a partial truth is being presented as a whole – the material is recycled, but the extent of carbon reduction is unsubstantiated and potentially misleading.",3.0,2.0,3.0,4.0,2.0,2.8
"US Bank claims to have added dedicated resources to advance work on climate risk, but this is merely a legal obligation under the new climate risk disclosure laws.","us bank claims to have added dedicated resources to advance work on climate risk, but this is merely a legal obligation under the new climate risk disclosure laws.",greenwashing,"The claim states that US Bank's actions are a 'legal obligation under the new climate risk disclosure laws.' This means the bank is presenting actions required by law as voluntary efforts to advance climate risk work, which constitutes greenwashing.",3.0,4.0,4.0,4.0,5.0,4.0
"US Bank has added dedicated resources to advance work on climate risk, including the creation of a sustainable finance team and the launch of a renewable energy lending product, demonstrating a proactive approach to addressing climate change.","us bank has added dedicated resources to advance work on climate risk, including the creation of a sustainable finance team and the launch of a renewable energy lending product, demonstrating a proactive approach to addressing climate change.",abstain,"No context provided. While the claim describes actions taken by US Bank, it does not provide verifiable details about the scope, impact, or specific criteria of these initiatives. Without further information, I cannot determine if this constitutes genuine progress or is merely a superficial effort.",1.0,1.0,1.0,1.0,1.0,1.0
"US Bank launched a renewable energy lending product, but this is just a small part of a much larger portfolio that includes significant investments in fossil fuels.","us bank launched a renewable energy lending product, but this is just a small part of a much larger portfolio that includes significant investments in fossil fuels.",greenwashing,"The claim states that the renewable energy lending product is a small part of a larger portfolio with significant fossil fuel investments. This suggests that the promotion of the renewable energy product presents a partial truth as a whole, implying a greater commitment to sustainability than actually exists.",4.0,4.0,4.0,4.0,5.0,4.2
"US Bank launched a renewable energy lending product, which is part of a broader strategy to support sustainable finance and reduce reliance on fossil fuels.","us bank launched a renewable energy lending product, which is part of a broader strategy to support sustainable finance and reduce reliance on fossil fuels.",not_greenwashing,"The claim states that US Bank launched a renewable energy lending product as part of a broader strategy to support sustainable finance and reduce reliance on fossil fuels. This is a reasonable and verifiable claim, and without any contradictory information, it is not considered greenwashing.",5.0,5.0,5.0,5.0,5.0,5.0
"US Bank claims to have added dedicated resources to advance work on climate risk, but there is no evidence provided to support these claims.","us bank claims to have added dedicated resources to advance work on climate risk, but there is no evidence provided to support these claims.",abstain,"No context is provided. While the claim mentions 'dedicated resources,' there is no information about the nature of these resources, their impact, or any supporting evidence to verify the claim's accuracy. Therefore, I cannot determine if it is greenwashing or not.",1.0,1.0,1.0,1.0,1.0,1.0
"USBank is committed to reducing its carbon footprint by 50% by 2030, which is a significant step towards sustainability.","usbank is committed to reducing its carbon footprint by 50% by 2030, which is a significant step towards sustainability.",abstain,"No context provided. While the claim states a commitment to reducing carbon footprint, there is no information about current emissions, baseline data, or specific strategies to verify the feasibility or sincerity of this goal. Without further information, I cannot determine if this is a genuine commitment or greenwashing.",1.0,1.0,1.0,1.0,1.0,1.0
"USBank is making strides towards sustainability by reducing its carbon footprint, investing in renewable energy, and encouraging employees to adopt sustainable commuting and remote work options.","usbank is making strides towards sustainability by reducing its carbon footprint, investing in renewable energy, and encouraging employees to adopt sustainable commuting and remote work options.",abstain,"No context provided. The claim is vague and lacks specific, verifiable information about the extent of carbon footprint reduction, renewable energy investments, or employee participation rates. Without supporting data, I cannot determine if the claim is accurate or misleading.",1.0,1.0,1.0,1.0,1.0,1.0
USBank is committed to reducing its carbon footprint.,usbank is committed to reducing its carbon footprint.,abstain,"No context provided. This is a general statement of intent and lacks specific, verifiable details about actions taken or targets achieved. I cannot determine if this commitment translates into meaningful environmental impact.",1.0,1.0,1.0,1.0,1.0,1.0
USBank has set a target to reduce its carbon footprint by 50% by 2030 and regularly reports on its progress towards this goal.,usbank has set a target to reduce its carbon footprint by 50% by 2030 and regularly reports on its progress towards this goal.,not_greenwashing,"The claim states a target and reporting on progress, which, without further information, does not indicate any misleading information. It is a statement of intent and action, not a claim of current status that can be easily disproven.",5.0,5.0,5.0,5.0,5.0,5.0
"USBank claims that its co-learning program for cloud certification is a significant sustainability initiative, highlighting the environmental benefits of cloud technology without providing specific metrics or evidence.","usbank claims that its co-learning program for cloud certification is a significant sustainability initiative, highlighting the environmental benefits of cloud technology without providing specific metrics or evidence.",greenwashing,"The claim links a co-learning program to a 'sustainability initiative' based on the general benefits of cloud technology, but provides 'no specific metrics or evidence.' This presents a partial truth (cloud *can* be more efficient) as a whole, implying a direct sustainability impact from the program itself without substantiation.",3.0,2.0,3.0,4.0,4.0,3.2
"USBank reports that its co-learning program for cloud certification aims to enhance employee skills and knowledge, leading to improved operational efficiency and reduced energy consumption through better cloud technology utilization.","usbank reports that its co-learning program for cloud certification aims to enhance employee skills and knowledge, leading to improved operational efficiency and reduced energy consumption through better cloud technology utilization.",abstain,"No context is provided. While the claim suggests a positive outcome (reduced energy consumption), it relies on the assumption that improved cloud technology utilization inherently leads to such reduction. Without further information on the specifics of the program, the technology used, and measurable energy savings, I cannot verify the claim's accuracy.",1.0,1.0,1.0,1.0,1.0,1.0
"Arab Bank claims to have a strong commitment to sustainability, but the report lacks specific metrics or definitions for the terms used, such as ""eco-friendly"" and ""green initiatives.""","arab bank claims to have a strong commitment to sustainability, but the report lacks specific metrics or definitions for the terms used, such as ""eco-friendly"" and ""green initiatives.""",abstain,"The claim states a lack of specific metrics and definitions, which means there is no verifiable information to confirm or deny the claim. The absence of detail warrants an abstain, not a greenwashing determination.",3.0,4.0,4.0,4.0,5.0,4.0
"Arab Bank claims to have a strong commitment to sustainability, and the report includes specific metrics and definitions for the terms used, such as ""eco-friendly"" and ""green initiatives.""","arab bank claims to have a strong commitment to sustainability, and the report includes specific metrics and definitions for the terms used, such as ""eco-friendly"" and ""green initiatives.""",abstain,"The claim states that the report includes metrics and definitions, but the report itself is not provided. Without access to the report and its specific metrics, I cannot verify the accuracy or validity of the sustainability claims.",3.0,4.0,4.0,4.0,5.0,4.0
"Arab Bank states that it complies with all environmental regulations, but does not provide any additional voluntary sustainability initiatives beyond legal requirements.","arab bank states that it complies with all environmental regulations, but does not provide any additional voluntary sustainability initiatives beyond legal requirements.",not_greenwashing,"The claim states compliance with environmental regulations, which is a factual statement. The lack of voluntary initiatives does not constitute greenwashing; it simply means the bank is meeting its legal obligations, not falsely advertising additional sustainability efforts.",3.0,4.0,4.0,4.0,5.0,4.0
Arab Bank states that it complies with all environmental regulations and actively pursues additional voluntary sustainability initiatives beyond legal requirements.,arab bank states that it complies with all environmental regulations and actively pursues additional voluntary sustainability initiatives beyond legal requirements.,abstain,"No context provided. I lack the specific knowledge to verify whether Arab Bank's claim of compliance with environmental regulations and voluntary sustainability initiatives is accurate. Determining this would require access to regulatory reports, independent audits, and detailed information about the bank's environmental policies and practices.",1.0,1.0,1.0,1.0,1.0,1.0
"Arab Bank highlights its use of renewable energy in one branch as a significant sustainability achievement, without mentioning the significant carbon footprint from its other operations.","arab bank highlights its use of renewable energy in one branch as a significant sustainability achievement, without mentioning the significant carbon footprint from its other operations.",greenwashing,"The claim focuses on a single branch using renewable energy while ignoring the overall carbon footprint of the bank's other operations. This presents a partial truth as a whole achievement, implying a broader sustainability effort than actually exists.",3.0,4.0,4.0,4.0,5.0,4.0
"ArabBank's extensive range of feature-rich banking solutions, delivered through a vast branch network and integrated digital banking channels, includes initiatives such as paperless transactions, energy-efficient branch operations, and digital banking to reduce carbon footprint, with detailed metrics on the reduction in paper usage and energy consumption.","arabbank's extensive range of feature-rich banking solutions, delivered through a vast branch network and integrated digital banking channels, includes initiatives such as paperless transactions, energy-efficient branch operations, and digital banking to reduce carbon footprint, with detailed metrics on the reduction in paper usage and energy consumption.",not_greenwashing,"The claim describes concrete initiatives (paperless transactions, energy-efficient branches, digital banking) and mentions 'detailed metrics' on reduction in paper and energy usage. While the extent of the impact isn't specified, the claim doesn't appear to be factually false or misleading based on the information provided.",5.0,5.0,5.0,5.0,5.0,5.0
Arab Bank offers comprehensive wealth management products and services that are eco-friendly and sustainable.,arab bank offers comprehensive wealth management products and services that are eco-friendly and sustainable.,abstain,"No context provided. The claim is too vague to verify. 'Eco-friendly' and 'sustainable' are not defined, and there is no information about the specific products or services offered by Arab Bank to assess their environmental or social impact.",1.0,1.0,1.0,1.0,1.0,1.0
"Arab Bank provides comprehensive wealth management products and services that are tailored to customers' needs, including options for sustainable investments.","arab bank provides comprehensive wealth management products and services that are tailored to customers' needs, including options for sustainable investments.",abstain,"No context provided. The claim is too vague to verify. It mentions 'sustainable investments' but provides no details about the criteria, screening processes, or specific products offered, making it impossible to determine if the claim is accurate or misleading.",1.0,1.0,1.0,1.0,1.0,1.0
"Arab Bank has implemented a new policy to reduce paper usage in its offices by 50% by 2025, which will decrease the company's carbon footprint and resource consumption.","arab bank has implemented a new policy to reduce paper usage in its offices by 50% by 2025, which will decrease the company's carbon footprint and resource consumption.",abstain,"No context provided. I lack the information to verify whether Arab Bank has actually implemented this policy, or if the projected reduction in paper usage and carbon footprint is accurate.",1.0,1.0,1.0,1.0,1.0,1.0
"Arabbank has integrated the carbon footprint tracking and offsetting feature into its mobile app and website, making it accessible to all customers.","arabbank has integrated the carbon footprint tracking and offsetting feature into its mobile app and website, making it accessible to all customers.",abstain,"No context provided. I do not have sufficient information to verify whether Arabbank has actually integrated a carbon footprint tracking and offsetting feature into its platforms, or the accuracy of the tracking and offsetting methods used.",1.0,1.0,1.0,1.0,1.0,1.0
The platform allows customers to offset their carbon footprint through various projects.,the platform allows customers to offset their carbon footprint through various projects.,abstain,No context provided. I lack the information to verify the validity of the carbon offset projects or the effectiveness of the platform's carbon offsetting mechanism.,1.0,1.0,1.0,1.0,1.0,1.0
"Arab Bank received the Best Sustainable Finance Bank in Jordan award, showcasing its commitment to sustainability.","arab bank received the best sustainable finance bank in jordan award, showcasing its commitment to sustainability.",abstain,"No context provided. I lack sufficient information about the criteria for the 'Best Sustainable Finance Bank' award, the specific sustainability initiatives undertaken by Arab Bank, or the awarding body's credibility to verify the claim's accuracy.",1.0,1.0,1.0,1.0,1.0,1.0
"Arab Bank received the Best Sustainable Finance Bank in Jordan award, highlighting its green initiatives and sustainable practices.","arab bank received the best sustainable finance bank in jordan award, highlighting its green initiatives and sustainable practices.",abstain,"No context provided. I lack sufficient information about the criteria for the 'Best Sustainable Finance Bank' award, the specific 'green initiatives and sustainable practices' of Arab Bank, or independent verification of these claims to determine their factual accuracy.",1.0,1.0,1.0,1.0,1.0,1.0
"arabbank reports a 10% reduction in energy consumption in its branches over the past year, supported by internal audit reports and a third-party verification process.","arabbank reports a 10% reduction in energy consumption in its branches over the past year, supported by internal audit reports and a third-party verification process.",not_greenwashing,"The claim is supported by 'internal audit reports and a third-party verification process,' indicating factual accuracy based on documented evidence.",5.0,5.0,5.0,5.0,5.0,5.0
arabbank highlights the implementation of a new recycling program in its offices without mentioning the significant increase in paper usage due to the shift to digital banking services.,arabbank highlights the implementation of a new recycling program in its offices without mentioning the significant increase in paper usage due to the shift to digital banking services.,greenwashing,"The claim focuses on a recycling program while omitting the context of increased paper usage from the shift to digital banking. This presents a partial truth as a whole, implying environmental benefit without acknowledging the offsetting factor of increased paper consumption.",3.0,4.0,4.0,4.0,4.0,3.8
"arabbank has implemented a new recycling program in its offices and acknowledges the increase in paper usage due to the shift to digital banking services, addressing both aspects of sustainability.","arabbank has implemented a new recycling program in its offices and acknowledges the increase in paper usage due to the shift to digital banking services, addressing both aspects of sustainability.",abstain,"No context is provided. While the claim mentions a recycling program and acknowledges increased paper usage, there is no information to verify the extent of the program, its effectiveness, or the actual impact of the increased paper usage. Therefore, I cannot determine if the claim is factually accurate or misleading.",1.0,1.0,1.0,1.0,1.0,1.0
"arabbank claims that its new trade finance product is ""sustainable"" and ""green"" without providing any specific criteria or metrics to define these terms.","arabbank claims that its new trade finance product is ""sustainable"" and ""green"" without providing any specific criteria or metrics to define these terms.",abstain,"The claim uses vague terms ('sustainable,' 'green') without providing any specific criteria or metrics. Without further information, I cannot determine if the claim is factually accurate or misleading.",1.0,1.0,1.0,1.0,1.0,1.0
"arabbank states that it has complied with all new EU regulations regarding plastic use in its operations, presenting this as a significant voluntary sustainability achievement.","arabbank states that it has complied with all new eu regulations regarding plastic use in its operations, presenting this as a significant voluntary sustainability achievement.",greenwashing,"Based on internal knowledge: The EU Single-Use Plastics Directive (SUPD) came into effect in July 2021, mandating restrictions on certain single-use plastic products. Compliance with the SUPD is a legal requirement for banks operating within the EU, not a voluntary sustainability achievement. Presenting compliance as voluntary is misleading.",5.0,5.0,5.0,5.0,5.0,5.0
arabbank has complied with all new EU regulations regarding plastic use in its operations and is actively exploring additional voluntary sustainability initiatives beyond legal compliance.,arabbank has complied with all new eu regulations regarding plastic use in its operations and is actively exploring additional voluntary sustainability initiatives beyond legal compliance.,not_greenwashing,"The claim states compliance with EU regulations and exploration of voluntary initiatives. Without specific context detailing the regulations or initiatives, it's reasonable to assume compliance is factual, and the exploration of further steps doesn't constitute greenwashing.",3.0,4.0,4.0,4.0,5.0,4.0
"arabbank has committed to reducing its carbon footprint by 50% by 2030, in line with the Paris Agreement.","arabbank has committed to reducing its carbon footprint by 50% by 2030, in line with the paris agreement.",abstain,"No context provided. I lack the information to verify if arabbank has made this commitment, or if their baseline and reduction strategies align with the Paris Agreement's goals.",1.0,1.0,1.0,1.0,1.0,1.0
arabbank is leading the way in sustainability by reducing its carbon footprint.,arabbank is leading the way in sustainability by reducing its carbon footprint.,abstain,No context provided. I lack sufficient internal knowledge to verify arabbank's carbon footprint reduction efforts or assess the accuracy of their sustainability claims.,1.0,1.0,1.0,1.0,1.0,1.0
"arabbank reports that 91% of its total electricity consumption in 2022 was sourced from renewable energy projects, and the company is committed to transparency by disclosing this information publicly.","arabbank reports that 91% of its total electricity consumption in 2022 was sourced from renewable energy projects, and the company is committed to transparency by disclosing this information publicly.",not_greenwashing,"The claim states a specific percentage (91%) of renewable energy consumption and highlights a commitment to transparency through public disclosure. Without any contradictory information, the claim appears factually accurate.",5.0,5.0,5.0,5.0,5.0,5.0
"arabbank states that the increase in energy consumption in 2022 was due to the normalization of operations after a long period of Covid-19 restrictions, without providing a clear plan or timeline for setting future reduction targets.","arabbank states that the increase in energy consumption in 2022 was due to the normalization of operations after a long period of covid-19 restrictions, without providing a clear plan or timeline for setting future reduction targets.",abstain,"The claim describes a statement made by arabbank regarding energy consumption and a lack of future reduction targets. It does not contain any verifiable factual inaccuracies. It is an observation about a company's communication, not a claim about a product or service's environmental impact that can be definitively proven or disproven.",3.0,4.0,4.0,4.0,5.0,4.0
arabbank acknowledges the increase in energy consumption in 2022 due to the normalization of operations after a long period of Covid-19 restrictions and is actively evaluating operational energy consumption to set future reduction targets.,arabbank acknowledges the increase in energy consumption in 2022 due to the normalization of operations after a long period of covid-19 restrictions and is actively evaluating operational energy consumption to set future reduction targets.,not_greenwashing,"The claim acknowledges an increase in energy consumption and states the bank is actively working to set reduction targets. This is a transparent statement of current status and future intention, not a misleading claim about current sustainability performance.",5.0,5.0,5.0,5.0,5.0,5.0
"** Arabbank has implemented several initiatives to reduce paper consumption, including automating forms, reducing the number of printing machines, and recycling around 100 tons of paper in 2022.","** arabbank has implemented several initiatives to reduce paper consumption, including automating forms, reducing the number of printing machines, and recycling around 100 tons of paper in 2022.",not_greenwashing,"The claim details specific initiatives (automating forms, reducing printing machines, recycling 100 tons of paper) that demonstrably reduce paper consumption. There is no evidence to suggest these initiatives are false or misleading.",5.0,5.0,5.0,5.0,5.0,5.0
"** Arabbank claims to be introducing digital products and services to reduce paper consumption, but this is presented as a voluntary initiative without mentioning that it is also a legal requirement in many jurisdictions.","** arabbank claims to be introducing digital products and services to reduce paper consumption, but this is presented as a voluntary initiative without mentioning that it is also a legal requirement in many jurisdictions.",greenwashing,"The claim presents a reduction in paper consumption through digital services as a voluntary initiative. However, many jurisdictions have legal requirements for banks to offer digital alternatives and reduce paper usage. Presenting a legal obligation as a voluntary action constitutes greenwashing.",4.0,5.0,4.0,4.0,5.0,4.4
"** Arabbank is implementing digital transformation initiatives to reduce paper consumption, which includes automating forms and workflows, and these efforts are part of a broader strategy to reduce environmental impact.","** arabbank is implementing digital transformation initiatives to reduce paper consumption, which includes automating forms and workflows, and these efforts are part of a broader strategy to reduce environmental impact.",not_greenwashing,"The claim describes a reasonable and verifiable sustainability initiative (reducing paper consumption through digital transformation). Without any contradictory information, it is reasonable to assume this is a genuine effort to reduce environmental impact.",5.0,5.0,5.0,5.0,5.0,5.0
"Arab Bank encourages suppliers to develop their own environmental policies and focus on reducing waste and minimizing environmental impact, providing guidance and support to achieve these goals.","arab bank encourages suppliers to develop their own environmental policies and focus on reducing waste and minimizing environmental impact, providing guidance and support to achieve these goals.",abstain,"No context is provided. While the claim describes a positive initiative, it lacks specific details about the extent of the guidance, the number of suppliers involved, or any measurable outcomes. Without further information, I cannot verify if this is a genuine effort or merely a superficial statement.",1.0,1.0,1.0,1.0,1.0,1.0
"Arab Bank encourages suppliers to develop their own environmental policies and focus on reducing waste and minimizing environmental impact, without providing any specific guidance or support.","arab bank encourages suppliers to develop their own environmental policies and focus on reducing waste and minimizing environmental impact, without providing any specific guidance or support.",abstain,"The claim states that Arab Bank 'encourages' suppliers to develop environmental policies, but does not provide details on the extent of this encouragement or whether it is a voluntary initiative or a requirement. Without further information, it is impossible to determine if this is a genuine effort or merely a superficial statement.",3.0,3.0,3.0,4.0,4.0,3.4
"arabbank has installed water-saving devices to reduce water consumption, making the bank more eco-friendly.","arabbank has installed water-saving devices to reduce water consumption, making the bank more eco-friendly.",abstain,"No context provided. I do not have specific, verifiable information about the type of water-saving devices installed, the extent of water consumption reduction, or the overall environmental impact to determine if the claim is factually accurate or false.",1.0,1.0,1.0,1.0,1.0,1.0
"arabbank has installed water-saving devices to reduce water consumption, resulting in a 20% decrease in water usage over the past year.","arabbank has installed water-saving devices to reduce water consumption, resulting in a 20% decrease in water usage over the past year.",not_greenwashing,"The claim states a quantifiable reduction in water usage (20%) due to the installation of water-saving devices. Without any contradictory information, this is a factually accurate statement.",5.0,5.0,5.0,5.0,5.0,5.0
"arabbank complies with all local water usage regulations, which is a key part of our sustainability efforts.","arabbank complies with all local water usage regulations, which is a key part of our sustainability efforts.",greenwashing,"Complying with local water usage regulations is a legal obligation, not a voluntary sustainability effort. Presenting it as a key part of their sustainability efforts misrepresents the nature of the action.",3.0,4.0,4.0,4.0,5.0,4.0
"arabbank has implemented a water-saving program that goes beyond legal requirements, including the installation of water-saving devices and employee training on water conservation.","arabbank has implemented a water-saving program that goes beyond legal requirements, including the installation of water-saving devices and employee training on water conservation.",not_greenwashing,"The claim states that arabbank's water-saving program 'goes beyond legal requirements.' Without any context to suggest otherwise, this statement is considered factually accurate. It describes a voluntary initiative exceeding legal obligations.",5.0,5.0,5.0,5.0,5.0,5.0
"arabbank is committed to sustainability, and reducing water consumption is just one of the many ways we are making a positive environmental impact.","arabbank is committed to sustainability, and reducing water consumption is just one of the many ways we are making a positive environmental impact.",abstain,"No context provided. The claim is too vague to verify. It states a commitment to sustainability and reducing water consumption, but provides no specific details about actions taken, targets achieved, or measurable results. Without further information, I cannot determine if this is a genuine effort or simply marketing language.",1.0,1.0,1.0,1.0,1.0,1.0
"arabbank is committed to sustainability and has implemented a comprehensive water-saving program that reduces water consumption while also exploring other areas of environmental impact, such as energy use and waste management.","arabbank is committed to sustainability and has implemented a comprehensive water-saving program that reduces water consumption while also exploring other areas of environmental impact, such as energy use and waste management.",abstain,"No context provided. The claim is vague and lacks specific details about the water-saving program, its impact, or any measurable results. Without further information, I cannot verify the accuracy or misleading nature of the claim.",1.0,1.0,1.0,1.0,1.0,1.0
Arabi MobiCash and POS services reduce paper usage by enabling digital transactions for SMEs.,arabi mobicash and pos services reduce paper usage by enabling digital transactions for smes.,not_greenwashing,"The claim that digital transactions reduce paper usage is a generally accepted fact. While the extent of the reduction isn't quantified, the core statement is logically sound and doesn't appear to be misleading.",5.0,5.0,5.0,5.0,5.0,5.0
ArabiNext enables SMEs to reduce paper usage and improve operational efficiency through digital financial transactions.,arabinext enables smes to reduce paper usage and improve operational efficiency through digital financial transactions.,abstain,No context provided. I lack sufficient information to verify whether ArabiNext's platform demonstrably reduces paper usage and improves operational efficiency for SMEs. The claim is too general without supporting data or evidence.,1.0,1.0,1.0,1.0,1.0,1.0
"ArabiNext offers international fund transfer capabilities, enabling businesses to conduct global transactions efficiently.","arabinext offers international fund transfer capabilities, enabling businesses to conduct global transactions efficiently.",abstain,No context provided. I lack the information to verify the efficiency or capabilities of ArabiNext's fund transfer services.,1.0,1.0,1.0,1.0,1.0,1.0
Arabi E-Mart’s online payment gateway is a green initiative that reduces the need for physical cash transactions.,arabi e-mart’s online payment gateway is a green initiative that reduces the need for physical cash transactions.,abstain,"No context provided. While reducing cash transactions may have some environmental benefits, I lack the information to verify if this is a significant enough impact to qualify as a 'green initiative' or if the claim is misleading.",1.0,1.0,1.0,1.0,1.0,1.0
Arabi E-Mart’s platform is a green solution that reduces the need for physical product catalogs and brochures.,arabi e-mart’s platform is a green solution that reduces the need for physical product catalogs and brochures.,abstain,"No context provided. While the claim suggests a reduction in paper usage, I lack the information to verify the extent of this reduction, the overall environmental impact of the platform (including energy consumption and e-waste), or whether this reduction is significant enough to qualify as a 'green solution'.",1.0,1.0,1.0,1.0,1.0,1.0
"Arab Bank's AB Ventures is a testament to the bank's commitment to green innovation, as it invests in eco-friendly startups.","arab bank's ab ventures is a testament to the bank's commitment to green innovation, as it invests in eco-friendly startups.",abstain,"No context provided. I lack the information to verify the extent or impact of AB Ventures' investments in eco-friendly startups, or whether these investments represent a genuine commitment to green innovation.",1.0,1.0,1.0,1.0,1.0,1.0
"Arab Bank's AB Ventures has invested in startups that focus on sustainable solutions, such as renewable energy and waste management.","arab bank's ab ventures has invested in startups that focus on sustainable solutions, such as renewable energy and waste management.",not_greenwashing,"The claim states that AB Ventures has invested in startups focused on sustainable solutions. Without any contradictory information, this statement is considered factually accurate.",5.0,5.0,5.0,5.0,5.0,5.0
Arab Bank's AB Ventures is committed to sustainability by focusing on MENA-based opportunities.,arab bank's ab ventures is committed to sustainability by focusing on mena-based opportunities.,abstain,"No context provided. The claim is too vague to verify. It does not provide specific details about sustainability initiatives, metrics, or targets, making it impossible to determine if it is factually accurate or misleading.",1.0,1.0,1.0,1.0,1.0,1.0
"Arab Bank's AB Ventures has a strategic focus on MENA-based opportunities, which align with the bank's broader ESG goals of promoting sustainable economic growth in the region.","arab bank's ab ventures has a strategic focus on mena-based opportunities, which align with the bank's broader esg goals of promoting sustainable economic growth in the region.",abstain,"The claim states a strategic focus and alignment with ESG goals, but provides no verifiable details about specific ESG initiatives, metrics, or outcomes. It's a statement of intent rather than a factual claim that can be verified.",3.0,2.0,3.0,4.0,2.0,2.8
"arabbank has introduced digital tools and platforms to engage employees and provide them with quick access to information, which reduces the need for paper-based processes and enhances operational efficiency.","arabbank has introduced digital tools and platforms to engage employees and provide them with quick access to information, which reduces the need for paper-based processes and enhances operational efficiency.",not_greenwashing,"The claim describes a move towards digitization, which generally reduces paper consumption and increases efficiency. This is a reasonable and verifiable sustainability benefit, and does not appear to be misleading.",5.0,5.0,5.0,5.0,5.0,5.0
"arabbank introduced Instant Digital Loans in 2022, which is a green initiative that promotes sustainable financial practices.","arabbank introduced instant digital loans in 2022, which is a green initiative that promotes sustainable financial practices.",abstain,No context provided. I lack the information to verify whether offering digital loans constitutes a 'green initiative' or promotes 'sustainable financial practices.',1.0,1.0,1.0,1.0,1.0,1.0
"Standard Bank Group proudly excludes coal mining and oil sands mining from its financing activities, showcasing the bank's commitment to sustainability.","standard bank group proudly excludes coal mining and oil sands mining from its financing activities, showcasing the bank's commitment to sustainability.",abstain,"No context provided. I do not have sufficient information to verify whether Standard Bank Group has fully excluded coal mining and oil sands mining from its financing activities, or if this is a complete and accurate representation of their financing policies.",1.0,1.0,1.0,1.0,1.0,1.0
"Standard Bank Group has established an exceptions list that excludes coal mining, coal-fired power generation, and oil sands mining from its financing activities, reflecting a commitment to reducing carbon emissions and environmental impact.","standard bank group has established an exceptions list that excludes coal mining, coal-fired power generation, and oil sands mining from its financing activities, reflecting a commitment to reducing carbon emissions and environmental impact.",not_greenwashing,"The claim states Standard Bank Group has established an exceptions list excluding coal mining, coal-fired power generation, and oil sands mining from its financing activities. This is a verifiable action that demonstrates a commitment to reducing carbon emissions and environmental impact.",5.0,5.0,5.0,5.0,5.0,5.0
"Standard Bank Group voluntarily excludes coal mining and oil sands mining from its financing activities, demonstrating a proactive stance on environmental sustainability.","standard bank group voluntarily excludes coal mining and oil sands mining from its financing activities, demonstrating a proactive stance on environmental sustainability.",abstain,No context provided. I do not have sufficient information to verify whether Standard Bank Group's exclusion of coal mining and oil sands mining from its financing activities is a genuinely voluntary initiative or if it is influenced by regulatory pressures or other factors.,1.0,1.0,1.0,1.0,1.0,1.0
Standard Bank Group adheres to regulatory requirements and industry best practices by excluding coal mining and oil sands mining from its financing activities.,standard bank group adheres to regulatory requirements and industry best practices by excluding coal mining and oil sands mining from its financing activities.,abstain,No context provided. I do not have sufficient information to verify whether Standard Bank Group's claim about its financing exclusions is accurate or misleading. I cannot confirm if these exclusions are voluntary or simply compliance with existing regulations.,1.0,1.0,1.0,1.0,1.0,1.0
"Standard Bank Group's exceptions list comprehensively excludes all high-carbon activities, ensuring a sustainable future.","standard bank group's exceptions list comprehensively excludes all high-carbon activities, ensuring a sustainable future.",abstain,No context provided. I lack the information to verify whether Standard Bank Group's exceptions list is comprehensive or accurately excludes all high-carbon activities.,1.0,1.0,1.0,1.0,1.0,1.0
"Standard Bank Group's exceptions list excludes coal mining, coal-fired power generation, and oil sands mining from its financing activities, but acknowledges that natural gas extraction and transportation are not covered.","standard bank group's exceptions list excludes coal mining, coal-fired power generation, and oil sands mining from its financing activities, but acknowledges that natural gas extraction and transportation are not covered.",not_greenwashing,"The claim accurately reflects Standard Bank Group's stated exceptions list, as it explicitly mentions the exclusions of coal and oil sands while acknowledging the lack of coverage for natural gas. This is a factual statement about their financing policies.",5.0,5.0,5.0,5.0,5.0,5.0
"StandardBank's climate policy commits to achieving net zero for financed emissions by 2050 without specifying how this will be achieved or what interim targets will be set, making it difficult to assess the credibility of this commitment.","standardbank's climate policy commits to achieving net zero for financed emissions by 2050 without specifying how this will be achieved or what interim targets will be set, making it difficult to assess the credibility of this commitment.",abstain,"The claim points to a lack of detail in StandardBank's climate policy, specifically the absence of interim targets and a clear plan for achieving net zero. However, this does not inherently make the commitment false or misleading; it simply means its credibility is difficult to assess. Without further information about the policy's implementation or StandardBank's actual emissions reduction efforts, I cannot determine if it constitutes greenwashing.",3.0,4.0,4.0,4.0,5.0,4.0
"StandardBank's climate policy commits to achieving net zero for financed emissions by 2050 and outlines a clear timeline for reducing scope 1 and 2 emissions, even if it does not specify all the details of how these goals will be achieved.","standardbank's climate policy commits to achieving net zero for financed emissions by 2050 and outlines a clear timeline for reducing scope 1 and 2 emissions, even if it does not specify all the details of how these goals will be achieved.",not_greenwashing,"The claim states a commitment to net zero financed emissions by 2050 and a timeline for reducing scope 1 and 2 emissions. While details are missing, the commitment itself is verifiable as a stated policy of StandardBank.",5.0,5.0,5.0,5.0,5.0,5.0
"StandardBank's climate policy mentions supporting a just energy transition but does not provide specific actions or metrics to measure progress, making it unclear how the company will ensure a fair transition for all stakeholders.","standardbank's climate policy mentions supporting a just energy transition but does not provide specific actions or metrics to measure progress, making it unclear how the company will ensure a fair transition for all stakeholders.",abstain,"The claim points to a lack of detail in StandardBank's climate policy, but does not present any verifiable factual inaccuracies. It states the policy 'does not provide specific actions or metrics,' which is an observation about the policy's content, not a false statement about its claims.",3.0,4.0,4.0,4.0,5.0,4.0
"StandardBank's climate policy mentions supporting a just energy transition and commits to working with clients to support their climate transitions, indicating a proactive approach to ensuring a fair transition for all stakeholders.","standardbank's climate policy mentions supporting a just energy transition and commits to working with clients to support their climate transitions, indicating a proactive approach to ensuring a fair transition for all stakeholders.",abstain,"No context provided. While the claim describes StandardBank's stated policy, I lack the information to verify whether this policy is genuinely implemented, if the bank's actions align with its commitments, or if the 'just energy transition' is being pursued in a meaningful way.",1.0,1.0,1.0,1.0,1.0,1.0
"StandardBank claims that its cybersecurity strategy and programs are ""eco-friendly"" and sustainable, without providing specific metrics or definitions.","standardbank claims that its cybersecurity strategy and programs are ""eco-friendly"" and sustainable, without providing specific metrics or definitions.",greenwashing,"The claim that a cybersecurity strategy is 'eco-friendly' and 'sustainable' is highly unusual and lacks a clear connection to environmental benefits. Cybersecurity is related to digital infrastructure, not typically associated with ecological impact. Without specific metrics or definitions to support this claim, it appears misleading and contradicts the conventional understanding of sustainability.",5.0,5.0,5.0,5.0,5.0,5.0
Greenergy has reduced its operational footprint by 13.74% from its 2020 baseline year.,greenergy has reduced its operational footprint by 13.74% from its 2020 baseline year.,not_greenwashing,"The claim states a reduction in operational footprint from a baseline year. Without additional context, there is no evidence to suggest this claim is false or misleading.",5.0,5.0,5.0,5.0,5.0,5.0
Greenergy has made significant progress in reducing its operational footprint.,greenergy has made significant progress in reducing its operational footprint.,abstain,The claim is too vague to verify. 'Significant progress' and 'operational footprint' are not specific enough to determine factual accuracy without further information.,1.0,1.0,1.0,1.0,1.0,1.0
"Despite a higher volume of product in 2022 compared to 2021, Greenergy has managed to increase energy consumption across its operations.","despite a higher volume of product in 2022 compared to 2021, greenergy has managed to increase energy consumption across its operations.",greenwashing,"The claim states that Greenergy *increased* energy consumption despite *increasing* production volume. This directly contradicts the expectation that efficiency improvements would lead to stable or decreased energy use with higher output, suggesting a lack of genuine sustainability efforts.",5.0,5.0,5.0,5.0,5.0,5.0
"Greenergy experienced an increase in energy consumption in 2022 due to higher product volume, but still managed to reduce CO2e emissions.","greenergy experienced an increase in energy consumption in 2022 due to higher product volume, but still managed to reduce co2e emissions.",abstain,"The claim states that Greenergy reduced CO2e emissions despite increased energy consumption. However, no context is provided to verify how this reduction was achieved (e.g., through renewable energy sources, efficiency improvements, carbon offsetting, etc.). Without further information, I cannot determine if the claim is accurate or misleading.",3.0,2.0,3.0,4.0,2.0,2.8
"Greenergy proudly claims that its biodiesel plants are now ""eco-friendly"" due to the switch to renewable electricity and green tariffs, without providing specific metrics or definitions for what constitutes ""eco-friendly.""","greenergy proudly claims that its biodiesel plants are now ""eco-friendly"" due to the switch to renewable electricity and green tariffs, without providing specific metrics or definitions for what constitutes ""eco-friendly.""",abstain,"The claim uses vague language ('eco-friendly') without providing specific metrics or definitions. Without further information on what criteria Greenergy uses to define 'eco-friendly' or details about the renewable electricity and green tariffs, I cannot verify the claim's accuracy.",3.0,3.0,3.0,4.0,4.0,3.4
"Greenergy has transitioned its biodiesel plants in the UK and Amsterdam to renewable electricity and green tariffs, resulting in a 22% reduction in emissions from 2021 to 2022.","greenergy has transitioned its biodiesel plants in the uk and amsterdam to renewable electricity and green tariffs, resulting in a 22% reduction in emissions from 2021 to 2022.",not_greenwashing,"The claim states a reduction in emissions due to a transition to renewable electricity and green tariffs. Without additional context, there is no evidence to suggest this claim is false or misleading.",5.0,5.0,5.0,5.0,5.0,5.0
"Greenergy proudly announced the trial of B20 biodiesel blend in 2022, showcasing the company's commitment to reducing emissions.","greenergy proudly announced the trial of b20 biodiesel blend in 2022, showcasing the company's commitment to reducing emissions.",abstain,"No context provided. While Greenergy may have trialed a B20 biodiesel blend, I lack the information to verify the extent of the trial, the actual emissions reduction achieved, or whether this was a voluntary initiative or a regulatory requirement.",1.0,1.0,1.0,1.0,1.0,1.0
"Greenergy implemented a trial of B20 biodiesel blend in 2022, achieving a 15% reduction in emissions based on third-party verified data.","greenergy implemented a trial of b20 biodiesel blend in 2022, achieving a 15% reduction in emissions based on third-party verified data.",not_greenwashing,"The claim states a 15% reduction in emissions based on 'third-party verified data' from a B20 biodiesel trial. This suggests a factual and verifiable reduction in emissions, supported by external validation, and does not appear to be misleading.",5.0,5.0,5.0,5.0,5.0,5.0
"Greenergy proudly states that Flexigrid's non-renewable fuel consumption increased this year, highlighting the company's commitment to expanding its delivery network.","greenergy proudly states that flexigrid's non-renewable fuel consumption increased this year, highlighting the company's commitment to expanding its delivery network.",greenwashing,"The claim presents an increase in non-renewable fuel consumption as a positive attribute, framing it as a demonstration of commitment. This is misleading, as increased consumption of non-renewable fuels is generally considered environmentally detrimental, contradicting any genuine commitment to sustainability.",3.0,4.0,4.0,4.0,5.0,4.0
"Greenergy reported an increase in non-renewable fuel consumption within Flexigrid due to longer driving distances, emphasizing the need for more sustainable solutions.","greenergy reported an increase in non-renewable fuel consumption within flexigrid due to longer driving distances, emphasizing the need for more sustainable solutions.",not_greenwashing,The claim reports an increase in non-renewable fuel consumption and highlights the need for sustainable solutions. This is a factual statement about a situation and does not contain any misleading information or false claims.,5.0,5.0,5.0,5.0,5.0,5.0
"Greenergy helped customers save 7.1 million tonnes of CO2e in 2022 compared to using fossil fuel equivalents, and has a clear ambition to help customers avoid 8m tCO2e by 2030 and 12m tCO2e by 2035, with specific actions like implementing a ship vetting policy to reduce shipping emissions.","greenergy helped customers save 7.1 million tonnes of co2e in 2022 compared to using fossil fuel equivalents, and has a clear ambition to help customers avoid 8m tco2e by 2030 and 12m tco2e by 2035, with specific actions like implementing a ship vetting policy to reduce shipping emissions.",not_greenwashing,"The claim provides specific data (7.1 million tonnes of CO2e saved in 2022) and future targets (8m tCO2e by 2030, 12m tCO2e by 2035) along with a concrete action (ship vetting policy). This level of detail suggests a genuine effort and does not appear to be misleading based on the information provided.",5.0,5.0,5.0,5.0,5.0,5.0
"Greenergy claims that introducing B20 biodiesel in the Thames-based fleet significantly reduced emissions, but fails to provide specific data on the overall impact on the company's total emissions.","greenergy claims that introducing b20 biodiesel in the thames-based fleet significantly reduced emissions, but fails to provide specific data on the overall impact on the company's total emissions.",abstain,"The claim states that Greenergy 'fails to provide specific data on the overall impact on the company's total emissions.' This means there is no verifiable information to confirm or deny the claim about emissions reduction. Therefore, I must abstain.",1.0,1.0,1.0,1.0,1.0,1.0
"Greenergy reports a 13% GHG emission improvement and a 274-tonne CO2e reduction in 2022 by switching to B20 biodiesel in the Thames-based fleet, backed by detailed data.","greenergy reports a 13% ghg emission improvement and a 274-tonne co2e reduction in 2022 by switching to b20 biodiesel in the thames-based fleet, backed by detailed data.",not_greenwashing,The claim is supported by the provided data: a '13% GHG emission improvement' and a '274-tonne CO2e reduction' resulting from the switch to B20 biodiesel. The claim is factually accurate based on the provided information.,5.0,5.0,5.0,5.0,5.0,5.0
"Greenergy claims that its work on climate-related risks and opportunities is a voluntary initiative, even though it will soon be legally required to disclose such information.","greenergy claims that its work on climate-related risks and opportunities is a voluntary initiative, even though it will soon be legally required to disclose such information.",greenwashing,"The claim states Greenergy's work is voluntary, but the context indicates it will soon be a legal requirement to disclose climate-related risks and opportunities. This misrepresents a legal obligation as a voluntary initiative.",5.0,5.0,5.0,5.0,5.0,5.0
"Greenergy voluntarily undertook work in 2022 to identify, assess, and manage climate-related risks and opportunities, ahead of the upcoming legal requirement for disclosure.","greenergy voluntarily undertook work in 2022 to identify, assess, and manage climate-related risks and opportunities, ahead of the upcoming legal requirement for disclosure.",not_greenwashing,The claim states Greenergy voluntarily undertook climate risk assessment ahead of a legal requirement. This is a positive action and does not contain any verifiable inaccuracies.,5.0,5.0,5.0,5.0,5.0,5.0
Greenergy claims to deliver low-carbon and circular solutions without providing specific metrics or definitions for these terms.,greenergy claims to deliver low-carbon and circular solutions without providing specific metrics or definitions for these terms.,abstain,"The claim mentions 'low-carbon' and 'circular solutions' but lacks specific, verifiable metrics or definitions. Without quantifiable data or clear standards, it's impossible to determine if these claims are accurate or misleading.",3.0,2.0,3.0,4.0,4.0,3.2
"Greenergy commits to delivering low-carbon and circular solutions, with detailed metrics and definitions provided in the report.","greenergy commits to delivering low-carbon and circular solutions, with detailed metrics and definitions provided in the report.",not_greenwashing,"The claim states a commitment to low-carbon and circular solutions, and importantly, mentions that 'detailed metrics and definitions' are provided in a report. This suggests transparency and a basis for verification, and without evidence to the contrary, it is reasonable to assume the claim is accurate.",5.0,5.0,5.0,5.0,5.0,5.0
"Greenergy has committed to complete a Group-level assessment of climate-related risks and opportunities, which is a legal obligation under the Task Force on Climate-related Financial Disclosures (TCFD).","greenergy has committed to complete a group-level assessment of climate-related risks and opportunities, which is a legal obligation under the task force on climate-related financial disclosures (tcfd).",greenwashing,"The claim states Greenergy 'committed' to an assessment, framing it as a voluntary action. However, the context explicitly states this assessment is a 'legal obligation under the Task Force on Climate-related Financial Disclosures (TCFD).' This misrepresents a mandatory requirement as a voluntary initiative.",1.0,1.0,1.0,1.0,1.0,1.0
"Greenergy has committed to complete a Group-level assessment of climate-related risks and opportunities, which goes beyond the minimum legal requirements by including a qualitative assessment of identified climate-related risks and opportunities across different climate scenarios.","greenergy has committed to complete a group-level assessment of climate-related risks and opportunities, which goes beyond the minimum legal requirements by including a qualitative assessment of identified climate-related risks and opportunities across different climate scenarios.",not_greenwashing,The claim states that Greenergy is going beyond minimum legal requirements by including a qualitative assessment of climate-related risks and opportunities across different climate scenarios. This does not contain any false or misleading information.,5.0,5.0,5.0,5.0,5.0,5.0
"Greenergy boasts a robust and diverse global supply chain, ensuring that the company can always source waste-derived feedstock, making it a leader in sustainability.","greenergy boasts a robust and diverse global supply chain, ensuring that the company can always source waste-derived feedstock, making it a leader in sustainability.",abstain,No context provided. I lack the information to verify the robustness and diversity of Greenergy's supply chain or whether their feedstock sourcing practices genuinely qualify them as a sustainability leader.,1.0,1.0,1.0,1.0,1.0,1.0
"Greenergy's robust and diverse global supply chain includes detailed metrics and partnerships that ensure reliable access to waste-derived feedstock, reducing the risk of supply disruptions.","greenergy's robust and diverse global supply chain includes detailed metrics and partnerships that ensure reliable access to waste-derived feedstock, reducing the risk of supply disruptions.",abstain,"No context provided. The claim describes a supply chain and risk mitigation strategy, but without further information about the 'detailed metrics,' 'partnerships,' or the nature of the 'waste-derived feedstock,' I cannot verify its accuracy or identify any potential greenwashing.",1.0,1.0,1.0,1.0,1.0,1.0
** Greenergy is committed to providing eco-friendly road fuels to help clients meet their GHG reduction targets.,** greenergy is committed to providing eco-friendly road fuels to help clients meet their ghg reduction targets.,abstain,No context provided. I lack sufficient internal knowledge to verify the extent to which Greenergy's fuels are 'eco-friendly' or if they genuinely help clients meet their GHG reduction targets.,1.0,1.0,1.0,1.0,1.0,1.0
"** Greenergy is expanding its low-carbon road fuel product offering to help commercial clients achieve their GHG reduction targets, aligning with upcoming EU and UK legislation on sustainable aviation fuels (SAF).","** greenergy is expanding its low-carbon road fuel product offering to help commercial clients achieve their ghg reduction targets, aligning with upcoming eu and uk legislation on sustainable aviation fuels (saf).",not_greenwashing,"The claim states Greenergy is expanding its low-carbon fuel offering to help clients meet GHG reduction targets and align with upcoming legislation. This is a factual statement about a business strategy and response to regulatory changes, and does not contain any verifiable inaccuracies.",5.0,5.0,5.0,5.0,5.0,5.0
** Greenergy is developing a range of sustainable products that support decarbonization and environmental targets.,** greenergy is developing a range of sustainable products that support decarbonization and environmental targets.,abstain,"No context provided. The claim is too vague to verify. It does not provide specific details about the products, their environmental impact, or how they support decarbonization and environmental targets.",1.0,1.0,1.0,1.0,1.0,1.0
"** Greenergy is developing low-carbon and circular economy products such as tyre pyrolysis and plastic pyrolysis, which will support decarbonization and other environmental targets.","** greenergy is developing low-carbon and circular economy products such as tyre pyrolysis and plastic pyrolysis, which will support decarbonization and other environmental targets.",abstain,No context provided. I lack the specific knowledge to verify the claims about Greenergy's products and their impact on decarbonization and the circular economy. The claim is too vague to assess without further information.,1.0,1.0,1.0,1.0,1.0,1.0
Greenergy is committed to delivering sustainable solutions for transportation through the energy transition.,greenergy is committed to delivering sustainable solutions for transportation through the energy transition.,abstain,"The claim is too vague to verify. It states a commitment to 'sustainable solutions' and 'energy transition' but provides no specific details about Greenergy's actions, technologies, or measurable outcomes. Without concrete information, I cannot determine if this is a genuine effort or misleading marketing.",3.0,2.0,3.0,4.0,2.0,2.8
"Greenergy is committed to delivering sustainable solutions for transportation through the energy transition, aiming to reduce carbon emissions by 50% by 2030.","greenergy is committed to delivering sustainable solutions for transportation through the energy transition, aiming to reduce carbon emissions by 50% by 2030.",abstain,"No context provided. While Greenergy states a commitment to reducing carbon emissions, there is no information about their current emissions, the baseline for the 50% reduction, or the specific strategies they are employing. Without this information, I cannot verify the claim's accuracy.",1.0,1.0,1.0,1.0,1.0,1.0
Greenergy seeks to diversify its products and services to support the low-carbon transition and circular economy ambitions.,greenergy seeks to diversify its products and services to support the low-carbon transition and circular economy ambitions.,abstain,"No context provided. This is a statement of intent and ambition, and I lack the information to verify whether Greenergy is actually taking concrete steps to support the low-carbon transition and circular economy.",1.0,1.0,1.0,1.0,1.0,1.0
"Greenergy seeks to diversify its products and services to support the low-carbon transition and circular economy ambitions, as evidenced by a recent third-party audit that confirmed a 30% reduction in carbon emissions from new renewable products.","greenergy seeks to diversify its products and services to support the low-carbon transition and circular economy ambitions, as evidenced by a recent third-party audit that confirmed a 30% reduction in carbon emissions from new renewable products.",not_greenwashing,"The claim states a 30% reduction in carbon emissions from new renewable products, and this is supported by a 'recent third-party audit.' This indicates factual accuracy based on verified data.",5.0,5.0,5.0,5.0,5.0,5.0
Greenergy ensures the resilience of its strategy under the climate transition.,greenergy ensures the resilience of its strategy under the climate transition.,abstain,"No context provided. The claim is too vague to verify. 'Ensuring resilience' is subjective and lacks specific, verifiable details about Greenergy's strategy or climate transition plans.",1.0,1.0,1.0,1.0,1.0,1.0
"Greenergy is committed to carbon neutral operations by 2035, with a 50% reduction by 2030 against a 2020 baseline.","greenergy is committed to carbon neutral operations by 2035, with a 50% reduction by 2030 against a 2020 baseline.",abstain,"No context provided. I lack the information to verify the accuracy of Greenergy's carbon reduction commitments or their baseline data. Without further information, I cannot determine if this claim is factually accurate or misleading.",1.0,1.0,1.0,1.0,1.0,1.0
"Greenergy is committed to achieving carbon neutrality by 2035, a goal that will be met through unspecified and unverified methods.","greenergy is committed to achieving carbon neutrality by 2035, a goal that will be met through unspecified and unverified methods.",abstain,"The claim states a commitment to carbon neutrality but lacks specific details about the methods to achieve this goal. The phrase 'unspecified and unverified methods' indicates a lack of verifiable information, making it impossible to determine if the claim is accurate or misleading.",3.0,2.0,3.0,4.0,5.0,3.4
Greenergy is leading the way in renewable fuels by increasing the market for these fuels.,greenergy is leading the way in renewable fuels by increasing the market for these fuels.,abstain,No context provided. I lack sufficient internal knowledge to verify the claim that Greenergy is 'leading the way' or whether they are actually increasing the market for renewable fuels.,1.0,1.0,1.0,1.0,1.0,1.0
Greenergy is expanding its market for renewable fuels in response to increasing mandates for renewable fuels.,greenergy is expanding its market for renewable fuels in response to increasing mandates for renewable fuels.,not_greenwashing,The claim states that Greenergy is responding to existing mandates for renewable fuels. This is a logical business response and does not contain any verifiable inaccuracies.,5.0,5.0,5.0,5.0,5.0,5.0
Greenergy's Next Gen projects are making significant strides in producing development fuels under the RTFO.,greenergy's next gen projects are making significant strides in producing development fuels under the rtfo.,abstain,No context provided. I lack sufficient internal knowledge to verify the claim about Greenergy's projects and the RTFO (Renewable Transport Fuels Obligation).,1.0,1.0,1.0,1.0,1.0,1.0
"Greenergy's Next Gen projects are enabling the company to produce development fuels under the RTFO, thereby contributing to sustainability goals.","greenergy's next gen projects are enabling the company to produce development fuels under the rtfo, thereby contributing to sustainability goals.",abstain,"The claim references 'RTFO' (Renewable Transport Fuel Obligation) and 'sustainability goals' but provides no specific details about Greenergy's projects, the fuels produced, or how they contribute to sustainability. Without further information, I cannot verify the claim's accuracy.",1.0,1.0,1.0,1.0,1.0,1.0
Greenergy is developing low carbon/circular economy products to diversify revenue and reduce carbon intensity.,greenergy is developing low carbon/circular economy products to diversify revenue and reduce carbon intensity.,abstain,"No context provided. The claim is too vague to verify. It does not provide specific details about the products, carbon intensity reduction targets, or circular economy practices. Without further information, I cannot determine if this claim is factually accurate or misleading.",1.0,1.0,1.0,1.0,1.0,1.0
Greenergy is developing eco-friendly products to diversify revenue and reduce carbon intensity.,greenergy is developing eco-friendly products to diversify revenue and reduce carbon intensity.,abstain,No context provided. The claim is too vague to verify. 'Eco-friendly' and 'reduce carbon intensity' are not specific enough to determine factual accuracy without further information.,1.0,1.0,1.0,1.0,1.0,1.0
"Greenergy is implementing green steam, electric supply, and carbon capture systems to significantly reduce carbon emissions.","greenergy is implementing green steam, electric supply, and carbon capture systems to significantly reduce carbon emissions.",abstain,"No context provided. While the claim mentions several technologies aimed at reducing carbon emissions, I lack the information to verify the extent of their implementation or their actual impact on Greenergy's carbon footprint.",1.0,1.0,1.0,1.0,1.0,1.0
"Greenergy's Next Generation project pipeline includes specific initiatives such as investing in wind farms and developing advanced recycling technologies, with clear targets for reducing emissions and waste.","greenergy's next generation project pipeline includes specific initiatives such as investing in wind farms and developing advanced recycling technologies, with clear targets for reducing emissions and waste.",not_greenwashing,"The claim describes specific initiatives (wind farms, recycling technologies) and mentions targets for emissions and waste reduction. While it lacks detailed metrics, it doesn't present any demonstrably false information. Without further context, it's reasonable to assume these are genuine projects.",4.0,4.0,4.0,4.0,5.0,4.2
"Greenergy is leading the way in carbon neutrality, ensuring a sustainable future for all.","greenergy is leading the way in carbon neutrality, ensuring a sustainable future for all.",abstain,"The claim is vague and lacks specific details. Without information about Greenergy's operations, carbon offsetting strategies, or verification methods, I cannot determine if the claim of 'carbon neutrality' is factually accurate or misleading.",3.0,2.0,3.0,4.0,4.0,3.2
Greenergy is committed to expanding its low-carbon road fuel product offering to help clients meet their GHG reduction targets.,greenergy is committed to expanding its low-carbon road fuel product offering to help clients meet their ghg reduction targets.,abstain,No context provided. I lack sufficient internal knowledge to verify the extent of Greenergy's low-carbon fuel offerings or the actual GHG reduction benefits they provide. The claim is too vague to assess without further information.,1.0,1.0,1.0,1.0,1.0,1.0
Greenergy's low-carbon road fuel product offering is the key to achieving a sustainable future.,greenergy's low-carbon road fuel product offering is the key to achieving a sustainable future.,abstain,"No context provided. I lack sufficient internal knowledge to verify the claim that Greenergy's fuel is the 'key to achieving a sustainable future.' This is a broad statement requiring detailed information about the fuel's lifecycle emissions, production processes, and overall impact on sustainability.",1.0,1.0,1.0,1.0,1.0,1.0
"Greenergy is developing low carbon and circular economy products such as tyre pyrolysis, plastic pyrolysis, and hydrogen to support decarbonization and other environmental targets.","greenergy is developing low carbon and circular economy products such as tyre pyrolysis, plastic pyrolysis, and hydrogen to support decarbonization and other environmental targets.",abstain,"No context provided. While the claim describes Greenergy's activities, it lacks specific, verifiable information about the carbon footprint of their products, the circularity of their processes, or the extent to which they contribute to decarbonization. Without further details, I cannot determine if the claim is accurate or misleading.",1.0,1.0,1.0,1.0,1.0,1.0
Greenergy's circular economy products will solve the global waste problem.,greenergy's circular economy products will solve the global waste problem.,abstain,"The claim is too broad and lacks specific details. Solving the 'global waste problem' is an extremely ambitious statement that requires quantifiable evidence and a detailed explanation of how Greenergy's products achieve this. Without further information, I cannot verify the claim's accuracy.",1.0,1.0,1.0,1.0,1.0,1.0
Greenergy has implemented flood defenses at Immingham to enhance site resilience against extreme weather events.,greenergy has implemented flood defenses at immingham to enhance site resilience against extreme weather events.,abstain,No context provided. I do not have sufficient information to verify whether Greenergy has implemented flood defenses at Immingham or whether this is a genuine effort to enhance resilience or simply a standard operational procedure.,1.0,1.0,1.0,1.0,1.0,1.0
Greenergy invests in adaptation measures to increase resilience of operations to extreme weather.,greenergy invests in adaptation measures to increase resilience of operations to extreme weather.,abstain,No context provided. I lack sufficient information to verify whether Greenergy has actually invested in adaptation measures or the extent of those investments.,1.0,1.0,1.0,1.0,1.0,1.0
Greenergy's operations are now eco-friendly due to investments in adaptation measures.,greenergy's operations are now eco-friendly due to investments in adaptation measures.,abstain,"The claim is vague and lacks specific details about the 'adaptation measures' Greenergy has taken. Without knowing what these measures are, or whether they demonstrably make operations 'eco-friendly,' I cannot verify the claim's accuracy.",3.0,3.0,3.0,4.0,5.0,3.6
"Greenergy's climate adaptation measures make the company resilient to climate hazards, implying that the company is fully sustainable.","greenergy's climate adaptation measures make the company resilient to climate hazards, implying that the company is fully sustainable.",greenwashing,"Climate adaptation measures address the impacts of climate change but do not necessarily equate to overall sustainability. A company can be resilient to climate hazards while still contributing to environmental problems through its core business operations. The claim implies full sustainability based on a single aspect (adaptation), presenting a partial truth as a whole.",3.0,4.0,4.0,4.0,5.0,4.0
Greenergy has implemented energy efficiency measures and switched to renewable or lower-carbon energy sources at its plants and terminals.,greenergy has implemented energy efficiency measures and switched to renewable or lower-carbon energy sources at its plants and terminals.,abstain,"No context provided. While the claim states Greenergy has taken steps towards sustainability, there is no information about the specifics of these measures or the extent to which they have been implemented. I cannot verify the claim's accuracy.",1.0,1.0,1.0,1.0,1.0,1.0
Greenergy is installing new boilers and cooling towers at Immingham to improve energy efficiency.,greenergy is installing new boilers and cooling towers at immingham to improve energy efficiency.,abstain,"No context provided. I lack sufficient internal knowledge to verify whether the installation of new boilers and cooling towers at Immingham by Greenergy will actually improve energy efficiency, or to what extent.",1.0,1.0,1.0,1.0,1.0,1.0
"Greenergy has invested in haulage trucks that can use B20 fuel, showcasing the company's commitment to reducing emissions.","greenergy has invested in haulage trucks that can use b20 fuel, showcasing the company's commitment to reducing emissions.",abstain,"No context provided. While the claim states Greenergy has invested in haulage trucks that can use B20 fuel, I do not have information on the extent of this investment, the overall emissions reduction impact, or whether this is a voluntary initiative or a regulatory requirement. Therefore, I cannot verify the claim's accuracy.",1.0,1.0,1.0,1.0,1.0,1.0
"Greenergy proudly claims to have invested in haulage trucks that can use B20 fuel, without providing any data on the actual reduction in emissions achieved.","greenergy proudly claims to have invested in haulage trucks that can use b20 fuel, without providing any data on the actual reduction in emissions achieved.",abstain,"The claim states an investment in trucks capable of using B20 fuel, but provides no data on actual emissions reductions. While the investment itself may be genuine, the lack of data prevents verification of any environmental benefit. Therefore, I cannot determine if this is greenwashing or not.",3.0,4.0,4.0,4.0,5.0,4.0
"Greenergy continued to progress the end-of-life tyre project, GTT, which is in front-end engineering design, aiming to produce development fuel diesel and recovered carbon black (rCB) from waste tyres.","greenergy continued to progress the end-of-life tyre project, gtt, which is in front-end engineering design, aiming to produce development fuel diesel and recovered carbon black (rcb) from waste tyres.",not_greenwashing,"The claim describes a project aiming to produce fuel and recovered carbon black from waste tyres. This is a legitimate effort to address waste tyre management and resource recovery, and does not contain any demonstrably false or misleading statements based on the information provided.",5.0,5.0,5.0,5.0,5.0,5.0
"Greenergy claims that climate-related physical risks are effectively managed and mitigated as part of the Business Continuity principal risk, without providing any specific details or evidence.","greenergy claims that climate-related physical risks are effectively managed and mitigated as part of the business continuity principal risk, without providing any specific details or evidence.",abstain,"The claim states that risks are 'effectively managed and mitigated' but provides no specific details or evidence to verify this. Without further information about Greenergy's risk management processes, mitigation strategies, or supporting data, I cannot determine if the claim is accurate or misleading.",1.0,1.0,1.0,1.0,1.0,1.0
"Greenergy identifies climate-related physical risks as key drivers to the Business Continuity principal risk, indicating the company's awareness of these risks and the need for further detailed management and mitigation strategies.","greenergy identifies climate-related physical risks as key drivers to the business continuity principal risk, indicating the company's awareness of these risks and the need for further detailed management and mitigation strategies.",abstain,"No context provided. The claim states that Greenergy identifies climate-related physical risks, but does not provide any information about the accuracy of this statement or the effectiveness of their management and mitigation strategies. I cannot verify the claim.",1.0,1.0,1.0,1.0,1.0,1.0
"Greenergy proudly claims to measure GHG emissions across all scopes, but fails to provide specific data or benchmarks for comparison, making it hard to verify the actual impact of their efforts.","greenergy proudly claims to measure ghg emissions across all scopes, but fails to provide specific data or benchmarks for comparison, making it hard to verify the actual impact of their efforts.",abstain,"The claim states Greenergy 'fails to provide specific data or benchmarks,' which means there is no verifiable information to confirm or deny the accuracy of their GHG emissions measurement. The lack of data prevents a determination of greenwashing or not.",3.0,4.0,4.0,4.0,5.0,4.0
"Greenergy measures GHG emissions across scopes 1, 2, and 3, providing detailed intensity metrics such as CO2e per unit of production, CO2e per employee, and emissions by activity in various regions, ensuring transparency and accountability.","greenergy measures ghg emissions across scopes 1, 2, and 3, providing detailed intensity metrics such as co2e per unit of production, co2e per employee, and emissions by activity in various regions, ensuring transparency and accountability.",not_greenwashing,"The claim describes a comprehensive approach to measuring and reporting GHG emissions across all scopes, including detailed intensity metrics and regional breakdowns. This level of detail suggests a genuine commitment to transparency and accountability, and there is no information to suggest this is inaccurate.",5.0,5.0,5.0,5.0,5.0,5.0
"Greenergy proudly reports on its GHG emissions, showcasing its commitment to transparency and sustainability.","greenergy proudly reports on its ghg emissions, showcasing its commitment to transparency and sustainability.",abstain,"No context provided. Reporting GHG emissions is a positive step, but without knowing the scope of the reporting, the methodology used, or the actual emissions data, I cannot verify if this claim is misleading or genuinely demonstrates sustainability.",3.0,2.0,3.0,4.0,2.0,2.8
"Greenergy aims to broaden the range of waste feedstocks used to create products that contribute to decarbonisation and a circular economy, with a commitment to set quantitative targets for circular ambitions in 2023.","greenergy aims to broaden the range of waste feedstocks used to create products that contribute to decarbonisation and a circular economy, with a commitment to set quantitative targets for circular ambitions in 2023.",abstain,"No context provided. The claim states an intention to set targets in the future, but does not provide any current, verifiable information about Greenergy's practices or achievements regarding waste feedstocks, decarbonisation, or circular economy contributions. Therefore, I cannot determine if the claim is accurate or misleading.",1.0,1.0,1.0,1.0,1.0,1.0
"Greenergy claims to reduce emissions and energy/resource requirements by using waste-based biodiesel, but does not specify how much emissions are reduced or what the exact energy/resource savings are.","greenergy claims to reduce emissions and energy/resource requirements by using waste-based biodiesel, but does not specify how much emissions are reduced or what the exact energy/resource savings are.",abstain,"The claim states that Greenergy reduces emissions and energy/resource requirements, but does not provide specific data or metrics to verify the extent of these reductions. Without quantifiable information, it is impossible to determine if the claim is accurate or misleading.",3.0,3.0,3.0,4.0,5.0,3.6
"Greenergy states that since 2017, 100% of its biodiesel manufactured has come from waste, providing a clear and measurable commitment to reducing emissions and resource use.","greenergy states that since 2017, 100% of its biodiesel manufactured has come from waste, providing a clear and measurable commitment to reducing emissions and resource use.",abstain,No context provided. I do not have sufficient information to verify whether Greenergy's biodiesel is entirely sourced from waste materials or to assess the accuracy of their emissions reduction claims.,1.0,1.0,1.0,1.0,1.0,1.0
"Greenergy claims that waste-based biofuels deliver the greatest carbon benefit due to lower land use impact and not competing with food chains, without providing evidence or third-party verification.","greenergy claims that waste-based biofuels deliver the greatest carbon benefit due to lower land use impact and not competing with food chains, without providing evidence or third-party verification.",greenwashing,"The claim states a benefit ('greatest carbon benefit') based on factors ('lower land use impact', 'not competing with food chains') but lacks supporting evidence or third-party verification. This suggests a partial truth presented as a whole, as the carbon benefit may not be the 'greatest' without comprehensive analysis and validation.",3.0,2.0,3.0,4.0,4.0,3.2
"Greenergy cites third-party studies and reports that confirm the lower land use impact and non-competition with food chains of waste-based biofuels, supporting the claim of greater carbon benefits.","greenergy cites third-party studies and reports that confirm the lower land use impact and non-competition with food chains of waste-based biofuels, supporting the claim of greater carbon benefits.",not_greenwashing,"The claim states that Greenergy supports its claim with third-party studies and reports. Without evidence to the contrary, this supports the claim and does not constitute greenwashing.",5.0,5.0,5.0,5.0,5.0,5.0
"Greenergy expands the purchase of used cooking oils from around the world as raw materials for biodiesel manufacturing operations, adhering to the International Sustainability and Carbon Certification (ISCC) standards, which provides a clear and robust framework for sustainability.","greenergy expands the purchase of used cooking oils from around the world as raw materials for biodiesel manufacturing operations, adhering to the international sustainability and carbon certification (iscc) standards, which provides a clear and robust framework for sustainability.",not_greenwashing,"The claim states that Greenergy adheres to ISCC standards for biodiesel manufacturing. ISCC is a globally recognized certification system for sustainable biomass and biofuels, providing a robust framework for sustainability. This suggests the claim is factually accurate.",5.0,5.0,5.0,5.0,5.0,5.0
"Greenergy sources waste oils from countries where comparable biofuel incentives do not exist, presenting this as a voluntary sustainability initiative without mentioning that it is a response to the lack of incentives in those countries.","greenergy sources waste oils from countries where comparable biofuel incentives do not exist, presenting this as a voluntary sustainability initiative without mentioning that it is a response to the lack of incentives in those countries.",greenwashing,"The claim states that Greenergy sources waste oils from countries lacking biofuel incentives and presents this as voluntary sustainability. This suggests the initiative is a response to economic factors (lack of incentives) rather than a genuine, proactive commitment to sustainability, misrepresenting a business decision as a voluntary environmental effort.",5.0,5.0,5.0,5.0,5.0,5.0
"Greenergy sources waste oils from countries where comparable biofuel incentives do not exist, as part of a broader strategy to reduce waste and promote sustainable practices, which is a voluntary initiative beyond legal compliance.","greenergy sources waste oils from countries where comparable biofuel incentives do not exist, as part of a broader strategy to reduce waste and promote sustainable practices, which is a voluntary initiative beyond legal compliance.",not_greenwashing,"The claim describes a voluntary initiative by Greenergy to source waste oils from countries without similar biofuel incentives, aiming to reduce waste and promote sustainability. The claim explicitly states this is 'beyond legal compliance,' indicating it's not a matter of fulfilling existing regulations.",5.0,5.0,5.0,5.0,5.0,5.0
Greenergy's next generation projects are eco-friendly and contribute to a circular economy.,greenergy's next generation projects are eco-friendly and contribute to a circular economy.,abstain,"The claim is vague and lacks specific details. Without information about the projects, their environmental impact, or how they contribute to a circular economy, I cannot verify its accuracy.",1.0,1.0,1.0,1.0,1.0,1.0
Greenergy's GTT project will use end-of-life tyres to produce low carbon biofuels and recovered carbon black for new tyre production.,greenergy's gtt project will use end-of-life tyres to produce low carbon biofuels and recovered carbon black for new tyre production.,not_greenwashing,"The claim describes a process of converting end-of-life tyres into biofuels and recovered carbon black, which aligns with circular economy principles and could potentially reduce carbon emissions. Without further information to contradict this, it is reasonable to assume this is a legitimate sustainability initiative.",5.0,5.0,5.0,5.0,5.0,5.0
"Greenergy's SAF project is the first of its kind in the UK to produce SAF from waste oils, making it a groundbreaking and sustainable initiative.","greenergy's saf project is the first of its kind in the uk to produce saf from waste oils, making it a groundbreaking and sustainable initiative.",abstain,"No context provided. While the claim states the project is 'first of its kind' and 'groundbreaking,' I lack the information to verify whether this is true or if other similar projects exist in the UK. I also cannot verify the sustainability of the initiative without further details.",1.0,1.0,1.0,1.0,1.0,1.0
"Greenergy is developing a SAF project in the UK that will produce sustainable aviation fuel from waste oils, aiming to reduce carbon emissions in the aviation sector.","greenergy is developing a saf project in the uk that will produce sustainable aviation fuel from waste oils, aiming to reduce carbon emissions in the aviation sector.",not_greenwashing,"The claim states Greenergy is developing a SAF project from waste oils to reduce carbon emissions. This is a legitimate approach to sustainable aviation fuel production and does not contain any immediately verifiable inaccuracies. Without further context, it is reasonable to assume this is a genuine effort.",5.0,5.0,5.0,5.0,5.0,5.0
"Greenergy is committed to developing next generation renewable solutions for transport, energy, and circular economy, ensuring a sustainable future.","greenergy is committed to developing next generation renewable solutions for transport, energy, and circular economy, ensuring a sustainable future.",abstain,"The claim is very broad and lacks specific, verifiable details. It states a commitment to sustainability but doesn't provide any concrete information about Greenergy's actions, technologies, or measurable results. Without further information, I cannot determine if this is a genuine commitment or an example of greenwashing.",3.0,2.0,3.0,4.0,4.0,3.2
"Greenergy claims that 93% of biodiesel sold since 2018 is from waste, but this year, the company supplemented with non-waste biodiesel, which is not clearly disclosed as a separate category.","greenergy claims that 93% of biodiesel sold since 2018 is from waste, but this year, the company supplemented with non-waste biodiesel, which is not clearly disclosed as a separate category.",greenwashing,"The claim states 93% of biodiesel is from waste, but the company supplemented with non-waste biodiesel without clear disclosure. This presents a partial truth as a whole, implying all biodiesel is waste-derived when it is not.",3.0,4.0,4.0,4.0,5.0,4.0
"Greenergy states that 93% of biodiesel sold since 2018 is from waste, and while non-waste biodiesel was used this year, it is clearly disclosed in the report.","greenergy states that 93% of biodiesel sold since 2018 is from waste, and while non-waste biodiesel was used this year, it is clearly disclosed in the report.",not_greenwashing,"The claim states that 93% of biodiesel sold since 2018 is from waste, and that any non-waste biodiesel used is clearly disclosed. Without any contradictory information, this claim is considered factually accurate.",5.0,5.0,5.0,5.0,5.0,5.0
"Greenergy claims that biodiesel is made from waste, but the report shows that 77.01% of the waste is used cooking oil, which is not a significant waste stream compared to other types of waste.","greenergy claims that biodiesel is made from waste, but the report shows that 77.01% of the waste is used cooking oil, which is not a significant waste stream compared to other types of waste.",greenwashing,"The context states that while biodiesel is made from waste, the majority (77.01%) is used cooking oil. The claim implies biodiesel is made from a more substantial or impactful waste stream, but the context reveals this is not the case, presenting a partial truth as a whole.",3.0,4.0,4.0,4.0,5.0,4.0
"Greenergy claims to maximize the use of waste-derived ethanol, but in 2022, only 17.58% of the bioethanol blended into petrol in the UK came from waste sources.","greenergy claims to maximize the use of waste-derived ethanol, but in 2022, only 17.58% of the bioethanol blended into petrol in the uk came from waste sources.",greenwashing,"The claim of 'maximizing the use of waste-derived ethanol' is misleading because the provided information states that only 17.58% of the bioethanol used in the UK in 2022 came from waste sources. This indicates that the majority of the ethanol is not waste-derived, contradicting the claim of maximization.",5.0,5.0,5.0,5.0,5.0,5.0
"Greenergy reports that in 2022, 17.58% of the bioethanol blended into petrol in the UK was derived from waste sources, while the rest came from corn and sugar cane.","greenergy reports that in 2022, 17.58% of the bioethanol blended into petrol in the uk was derived from waste sources, while the rest came from corn and sugar cane.",not_greenwashing,"The claim provides specific data regarding the source of bioethanol blended into UK petrol in 2022, stating the percentage derived from waste sources and the sources of the remainder. This is a factual statement and does not appear to be misleading.",5.0,5.0,5.0,5.0,5.0,5.0
"Greenergy claims to maximize the use of waste-derived ethanol without defining what ""maximizing"" means, leading to ambiguity about the company's actual efforts.","greenergy claims to maximize the use of waste-derived ethanol without defining what ""maximizing"" means, leading to ambiguity about the company's actual efforts.",abstain,"The claim mentions ambiguity around the term 'maximizing,' but does not provide any verifiable information about the actual amount of waste-derived ethanol used by Greenergy. Without specific data or a clear definition, I cannot determine if the claim is misleading or not.",3.0,2.0,3.0,4.0,4.0,3.2
"Greenergy works with third-party manufacturers to increase the proportion of waste-derived ethanol in petrol blends, aiming to reach a specific target of 20% by 2025.","greenergy works with third-party manufacturers to increase the proportion of waste-derived ethanol in petrol blends, aiming to reach a specific target of 20% by 2025.",not_greenwashing,"The claim states a goal to increase the proportion of waste-derived ethanol in petrol blends, which is a verifiable action. It does not make any misleading claims about current status or environmental benefits, only a future target.",5.0,5.0,5.0,5.0,5.0,5.0
"Baytex Energy claims that oil and natural gas production will continue to be instrumental in the energy transition for decades, despite the growing emphasis on renewable energy sources.","baytex energy claims that oil and natural gas production will continue to be instrumental in the energy transition for decades, despite the growing emphasis on renewable energy sources.",abstain,"No context provided. This claim is an opinion about the future role of oil and gas in the energy transition, and I lack the information to verify its factual accuracy. It is not a claim about a specific product, service, or verifiable action.",1.0,1.0,1.0,1.0,1.0,1.0
"Baytex Energy acknowledges that oil and natural gas will continue to play a role in the energy transition for decades, while also emphasizing the need for efficient operations to minimize environmental impacts.","baytex energy acknowledges that oil and natural gas will continue to play a role in the energy transition for decades, while also emphasizing the need for efficient operations to minimize environmental impacts.",not_greenwashing,"The claim acknowledges the current energy landscape and the continued need for oil and gas while also highlighting the importance of minimizing environmental impacts through efficient operations. This is a realistic and verifiable statement, not a misleading claim.",5.0,5.0,5.0,5.0,5.0,5.0
"Baytex Energy highlights the abundance, energy density, and ease of transport of oil and gas as positive attributes without mentioning the significant environmental impacts associated with their extraction and use.","baytex energy highlights the abundance, energy density, and ease of transport of oil and gas as positive attributes without mentioning the significant environmental impacts associated with their extraction and use.",greenwashing,"The claim focuses solely on the benefits of oil and gas (abundance, energy density, transport) while omitting any mention of the environmental consequences (extraction, emissions, pollution). This presents a partial truth as a whole, creating a misleadingly positive impression.",3.0,2.0,2.0,4.0,1.0,2.4
"Baytex Energy emphasizes the abundance, energy density, and ease of transport of oil and gas, while also committing to reducing the environmental footprint through sustainable practices.","baytex energy emphasizes the abundance, energy density, and ease of transport of oil and gas, while also committing to reducing the environmental footprint through sustainable practices.",abstain,"The claim highlights both the benefits of oil and gas and a commitment to sustainability. However, it lacks specific details about the 'sustainable practices' Baytex employs. Without knowing what these practices are and their verifiable impact, I cannot determine if the claim is misleading or genuinely reflects environmentally responsible behavior.",3.0,4.0,4.0,4.0,4.0,3.8
"Baytex will lead in responsible energy development, suggesting the company's operations are sustainable without addressing the broader environmental impact.","baytex will lead in responsible energy development, suggesting the company's operations are sustainable without addressing the broader environmental impact.",abstain,"No context provided. The claim is vague and relies on subjective terms like 'responsible' and 'sustainable.' Without further information about Baytex's specific operations, environmental impact assessments, or sustainability initiatives, I cannot verify the claim's accuracy.",1.0,1.0,1.0,1.0,1.0,1.0
"Baytex aims to lead in responsible energy development, with a commitment to reducing the environmental impact of its operations through specific initiatives.","baytex aims to lead in responsible energy development, with a commitment to reducing the environmental impact of its operations through specific initiatives.",abstain,"No context provided. The claim is too general and lacks specific, verifiable details about Baytex's initiatives or their impact. I cannot determine if this is a genuine commitment or a case of greenwashing without further information.",1.0,1.0,1.0,1.0,1.0,1.0
Baytex Energy claims a 20% reduction in greenhouse gas emissions since 2015 without providing specific metrics or definitions for what constitutes a reduction in emissions.,baytex energy claims a 20% reduction in greenhouse gas emissions since 2015 without providing specific metrics or definitions for what constitutes a reduction in emissions.,abstain,"The claim states a reduction in emissions but lacks specific metrics or definitions. Without knowing how emissions were measured or what baseline was used, it is impossible to verify the accuracy of the 20% reduction claim.",3.0,2.0,3.0,4.0,4.0,3.2
"Baytex Energy reports a 20% reduction in greenhouse gas emissions since 2015, supported by detailed metrics and definitions provided in the report.","baytex energy reports a 20% reduction in greenhouse gas emissions since 2015, supported by detailed metrics and definitions provided in the report.",not_greenwashing,"The claim states a reduction in greenhouse gas emissions is 'supported by detailed metrics and definitions provided in the report.' This suggests the claim is based on verifiable data and transparent reporting, indicating factual accuracy.",5.0,5.0,5.0,5.0,5.0,5.0
Baytex Energy presents compliance with environmental regulations as a voluntary sustainability initiative.,baytex energy presents compliance with environmental regulations as a voluntary sustainability initiative.,greenwashing,"Compliance with environmental regulations is a legal obligation, not a voluntary initiative. Presenting it as such is a misrepresentation.",5.0,5.0,5.0,5.0,5.0,5.0
Baytex Energy complies with all environmental regulations and actively participates in additional voluntary sustainability initiatives.,baytex energy complies with all environmental regulations and actively participates in additional voluntary sustainability initiatives.,abstain,"No context provided. While Baytex Energy may comply with regulations and participate in voluntary initiatives, I have no information to verify the extent or impact of these actions, or whether the claim is accurate.",1.0,1.0,1.0,1.0,1.0,1.0
Baytex Energy claims to use renewable energy sources without disclosing the proportion of total energy consumption that comes from these sources.,baytex energy claims to use renewable energy sources without disclosing the proportion of total energy consumption that comes from these sources.,abstain,"The claim states that Baytex Energy uses renewable energy sources, but it does not specify the proportion of their total energy consumption that comes from these sources. Without this information, it is impossible to verify whether the claim is misleading or not.",3.0,4.0,4.0,4.0,5.0,4.0
"Baytex Energy uses renewable energy sources, with 30% of total energy consumption coming from these sources, as disclosed in the report.","baytex energy uses renewable energy sources, with 30% of total energy consumption coming from these sources, as disclosed in the report.",not_greenwashing,"The claim is supported by the provided context, which states that '30% of total energy consumption coming from these sources.'",3.0,4.0,4.0,4.0,5.0,4.0
Baytex Energy claims to manage and reduce environmental impacts without providing specific examples or data to substantiate these claims.,baytex energy claims to manage and reduce environmental impacts without providing specific examples or data to substantiate these claims.,abstain,"The claim is vague and lacks specific details. Without further information or context, it is impossible to verify whether Baytex Energy's claims of managing and reducing environmental impacts are accurate or misleading.",3.0,2.0,3.0,4.0,2.0,2.8
"Baytex Energy commits to managing and reducing environmental impacts, with a focus on specific initiatives such as reducing emissions and waste.","baytex energy commits to managing and reducing environmental impacts, with a focus on specific initiatives such as reducing emissions and waste.",abstain,"No context provided. While the claim states a commitment to environmental responsibility, it lacks specific details about the initiatives, targets, or measurable results. Without further information, I cannot verify the factual accuracy of the claim.",1.0,1.0,1.0,1.0,1.0,1.0
Baytex Energy complies with all legal requirements for environmental protection and actively participates in voluntary initiatives to further reduce its environmental footprint.,baytex energy complies with all legal requirements for environmental protection and actively participates in voluntary initiatives to further reduce its environmental footprint.,abstain,"No context provided. I cannot verify whether Baytex Energy's compliance with legal requirements is accurately portrayed, nor can I assess the extent or impact of its voluntary initiatives without further information.",1.0,1.0,1.0,1.0,1.0,1.0
"Baytex Energy states that it complies with all legal requirements for environmental protection, implying that this is a voluntary effort to reduce its environmental impact.","baytex energy states that it complies with all legal requirements for environmental protection, implying that this is a voluntary effort to reduce its environmental impact.",greenwashing,Compliance with legal requirements for environmental protection is not a voluntary effort. Implying it is suggests the company is going above and beyond when it is simply fulfilling its legal obligations.,3.0,4.0,4.0,4.0,5.0,4.0
"Baytex Energy focuses on reducing emissions as part of its broader environmental strategy, which includes managing water usage and waste effectively.","baytex energy focuses on reducing emissions as part of its broader environmental strategy, which includes managing water usage and waste effectively.",abstain,"No context provided. While the claim states Baytex Energy focuses on reducing emissions, it lacks specific details about the extent of these reductions, the methods used, or any verifiable data to support the claim. I cannot determine if this is a genuine effort or greenwashing without further information.",1.0,1.0,1.0,1.0,1.0,1.0
"Baytex Energy claims to be environmentally sustainable based on its efforts to reduce emissions, without mentioning its significant water usage and waste management issues.","baytex energy claims to be environmentally sustainable based on its efforts to reduce emissions, without mentioning its significant water usage and waste management issues.",greenwashing,"The claim focuses solely on emissions reduction while omitting crucial environmental impacts like 'significant water usage and waste management issues.' This presents a partial truth as environmentally sustainable implies consideration of all major environmental impacts, not just one aspect.",3.0,4.0,4.0,4.0,5.0,4.0
"Baytex Energy commits to reducing greenhouse gas emissions by 20% by 2030, as part of its efforts to improve performance as a responsible energy producer.","baytex energy commits to reducing greenhouse gas emissions by 20% by 2030, as part of its efforts to improve performance as a responsible energy producer.",abstain,"No context provided. I lack sufficient internal knowledge to verify if Baytex Energy's emission reduction commitment is a voluntary initiative or if it is mandated by regulations. Without further information, I cannot determine if this claim is accurate or misleading.",1.0,1.0,1.0,1.0,1.0,1.0
Baytex Energy invests in renewable energy projects to improve its performance as a responsible energy producer.,baytex energy invests in renewable energy projects to improve its performance as a responsible energy producer.,abstain,"No context provided. I lack sufficient internal knowledge to verify the extent or impact of Baytex Energy's investments in renewable energy projects. Without specific details, I cannot determine if this claim is factually accurate or misleading.",1.0,1.0,1.0,1.0,1.0,1.0
Baytex Energy labels itself as a responsible energy producer based on its use of one sustainable technology in its operations.,baytex energy labels itself as a responsible energy producer based on its use of one sustainable technology in its operations.,abstain,"No context provided. I do not have enough information about the specific sustainable technology used by Baytex Energy, the extent of its implementation, or the overall environmental impact of its operations to determine if the claim of being a 'responsible energy producer' is accurate or misleading.",1.0,1.0,1.0,1.0,1.0,1.0
Baytex Energy claims to improve its performance as a responsible energy producer without providing any evidence or third-party verification.,baytex energy claims to improve its performance as a responsible energy producer without providing any evidence or third-party verification.,abstain,"The claim is vague and lacks specific details. Without evidence or third-party verification, it is impossible to determine if the claim is accurate or misleading. The absence of supporting information warrants an abstain decision.",1.0,1.0,1.0,1.0,1.0,1.0
Baytex Energy complies with all legal requirements for environmental reporting.,baytex energy complies with all legal requirements for environmental reporting.,greenwashing,Compliance with legal requirements is not a voluntary sustainability initiative. Presenting legal obligations as a positive environmental action is a common tactic of greenwashing.,5.0,5.0,5.0,5.0,5.0,5.0
Baytex Energy complies with all legal requirements for environmental reporting and goes beyond compliance by implementing additional voluntary sustainability initiatives.,baytex energy complies with all legal requirements for environmental reporting and goes beyond compliance by implementing additional voluntary sustainability initiatives.,abstain,No context provided. I cannot verify whether Baytex Energy's claim about exceeding legal requirements for environmental reporting is accurate. I lack the information to determine the specific legal requirements and the extent of their voluntary initiatives.,1.0,1.0,1.0,1.0,1.0,1.0
Baytex Energy claims to have comprehensive sustainability initiatives without providing specific details or metrics.,baytex energy claims to have comprehensive sustainability initiatives without providing specific details or metrics.,abstain,"The claim states a lack of specific details or metrics. Without further information, I cannot verify if the claim of 'comprehensive sustainability initiatives' is accurate or misleading.",1.0,1.0,1.0,1.0,1.0,1.0
"Baytex Energy monitors its impacts and complies with legal requirements, and stakeholders can find detailed information about specific sustainability initiatives in the annual report.","baytex energy monitors its impacts and complies with legal requirements, and stakeholders can find detailed information about specific sustainability initiatives in the annual report.",abstain,"The claim states that Baytex Energy monitors impacts and complies with legal requirements, and provides a source for more information (annual report). However, without access to the annual report, I cannot verify the specifics of their sustainability initiatives or whether they are accurately represented. Therefore, I must abstain.",5.0,5.0,5.0,5.0,5.0,5.0
Baytex Energy claims to have sustainable practices without providing any third-party verification or evidence.,baytex energy claims to have sustainable practices without providing any third-party verification or evidence.,abstain,"No context provided. While the claim lacks supporting evidence, I do not have sufficient internal knowledge to determine if Baytex Energy's practices are genuinely unsustainable or if they have other, unmentioned sustainability initiatives.",1.0,1.0,1.0,1.0,1.0,1.0
Baytex Energy outlines a comprehensive pipeline integrity management program that includes regular audits and specific measures to prevent and detect spills.,baytex energy outlines a comprehensive pipeline integrity management program that includes regular audits and specific measures to prevent and detect spills.,not_greenwashing,"The claim describes a standard and responsible practice for pipeline operators. Without evidence to the contrary, it is reasonable to assume that Baytex Energy is implementing a pipeline integrity management program as described.",5.0,5.0,5.0,5.0,5.0,5.0
"Baytex Energy presents its pipeline integrity management program as a voluntary sustainability initiative, despite it being a legal requirement under Canadian environmental regulations.","baytex energy presents its pipeline integrity management program as a voluntary sustainability initiative, despite it being a legal requirement under canadian environmental regulations.",greenwashing,"The claim presents the pipeline integrity management program as voluntary, but the context states it is a 'legal requirement under Canadian environmental regulations.' This misrepresents a legally mandated action as a voluntary sustainability initiative.",3.0,4.0,4.0,4.0,5.0,4.0
"Baytex Energy's pipeline integrity management program includes regular audits and multiple layers of inspection and prevention, demonstrating a robust approach to environmental stewardship.","baytex energy's pipeline integrity management program includes regular audits and multiple layers of inspection and prevention, demonstrating a robust approach to environmental stewardship.",abstain,"No context provided. While the claim describes a pipeline integrity management program, I lack the information to verify the effectiveness, frequency, or scope of the audits and inspections, or whether the program genuinely demonstrates 'robust environmental stewardship.'",1.0,1.0,1.0,1.0,1.0,1.0
"Baytex Energy proudly boasts about owning over 4,500 km of pipelines, emphasizing the impressive length without mentioning the environmental risks associated with pipeline operations.","baytex energy proudly boasts about owning over 4,500 km of pipelines, emphasizing the impressive length without mentioning the environmental risks associated with pipeline operations.",greenwashing,"The claim highlights the length of Baytex Energy's pipelines as a point of pride, but omits any discussion of the environmental risks associated with pipeline operations (e.g., leaks, spills, habitat disruption). Presenting the length of the pipeline network as a positive attribute without acknowledging the potential negative impacts is a partial truth presented as a whole, constituting greenwashing.",3.0,4.0,4.0,4.0,5.0,4.0
"Baytex Energy highlights the extensive network of pipelines it owns, covering over 4,500 km, and commits to regular environmental assessments and maintenance to ensure safe and sustainable operations.","baytex energy highlights the extensive network of pipelines it owns, covering over 4,500 km, and commits to regular environmental assessments and maintenance to ensure safe and sustainable operations.",abstain,"No context is provided. While Baytex Energy's claim of pipeline network length and commitment to environmental assessments can be stated, I lack the information to verify the extent and effectiveness of these assessments and maintenance programs to determine if the operations are genuinely 'safe and sustainable'.",1.0,1.0,1.0,1.0,1.0,1.0
"Baytex Energy proudly states that it owns over 4,500 km of pipelines, using this as a key metric of success without defining what sustainability means in this context.","baytex energy proudly states that it owns over 4,500 km of pipelines, using this as a key metric of success without defining what sustainability means in this context.",abstain,The claim states a fact about Baytex Energy's pipeline ownership but does not make a specific sustainability claim that can be verified or refuted. The lack of definition for 'sustainability' in this context prevents a determination of greenwashing.,3.0,4.0,4.0,4.0,5.0,4.0
"Baytex Energy owns over 4,500 km of pipelines and has set specific sustainability goals, including reducing emissions by 20% by 2030, to ensure responsible operations.","baytex energy owns over 4,500 km of pipelines and has set specific sustainability goals, including reducing emissions by 20% by 2030, to ensure responsible operations.",not_greenwashing,"The claim states Baytex Energy has set sustainability goals, including reducing emissions by 20% by 2030. This is a statement of intent and does not contain any verifiable inaccuracies. The claim of responsible operations is subjective but does not contradict any known facts.",5.0,5.0,5.0,5.0,5.0,5.0
"Baytex Energy claims that owning over 4,500 km of pipelines is a significant sustainability achievement, without mentioning any additional voluntary initiatives beyond legal compliance.","baytex energy claims that owning over 4,500 km of pipelines is a significant sustainability achievement, without mentioning any additional voluntary initiatives beyond legal compliance.",greenwashing,Owning pipelines is a necessary component of oil and gas operations and is subject to regulatory requirements. Presenting this as a sustainability achievement without mentioning any voluntary initiatives beyond legal compliance suggests that Baytex is misrepresenting a legal obligation as a voluntary sustainability effort.,5.0,5.0,5.0,5.0,5.0,5.0
"Baytex Energy owns over 4,500 km of pipelines and has implemented several voluntary sustainability initiatives, such as investing in renewable energy projects and reducing water usage.","baytex energy owns over 4,500 km of pipelines and has implemented several voluntary sustainability initiatives, such as investing in renewable energy projects and reducing water usage.",abstain,"No context provided. While the claim mentions sustainability initiatives, it lacks specific, verifiable details about the extent of these initiatives, their impact, or independent verification. I cannot determine if these initiatives are substantial or merely superficial marketing efforts.",1.0,1.0,1.0,1.0,1.0,1.0
"Baytex Energy claims to prevent spills from tanks through daily checks and visual inspections, but these are standard industry practices and mandatory under regulations.","baytex energy claims to prevent spills from tanks through daily checks and visual inspections, but these are standard industry practices and mandatory under regulations.",greenwashing,"The claim highlights 'daily checks and visual inspections' as a preventative measure, but the context states these are 'standard industry practices and mandatory under regulations.' This means Baytex is presenting a legally required action as a voluntary sustainability initiative.",3.0,4.0,4.0,4.0,5.0,4.0
"Baytex Energy implements a comprehensive system including integrity inspections, overfill prevention devices, and FLIR cameras to prevent spills from tanks.","baytex energy implements a comprehensive system including integrity inspections, overfill prevention devices, and flir cameras to prevent spills from tanks.",not_greenwashing,"The claim describes specific, verifiable measures (integrity inspections, overfill prevention devices, FLIR cameras) that would logically prevent spills. Without contradictory evidence, this appears to be a factual statement about operational safety procedures.",5.0,5.0,5.0,5.0,5.0,5.0
"Baytex Energy claims to use multiple layers of containment to prevent spills, but this is a standard industry requirement and does not reflect additional voluntary efforts.","baytex energy claims to use multiple layers of containment to prevent spills, but this is a standard industry requirement and does not reflect additional voluntary efforts.",greenwashing,"The claim highlights 'multiple layers of containment' as a positive attribute, but the context clarifies that this is a 'standard industry requirement.' Therefore, Baytex is misrepresenting a legal obligation as a voluntary sustainability effort.",5.0,5.0,5.0,5.0,5.0,5.0
"Baytex Energy employs double-walled tanks, secondary containment systems, and grading and berms to ensure that spills do not migrate off-site.","baytex energy employs double-walled tanks, secondary containment systems, and grading and berms to ensure that spills do not migrate off-site.",not_greenwashing,"The claim describes standard industry practices for spill prevention and containment. Without evidence to the contrary, it is reasonable to assume this is an accurate description of Baytex Energy's operations.",5.0,5.0,5.0,5.0,5.0,5.0
"Baytex Energy utilizes FLIR cameras to detect gas leaks from tanks, ensuring early identification of potential perforations and preventing environmental damage.","baytex energy utilizes flir cameras to detect gas leaks from tanks, ensuring early identification of potential perforations and preventing environmental damage.",not_greenwashing,"The claim describes a proactive measure (using FLIR cameras) to detect and prevent environmental damage (gas leaks). This is a reasonable and verifiable practice within the oil and gas industry, and does not appear to be misleading.",5.0,5.0,5.0,5.0,5.0,5.0
"Baytex Energy claims to prevent spills during trucking operations by using dual liquid-level indicators and audible overfill alarms, but these measures are only part of a broader set of practices that include mandatory legal compliance and regular maintenance, which are not highlighted as voluntary initiatives.","baytex energy claims to prevent spills during trucking operations by using dual liquid-level indicators and audible overfill alarms, but these measures are only part of a broader set of practices that include mandatory legal compliance and regular maintenance, which are not highlighted as voluntary initiatives.",greenwashing,"The claim highlights safety measures (dual liquid-level indicators and audible overfill alarms) but fails to acknowledge that these are part of broader, legally mandated practices and regular maintenance. Presenting these as voluntary initiatives misrepresents the nature of the actions.",4.0,4.0,4.0,4.0,5.0,4.2
"Baytex Energy implements a comprehensive approach to prevent spills during trucking operations, including the use of dual liquid-level indicators, audible overfill alarms, and regular maintenance, which are detailed and specific measures that go beyond mere legal compliance.","baytex energy implements a comprehensive approach to prevent spills during trucking operations, including the use of dual liquid-level indicators, audible overfill alarms, and regular maintenance, which are detailed and specific measures that go beyond mere legal compliance.",not_greenwashing,"The claim describes specific measures (dual liquid-level indicators, audible alarms, regular maintenance) that demonstrate a proactive approach to spill prevention. The claim also states these measures 'go beyond mere legal compliance,' suggesting a voluntary effort. Without additional context to refute these details, the claim appears factually accurate.",5.0,5.0,5.0,5.0,5.0,5.0
"Baytex Energy claims to incentivize safe trucking practices by offering bonuses based on safety targets, but this practice is presented as a voluntary initiative without mentioning that it is a standard industry practice and a legal requirement.","baytex energy claims to incentivize safe trucking practices by offering bonuses based on safety targets, but this practice is presented as a voluntary initiative without mentioning that it is a standard industry practice and a legal requirement.",greenwashing,"The claim presents a safety bonus program as a voluntary initiative, but the context states it is 'a standard industry practice and a legal requirement.' This misrepresents a legal obligation as a voluntary action, fitting the definition of Type 2 greenwashing.",5.0,5.0,5.0,5.0,5.0,5.0
"Baytex Energy incentivizes safe trucking practices by offering bonuses to truck owners based on safety targets, including spills performance, which is a voluntary initiative that goes beyond legal requirements and demonstrates a commitment to reducing spills.","baytex energy incentivizes safe trucking practices by offering bonuses to truck owners based on safety targets, including spills performance, which is a voluntary initiative that goes beyond legal requirements and demonstrates a commitment to reducing spills.",not_greenwashing,"The claim states that Baytex Energy incentivizes safe trucking practices with bonuses based on safety targets, including spills performance, and that this is a voluntary initiative beyond legal requirements. Without any contradictory information, this appears to be a genuine effort to improve safety and reduce environmental impact.",5.0,5.0,5.0,5.0,5.0,5.0
"Baytex Energy undertakes remediation after a spill, involving qualified environmental consultants to ensure soil and water quality meets regulatory standards.","baytex energy undertakes remediation after a spill, involving qualified environmental consultants to ensure soil and water quality meets regulatory standards.",not_greenwashing,"The claim describes a responsible action taken after an incident, involving qualified professionals and adherence to regulatory standards. This is a standard practice for environmental responsibility and does not appear to be misleading.",5.0,5.0,5.0,5.0,5.0,5.0
Baytex Energy highlights its membership in the Western Canadian Spill Services oil spill cooperative and participation in simulated spill response exercises as voluntary sustainability initiatives.,baytex energy highlights its membership in the western canadian spill services oil spill cooperative and participation in simulated spill response exercises as voluntary sustainability initiatives.,greenwashing,"Membership in the Western Canadian Spill Services is a regulatory requirement for oil and gas companies operating in the region, as mandated by the Canadian Energy Regulator. Participation in spill response exercises is also part of compliance with these regulations. Therefore, Baytex Energy is misrepresenting legally mandated actions as voluntary sustainability initiatives.",5.0,5.0,5.0,5.0,5.0,5.0
Baytex Energy is a member of the Western Canadian Spill Services oil spill cooperative and participates in simulated spill response exercises as part of its regulatory compliance.,baytex energy is a member of the western canadian spill services oil spill cooperative and participates in simulated spill response exercises as part of its regulatory compliance.,not_greenwashing,The claim states Baytex Energy participates in oil spill response exercises as part of its regulatory compliance. This is a standard practice for oil companies operating in Western Canada and does not constitute greenwashing.,5.0,5.0,5.0,5.0,5.0,5.0
Baytex Energy has set internal targets for abandonment and reclamation activities and linked these to employee compensation.,baytex energy has set internal targets for abandonment and reclamation activities and linked these to employee compensation.,not_greenwashing,"The claim states that Baytex Energy has set internal targets and linked them to employee compensation. This is a verifiable action that does not inherently constitute greenwashing. Without additional context suggesting these targets are insufficient or misleading, the claim appears accurate.",5.0,5.0,5.0,5.0,5.0,5.0
"Baytex Energy proudly claims to protect biodiversity through its internal targets for abandonment and reclamation activities, which are linked to employee compensation.","baytex energy proudly claims to protect biodiversity through its internal targets for abandonment and reclamation activities, which are linked to employee compensation.",not_greenwashing,"The claim states that Baytex Energy has internal targets for abandonment and reclamation activities, which are linked to employee compensation. This suggests a genuine effort to integrate biodiversity protection into its operations and incentivize employees to achieve these goals. Without evidence to the contrary, this appears to be a legitimate sustainability initiative.",5.0,5.0,5.0,5.0,5.0,5.0
"Baytex Energy's plan for full lifecycle development of properties includes managing the restoration, abandonment, and reclamation of assets that have reached the end of their productive life.","baytex energy's plan for full lifecycle development of properties includes managing the restoration, abandonment, and reclamation of assets that have reached the end of their productive life.",not_greenwashing,"The claim describes a standard practice in the oil and gas industry, which is to manage the restoration, abandonment, and reclamation of assets at the end of their life. This is not necessarily a 'green' initiative, but it is a responsible practice and not a misleading claim.",4.0,4.0,4.0,4.0,5.0,4.2
"Baytex Energy is committed to protecting the environment by managing the restoration, abandonment, and reclamation of assets that have reached the end of their productive life, ensuring a green future.","baytex energy is committed to protecting the environment by managing the restoration, abandonment, and reclamation of assets that have reached the end of their productive life, ensuring a green future.",abstain,"No context provided. While the claim states a commitment to environmental protection, it lacks specific details about the extent of restoration, abandonment, and reclamation efforts, or any verifiable metrics to assess their impact. Without further information, I cannot determine if this is a genuine effort or merely aspirational language.",1.0,1.0,1.0,1.0,1.0,1.0
"Baytex Energy aims to restore its existing 2020 end-of-life well inventory to zero by 2040, showcasing a long-term commitment to sustainability.","baytex energy aims to restore its existing 2020 end-of-life well inventory to zero by 2040, showcasing a long-term commitment to sustainability.",not_greenwashing,"The claim states a goal to restore end-of-life wells to zero by 2040. This is a specific, measurable commitment, and while it doesn't guarantee success, it doesn't contain any demonstrably false or misleading information. Without further context, there's no basis to label this as greenwashing.",5.0,5.0,5.0,5.0,5.0,5.0
"Baytex Energy claims to be committed to sustainability by restoring its existing 2020 end-of-life well inventory to zero by 2040, without mentioning the ongoing investment in ARO.","baytex energy claims to be committed to sustainability by restoring its existing 2020 end-of-life well inventory to zero by 2040, without mentioning the ongoing investment in aro.",greenwashing,The claim focuses on restoring existing wells while omitting information about ongoing investment in Asset Retirement Obligations (ARO). This presents a partial truth as it highlights one aspect of environmental responsibility (well restoration) without acknowledging the continued financial and environmental liabilities associated with new oil and gas development and the overall ARO burden.,3.0,4.0,4.0,4.0,5.0,4.0
"Baytex Energy is investing $100 million towards ARO over the next five years, implying that this is a voluntary initiative rather than a legal obligation.","baytex energy is investing $100 million towards aro over the next five years, implying that this is a voluntary initiative rather than a legal obligation.",greenwashing,"According to the Canadian government, oil and gas companies are legally obligated to fund the Abandonment, Decommissioning, and Reclamation (ADR) of their wells. Baytex's investment in ARO is therefore a legal requirement, not a voluntary initiative as implied.",5.0,5.0,5.0,5.0,5.0,5.0
"Baytex Energy has committed to spending $100 million over five years on asset retirement obligations, which is more than the legal requirements.","baytex energy has committed to spending $100 million over five years on asset retirement obligations, which is more than the legal requirements.",not_greenwashing,"The claim states Baytex Energy is spending more than legally required on asset retirement obligations. This is a positive environmental action, and without evidence to the contrary, it is considered factually accurate.",5.0,5.0,5.0,5.0,5.0,5.0
"Baytex Energy has committed to spending $100 million over five years on asset retirement obligations, which is more than the legal requirements, demonstrating a proactive approach to environmental stewardship.","baytex energy has committed to spending $100 million over five years on asset retirement obligations, which is more than the legal requirements, demonstrating a proactive approach to environmental stewardship.",not_greenwashing,"The claim states Baytex Energy is spending more than legally required on asset retirement obligations. This demonstrates a voluntary commitment beyond legal requirements, and without evidence to the contrary, it is not greenwashing.",5.0,5.0,5.0,5.0,5.0,5.0
"Baytex Energy spent $22.4 million on reclamation activities in 2022, which is a significant achievement in environmental sustainability.","baytex energy spent $22.4 million on reclamation activities in 2022, which is a significant achievement in environmental sustainability.",abstain,"No context is provided. While reclamation activities are generally positive for the environment, I cannot determine if the amount spent by Baytex Energy is 'significant' or if this claim is misleading without further information about the scale of their operations, the extent of environmental damage they have caused, or industry benchmarks for reclamation spending.",3.0,2.0,3.0,4.0,2.0,2.8
"Baytex Energy spent $22.4 million on reclamation activities in 2022, which is more than the required amount and demonstrates a commitment to environmental responsibility.","baytex energy spent $22.4 million on reclamation activities in 2022, which is more than the required amount and demonstrates a commitment to environmental responsibility.",abstain,"No context is provided to verify whether the $22.4 million spent on reclamation activities exceeds the legally required amount. Without knowing the regulatory requirements, I cannot determine if this is a voluntary commitment or simply legal compliance.",1.0,1.0,1.0,1.0,1.0,1.0
"Baytex Energy's direct spend on asset retirement obligations exceeded the mandatory requirements by more than three times, showcasing the company's commitment to environmental sustainability.","baytex energy's direct spend on asset retirement obligations exceeded the mandatory requirements by more than three times, showcasing the company's commitment to environmental sustainability.",abstain,"No context is provided. I do not have access to information about the specific mandatory requirements for asset retirement obligations in the regions where Baytex Energy operates, nor can I verify the amount of their direct spend. Therefore, I cannot determine if exceeding the requirements by 'more than three times' demonstrates a genuine commitment to environmental sustainability or if the claim is accurate.",1.0,1.0,1.0,1.0,1.0,1.0
"Baytexenergy.com received funding from the Alberta government’s Site Rehabilitation Program to support environmental site assessments and remediation and reclamation activities in designated wildlife zones, showcasing the company's commitment to environmental stewardship.","baytexenergy.com received funding from the alberta government’s site rehabilitation program to support environmental site assessments and remediation and reclamation activities in designated wildlife zones, showcasing the company's commitment to environmental stewardship.",abstain,"The claim states that Baytexenergy.com received funding from the Alberta government’s Site Rehabilitation Program. While this indicates environmental activities, it does not confirm that these activities are voluntary or demonstrate a broader commitment to environmental stewardship beyond what is required to receive the funding. Without further information, it is impossible to determine if this is a genuine initiative or simply compliance with regulations.",3.0,4.0,4.0,4.0,5.0,4.0
"Baytexenergy.com proudly received funding from the Alberta government’s Site Rehabilitation Program, which allowed the company to claim significant environmental achievements in wildlife zone reclamation.","baytexenergy.com proudly received funding from the alberta government’s site rehabilitation program, which allowed the company to claim significant environmental achievements in wildlife zone reclamation.",greenwashing,"The Alberta Site Rehabilitation Program is a government-funded initiative designed to address inactive oil and gas sites. Receiving funding from this program is a legal and regulatory obligation for companies like Baytex Energy, not a voluntary environmental achievement. Claiming it as a significant environmental achievement misrepresents the nature of the funding as a voluntary initiative.",5.0,5.0,5.0,5.0,5.0,5.0
"Canadanickel implemented a local procurement policy, which is a step towards sustainability.","canadanickel implemented a local procurement policy, which is a step towards sustainability.",not_greenwashing,"The claim states that Canadanickel implemented a local procurement policy, which is a step towards sustainability. This is a factual statement and does not contain any misleading information.",5.0,5.0,5.0,5.0,5.0,5.0
"Canadanickel claims that the Crawford Project will be environmentally sustainable due to local procurement and employment, without addressing the broader environmental impacts of mining operations.","canadanickel claims that the crawford project will be environmentally sustainable due to local procurement and employment, without addressing the broader environmental impacts of mining operations.",greenwashing,The claim focuses on the social aspects of sustainability (local procurement and employment) while ignoring the significant environmental impacts inherent in mining operations. Highlighting these limited benefits as 'environmentally sustainable' is misleading as it presents a partial truth as a whole.,3.0,4.0,4.0,4.0,5.0,4.0
"Canadanickel acknowledges that the Crawford Project will include local procurement and employment, and commits to conducting a comprehensive environmental impact assessment to address potential negative effects.","canadanickel acknowledges that the crawford project will include local procurement and employment, and commits to conducting a comprehensive environmental impact assessment to address potential negative effects.",not_greenwashing,"The claim states commitments to local economic benefits and environmental assessment, which are standard practices for responsible resource development projects. There is no evidence to suggest these commitments are false or misleading.",5.0,5.0,5.0,5.0,5.0,5.0
"Canadanickel has a compensation plan for potential impacts on wildlife habitat and species at risk, and the plan is detailed in the company's environmental impact assessment report.","canadanickel has a compensation plan for potential impacts on wildlife habitat and species at risk, and the plan is detailed in the company's environmental impact assessment report.",not_greenwashing,"The claim states that Canadanickel has a compensation plan for wildlife impacts, and that this plan is documented in their environmental impact assessment report. This suggests a proactive and transparent approach to environmental responsibility, and does not appear to be misleading based on the information provided.",5.0,5.0,5.0,5.0,5.0,5.0
Canadanickel mentions disturbance to wildlife populations and specifies that it will implement a monitoring program to track and mitigate any disturbances.,canadanickel mentions disturbance to wildlife populations and specifies that it will implement a monitoring program to track and mitigate any disturbances.,not_greenwashing,The claim states Canadanickel acknowledges potential disturbance to wildlife and will implement a monitoring program. This is a proactive step towards environmental responsibility and does not appear to be a false or misleading claim based on the information provided.,5.0,5.0,5.0,5.0,5.0,5.0
Canadanickel mentions the potential for species relocation and outlines a detailed relocation plan that includes habitat restoration and species-specific management strategies.,canadanickel mentions the potential for species relocation and outlines a detailed relocation plan that includes habitat restoration and species-specific management strategies.,not_greenwashing,"The claim states that Canadanickel outlines a detailed relocation plan, including habitat restoration and species-specific management strategies. This is a proactive approach to mitigating environmental impact, and without evidence to the contrary, it is not considered greenwashing.",5.0,5.0,5.0,5.0,5.0,5.0
"Canadanickel recognizes the importance of land use for recreational, traditional, and cultural purposes and commits to respecting these uses in proximity to exploration or development activities.","canadanickel recognizes the importance of land use for recreational, traditional, and cultural purposes and commits to respecting these uses in proximity to exploration or development activities.",abstain,"No context provided. While the claim expresses a commitment to respecting land use, there is no information to verify whether Canadanickel actually follows through on this commitment or if it is a genuine effort versus simply a statement of intent.",1.0,1.0,1.0,1.0,1.0,1.0
"Canadanickel ensures that all exploration and development activities will not interfere with recreational, traditional, and cultural land uses.","canadanickel ensures that all exploration and development activities will not interfere with recreational, traditional, and cultural land uses.",abstain,"No context provided. I cannot verify whether Canadanickel's claim about not interfering with land uses is accurate without further information about their activities, the specific land uses in the area, and any monitoring or mitigation measures in place.",1.0,1.0,1.0,1.0,1.0,1.0
Canadanickel is committed to water conservation and management.,canadanickel is committed to water conservation and management.,abstain,No context provided. I lack sufficient information to verify the claim about Canadanickel's commitment to water conservation and management.,1.0,1.0,1.0,1.0,1.0,1.0
Canadanickel is implementing a comprehensive water management strategy that includes specific targets for water conservation and reduction.,canadanickel is implementing a comprehensive water management strategy that includes specific targets for water conservation and reduction.,abstain,"No context provided. I lack the information to verify the existence or details of Canadanickel's water management strategy, its targets, or its effectiveness. Therefore, I cannot determine if the claim is accurate or misleading.",1.0,1.0,1.0,1.0,1.0,1.0
Canadanickel is planning to improve water management in the future.,canadanickel is planning to improve water management in the future.,abstain,"No context provided. I do not have sufficient information to verify if Canadanickel's plans for water management are concrete, or if they are already being implemented. The claim is too vague to assess.",1.0,1.0,1.0,1.0,1.0,1.0
"Canadanickel has a detailed future plan for water management, including specific actions and timelines for implementation.","canadanickel has a detailed future plan for water management, including specific actions and timelines for implementation.",abstain,No context provided. I do not have access to Canadanickel's future plan for water management to verify the claim.,1.0,1.0,1.0,1.0,1.0,1.0
"Canadanickel practices diversions, ground and surface water management, and water treatment.","canadanickel practices diversions, ground and surface water management, and water treatment.",abstain,No context provided. I do not have enough information to verify the claim about Canadanickel's water management practices.,1.0,1.0,1.0,1.0,1.0,1.0
"Canadanickel practices diversions, ground and surface water management, and water treatment, and has third-party verification of these practices.","canadanickel practices diversions, ground and surface water management, and water treatment, and has third-party verification of these practices.",not_greenwashing,"The claim states that Canadanickel practices water management and treatment, and has third-party verification. Without additional context, there is no evidence to suggest this claim is false.",1.0,1.0,1.0,1.0,1.0,1.0
"Canadanickel acknowledges that while the project may improve power, rail, and highway infrastructure, it also recognizes potential environmental concerns such as the scale of the site footprint and future tailings management.","canadanickel acknowledges that while the project may improve power, rail, and highway infrastructure, it also recognizes potential environmental concerns such as the scale of the site footprint and future tailings management.",not_greenwashing,"The claim acknowledges both positive and potential negative impacts of the project, demonstrating transparency and a balanced assessment. It does not make any false or misleading statements about environmental benefits.",5.0,5.0,5.0,5.0,5.0,5.0
"Canadanickel's project will enhance local infrastructure, making the area more sustainable and eco-friendly.","canadanickel's project will enhance local infrastructure, making the area more sustainable and eco-friendly.",abstain,No context provided. The claim is too vague to verify. 'Enhance local infrastructure' and 'more sustainable and eco-friendly' are subjective terms without specific details about the project's impact.,1.0,1.0,1.0,1.0,1.0,1.0
"Canadanickel's project aims to improve local infrastructure while also addressing potential environmental impacts, such as the scale of the site footprint and future tailings management.","canadanickel's project aims to improve local infrastructure while also addressing potential environmental impacts, such as the scale of the site footprint and future tailings management.",abstain,"The claim states that Canadanickel's project aims to address potential environmental impacts, but it does not make a definitive statement about the project's environmental performance or sustainability. Without further information about the specific measures taken to mitigate these impacts, it is impossible to verify whether the claim is accurate or misleading.",3.0,4.0,4.0,4.0,5.0,4.0
Canadanickel's project will ensure sustainable development by improving local infrastructure.,canadanickel's project will ensure sustainable development by improving local infrastructure.,abstain,No context provided. I do not have sufficient information to verify whether Canadanickel's project will improve local infrastructure or if this improvement constitutes sustainable development.,1.0,1.0,1.0,1.0,1.0,1.0
"Canadanickel's project includes plans to address the environmental concerns related to the site footprint and future tailings management, alongside the potential for improved infrastructure.","canadanickel's project includes plans to address the environmental concerns related to the site footprint and future tailings management, alongside the potential for improved infrastructure.",abstain,"No context provided. The claim mentions plans to address environmental concerns, but without further details about the specific concerns, the proposed solutions, or the project's environmental impact assessment, I cannot verify the accuracy or misleading nature of the statement.",1.0,1.0,1.0,1.0,1.0,1.0
Canadanickel aims to achieve net zero carbon operations without specifying how or when this will be accomplished.,canadanickel aims to achieve net zero carbon operations without specifying how or when this will be accomplished.,abstain,"The claim states an intention ('aims to achieve') but lacks specific details about the methods, timeline, or verification process for reaching net zero carbon operations. Without further information, I cannot verify the factual accuracy of this claim.",3.0,2.0,3.0,4.0,4.0,3.2
"Canadanickel has set a goal to achieve net zero carbon operations and is actively working on strategies to reach this target, although specific metrics and timelines are not yet available.","canadanickel has set a goal to achieve net zero carbon operations and is actively working on strategies to reach this target, although specific metrics and timelines are not yet available.",abstain,"The claim states a goal and ongoing work, but lacks specific metrics or timelines. Without verifiable details about Canadanickel's current emissions, strategies, or progress, I cannot determine if the net-zero claim is accurate or misleading.",3.0,4.0,4.0,4.0,5.0,4.0
Canadanickel plans to promote investment in the region through net zero carbon industrial hubs without providing evidence or a clear plan.,canadanickel plans to promote investment in the region through net zero carbon industrial hubs without providing evidence or a clear plan.,greenwashing,"The claim promotes 'net zero carbon industrial hubs' without providing evidence or a clear plan. This suggests a partial truth (the intention to promote net zero) presented as a whole (achievable net zero hubs), without the necessary supporting information to verify its feasibility or accuracy.",3.0,4.0,4.0,4.0,4.0,3.8
"Canadanickel is exploring the potential for net zero carbon industrial hubs as a way to promote investment in the region, with plans to develop a detailed strategy in the coming months.","canadanickel is exploring the potential for net zero carbon industrial hubs as a way to promote investment in the region, with plans to develop a detailed strategy in the coming months.",abstain,"No context provided. The claim describes future plans and exploration of potential strategies. Without further information about Canadanickel's current operations, carbon footprint, or specific plans for achieving net zero, I cannot verify the accuracy or misleading nature of this statement.",1.0,1.0,1.0,1.0,1.0,1.0
Canadanickel claims that the project will promote investment in the region without mentioning the potential negative environmental impacts of industrial hubs.,canadanickel claims that the project will promote investment in the region without mentioning the potential negative environmental impacts of industrial hubs.,greenwashing,"The claim focuses solely on the positive economic aspect ('promote investment') while omitting crucial information about potential environmental consequences ('negative environmental impacts of industrial hubs'). This presents a partial truth as a whole, implying a universally positive outcome without acknowledging the full picture.",3.0,2.0,2.0,4.0,1.0,2.4
Canadanickel acknowledges the potential for the project to promote investment in the region while also recognizing the need to address potential negative environmental impacts of industrial hubs.,canadanickel acknowledges the potential for the project to promote investment in the region while also recognizing the need to address potential negative environmental impacts of industrial hubs.,abstain,"The claim is a statement of acknowledgement and intent, not a verifiable factual claim about environmental performance or sustainability. It does not provide specific details that can be confirmed or refuted.",3.0,3.0,3.0,4.0,5.0,3.6
Canada Nickel claims to strive for excellence and leadership in environmental performance without specifying any measurable targets or metrics.,canada nickel claims to strive for excellence and leadership in environmental performance without specifying any measurable targets or metrics.,abstain,"No context provided. While the claim suggests a commitment to environmental performance, it lacks specific, verifiable details. Without measurable targets or metrics, it's impossible to determine if this is a genuine effort or merely aspirational language.",1.0,1.0,1.0,1.0,1.0,1.0
"Canada Nickel commits to striving for excellence and leadership in environmental performance, with a focus on continual improvement and minimizing impact on ecosystems.","canada nickel commits to striving for excellence and leadership in environmental performance, with a focus on continual improvement and minimizing impact on ecosystems.",abstain,"The claim is a general statement of intent and lacks specific, verifiable details about Canada Nickel's environmental performance, targets, or achievements. Without concrete evidence, I cannot determine if this claim is accurate or misleading.",3.0,2.0,3.0,4.0,2.0,2.8
Canada Nickel claims to minimize its impact on the local and global ecosystem without providing details on how this is achieved or measured.,canada nickel claims to minimize its impact on the local and global ecosystem without providing details on how this is achieved or measured.,abstain,"The claim is vague and lacks specific, verifiable information. Without details on the methods used to minimize impact or any measurable results, it is impossible to determine if the claim is accurate or misleading.",3.0,2.0,3.0,4.0,5.0,3.4
Canada Nickel aims to minimize its impact on the local and global ecosystem through specific initiatives such as reducing emissions and waste management practices.,canada nickel aims to minimize its impact on the local and global ecosystem through specific initiatives such as reducing emissions and waste management practices.,abstain,"No context provided. While the claim states Canada Nickel aims to minimize its impact, it lacks specific details about the initiatives, their effectiveness, or any verifiable data to confirm the accuracy of the statement.",1.0,1.0,1.0,1.0,1.0,1.0
Canada Nickel claims to apply an understanding of environmental challenges to foster economic growth and pursue net zero carbon emissions without providing specific plans or timelines.,canada nickel claims to apply an understanding of environmental challenges to foster economic growth and pursue net zero carbon emissions without providing specific plans or timelines.,abstain,"The claim is vague and lacks specific, verifiable details about plans or timelines for achieving net zero carbon emissions. Without concrete information, I cannot determine if this is a genuine commitment or misleading.",3.0,2.0,3.0,4.0,4.0,3.2
"Canadanickel commits to the sustainable management of the environment and the selection of development partners based on environmental criteria, including specific metrics such as reducing water usage by 20% and achieving zero waste to landfill.","canadanickel commits to the sustainable management of the environment and the selection of development partners based on environmental criteria, including specific metrics such as reducing water usage by 20% and achieving zero waste to landfill.",not_greenwashing,"The claim states a commitment to sustainable management and provides specific, measurable metrics (20% water usage reduction, zero waste to landfill). Without evidence to the contrary, this appears to be a genuine commitment to environmental sustainability.",5.0,5.0,5.0,5.0,5.0,5.0
"Canadanickel states that the production of critical minerals is essential for low carbon technologies, implying that the company's operations are inherently sustainable and green without providing evidence of the environmental impact of these minerals' extraction and processing.","canadanickel states that the production of critical minerals is essential for low carbon technologies, implying that the company's operations are inherently sustainable and green without providing evidence of the environmental impact of these minerals' extraction and processing.",greenwashing,"The claim implies inherent sustainability based on the end-use of the minerals, without addressing the environmental impact of the extraction and processing. This presents a partial truth as a whole, suggesting the company's operations are 'green' without providing evidence to support that claim.",3.0,2.0,3.0,4.0,4.0,3.2
"Canadanickel produces critical minerals for low carbon technologies and has implemented a comprehensive environmental management system to minimize the environmental impact of extraction and processing, including reducing emissions by 30% and water usage by 15%.","canadanickel produces critical minerals for low carbon technologies and has implemented a comprehensive environmental management system to minimize the environmental impact of extraction and processing, including reducing emissions by 30% and water usage by 15%.",not_greenwashing,"The claim states Canadanickel has implemented an environmental management system and provides specific metrics for emission and water usage reduction (30% and 15% respectively). While further verification of these metrics would be ideal, the claim itself does not present any immediately verifiable falsehoods or misleading information.",5.0,5.0,5.0,5.0,5.0,5.0
"Canadanickel asserts that its operations contribute to a low carbon future, but this claim is not supported by any specific data or third-party verification regarding the carbon footprint of its operations.","canadanickel asserts that its operations contribute to a low carbon future, but this claim is not supported by any specific data or third-party verification regarding the carbon footprint of its operations.",abstain,"The claim states that Canadanickel's operations contribute to a low carbon future, but the context only indicates that this claim is not supported by data or verification. It does not provide evidence to prove or disprove the claim, therefore I must abstain.",1.0,1.0,1.0,1.0,1.0,1.0
"Canada Nickel is conducting comprehensive baseline studies for the Crawford Project, including detailed assessments of aquatic, terrestrial, surface and groundwater, air, noise, and geochemistry.","canada nickel is conducting comprehensive baseline studies for the crawford project, including detailed assessments of aquatic, terrestrial, surface and groundwater, air, noise, and geochemistry.",abstain,"The claim states that Canada Nickel is conducting studies, but does not provide any information about the results of those studies or whether the project is environmentally sound. Therefore, I cannot verify the claim's accuracy.",3.0,3.0,3.0,4.0,5.0,3.6
"Canada Nickel is conducting a Federal Impact Assessment for the Crawford Project, which includes detailed plans to avoid or mitigate negative environmental effects and optimize socioeconomic benefits, supported by substantial baseline data and effects modeling.","canada nickel is conducting a federal impact assessment for the crawford project, which includes detailed plans to avoid or mitigate negative environmental effects and optimize socioeconomic benefits, supported by substantial baseline data and effects modeling.",not_greenwashing,"The claim states that Canada Nickel is conducting a Federal Impact Assessment, which includes plans to mitigate environmental effects and optimize socioeconomic benefits. This is a standard process for large-scale projects in Canada and does not inherently constitute greenwashing. The claim is supported by the mention of baseline data and effects modeling.",5.0,5.0,5.0,5.0,5.0,5.0
"Canadanickel claims that monitoring activities will be expanded once the project is operational, implying that current efforts are sufficient.","canadanickel claims that monitoring activities will be expanded once the project is operational, implying that current efforts are sufficient.",abstain,No context provided. I do not have information about the current monitoring activities or the requirements for monitoring once the project is operational to determine if the claim is accurate or misleading.,1.0,1.0,1.0,1.0,1.0,1.0
"Canadanickel states that monitoring activities will be expanded once the project is operational, indicating a commitment to comprehensive monitoring.","canadanickel states that monitoring activities will be expanded once the project is operational, indicating a commitment to comprehensive monitoring.",abstain,"No context provided. The claim states an intention for future monitoring activities, but without further information about the scope, methodology, or baseline data, I cannot verify whether this constitutes a genuine commitment to comprehensive monitoring or is merely a vague statement.",3.0,2.0,3.0,4.0,2.0,2.8
"Canadanickel reports that monitoring results are used to inform and improve incident response and mitigation strategies, supported by detailed incident reports and response plans.","canadanickel reports that monitoring results are used to inform and improve incident response and mitigation strategies, supported by detailed incident reports and response plans.",not_greenwashing,"The claim states that monitoring results are used to improve incident response and mitigation strategies, supported by detailed incident reports and response plans. This is a standard practice for responsible environmental management and does not contain any verifiable inaccuracies.",5.0,5.0,5.0,5.0,5.0,5.0
"Canadanickel specifies that monitoring activities include water taking, emissions tracking, drill inspections, and safe access, as part of a broader environmental monitoring strategy.","canadanickel specifies that monitoring activities include water taking, emissions tracking, drill inspections, and safe access, as part of a broader environmental monitoring strategy.",not_greenwashing,The claim specifies monitoring activities that are part of an environmental monitoring strategy. This is a factual statement based on the provided context.,5.0,5.0,5.0,5.0,5.0,5.0
"Canada Nickel claims that compliance with Canadian regulatory frameworks ensures high environmental standards, without providing specific metrics or evidence of environmental benefits.","canada nickel claims that compliance with canadian regulatory frameworks ensures high environmental standards, without providing specific metrics or evidence of environmental benefits.",abstain,"The claim states compliance with 'Canadian regulatory frameworks,' but does not provide specific details about which frameworks or what environmental benefits result from this compliance. Without more information, I cannot verify if this claim is accurate or misleading.",3.0,2.0,3.0,4.0,2.0,2.8
"Canada Nickel adheres to provincial and federal regulations for the Crawford Project, ensuring compliance with rigorous environmental standards as mandated by law.","canada nickel adheres to provincial and federal regulations for the crawford project, ensuring compliance with rigorous environmental standards as mandated by law.",greenwashing,"The claim highlights adherence to 'provincial and federal regulations,' framing it as an environmental commitment. However, compliance with legally mandated standards is a baseline requirement, not a voluntary sustainability initiative. Presenting legal compliance as a proactive environmental effort constitutes greenwashing.",5.0,5.0,5.0,5.0,5.0,5.0
"Canada Nickel claims that maintaining close communication with regulators and conducting frequent assessments ensures environmental sustainability, without providing evidence of additional benefits beyond legal compliance.","canada nickel claims that maintaining close communication with regulators and conducting frequent assessments ensures environmental sustainability, without providing evidence of additional benefits beyond legal compliance.",greenwashing,"The claim emphasizes 'communication with regulators and frequent assessments,' which suggests adherence to legal requirements rather than exceeding them. Without evidence of additional environmental benefits beyond compliance, this presents legal obligations as voluntary sustainability initiatives.",3.0,4.0,4.0,4.0,5.0,4.0
"Canada Nickel maintains regular communication with regulators and conducts frequent assessments to ensure compliance with environmental regulations, which is a standard industry practice.","canada nickel maintains regular communication with regulators and conducts frequent assessments to ensure compliance with environmental regulations, which is a standard industry practice.",abstain,"No context is provided. While the claim states Canada Nickel complies with regulations, it does not provide any specific details about the regulations, assessments, or compliance records. I cannot verify the claim's accuracy without further information.",1.0,1.0,1.0,1.0,1.0,1.0
"Canada Nickel claims that the Crawford Project will have minimal environmental impact due to compliance with regulatory frameworks, without providing specific details or evidence.","canada nickel claims that the crawford project will have minimal environmental impact due to compliance with regulatory frameworks, without providing specific details or evidence.",abstain,"The claim states compliance with regulatory frameworks, but does not provide specific details or evidence of minimal environmental impact. Without further information, I cannot verify the claim's accuracy.",1.0,1.0,1.0,1.0,1.0,1.0
"Canada Nickel states that the Crawford Project is subject to provincial and federal regulations, which will guide the project's environmental impact assessments and mitigation measures.","canada nickel states that the crawford project is subject to provincial and federal regulations, which will guide the project's environmental impact assessments and mitigation measures.",not_greenwashing,"The claim states that the project is subject to existing regulations, which is a factual statement. It does not make any claims about the project's environmental performance or sustainability, only that it will be regulated.",5.0,5.0,5.0,5.0,5.0,5.0
Canadanickel conducts a risk assessment before exploration activities to ensure they are environmentally friendly.,canadanickel conducts a risk assessment before exploration activities to ensure they are environmentally friendly.,abstain,"No context provided. I do not have information about the specifics of Canadanickel's risk assessment process, its scope, or its effectiveness in ensuring environmental protection. Therefore, I cannot verify the claim.",1.0,1.0,1.0,1.0,1.0,1.0
Canadanickel performs a risk assessment as part of its Responsible Exploration Policy to identify potential environmental hazards and plan exploration activities accordingly.,canadanickel performs a risk assessment as part of its responsible exploration policy to identify potential environmental hazards and plan exploration activities accordingly.,not_greenwashing,The claim states that Canadanickel performs a risk assessment as part of its Responsible Exploration Policy. This is a standard practice in responsible mining and exploration and does not appear to be a misleading claim.,5.0,5.0,5.0,5.0,5.0,5.0
Canadanickel uses the risk assessment findings to ensure all exploration activities are sustainable and environmentally friendly.,canadanickel uses the risk assessment findings to ensure all exploration activities are sustainable and environmentally friendly.,abstain,"No context provided. I lack the information to verify whether Canadanickel's exploration activities are truly sustainable and environmentally friendly, or if this is merely a claim without supporting evidence.",1.0,1.0,1.0,1.0,1.0,1.0
"Canadanickel reports all environmental incidents, regardless of size, to their Environmental team, who take immediate remedial action and conduct an investigation into cause, eﬀect, and corrective measures.","canadanickel reports all environmental incidents, regardless of size, to their environmental team, who take immediate remedial action and conduct an investigation into cause, eﬀect, and corrective measures.",not_greenwashing,"The claim states a process for reporting and addressing environmental incidents, which is a standard practice for responsible environmental management. Without evidence to the contrary, it is reasonable to assume this is a factual statement.",5.0,5.0,5.0,5.0,5.0,5.0
"Canadanickel proudly claims to report all environmental incidents, regardless of size, to their Environmental team, who take immediate remedial action and conduct an investigation into cause, eﬀect, and corrective measures, without mentioning that this is a legal requirement.","canadanickel proudly claims to report all environmental incidents, regardless of size, to their environmental team, who take immediate remedial action and conduct an investigation into cause, eﬀect, and corrective measures, without mentioning that this is a legal requirement.",greenwashing,"The claim of reporting all environmental incidents and taking remedial action is presented as a voluntary initiative, but this is a legal requirement in Canada. Therefore, the company is misrepresenting a legal obligation as a voluntary sustainability effort.",5.0,5.0,5.0,5.0,5.0,5.0
"Canadanickel shares periodic reports of environmental incidents with the entire team, including executives and Board, and Indigenous communities, and publishes a record of incidents in the annual ESG report.","canadanickel shares periodic reports of environmental incidents with the entire team, including executives and board, and indigenous communities, and publishes a record of incidents in the annual esg report.",not_greenwashing,"The claim states that Canadanickel shares reports of environmental incidents with the team, executives, Board, Indigenous communities, and publishes a record in the annual ESG report. This is a verifiable practice of transparency and accountability, and does not appear to be misleading.",5.0,5.0,5.0,5.0,5.0,5.0
"Canadanickel boasts about sharing periodic reports of environmental incidents with the entire team, including executives and Board, and Indigenous communities, without mentioning that this is a standard practice in the industry and a regulatory requirement.","canadanickel boasts about sharing periodic reports of environmental incidents with the entire team, including executives and board, and indigenous communities, without mentioning that this is a standard practice in the industry and a regulatory requirement.",greenwashing,"The claim highlights sharing environmental incident reports as a positive initiative, but the practice is a standard industry practice and a regulatory requirement. Presenting a legal obligation as a voluntary action constitutes greenwashing.",4.0,5.0,4.0,5.0,5.0,4.6
"Canadanickel has established a streamlined communication process for incidents requiring regulatory reporting or posing an immediate public safety risk, engaging both internal and external stakeholders.","canadanickel has established a streamlined communication process for incidents requiring regulatory reporting or posing an immediate public safety risk, engaging both internal and external stakeholders.",abstain,No context provided. I cannot verify whether this communication process is actually streamlined or effectively engages stakeholders without further information.,1.0,1.0,1.0,1.0,1.0,1.0
Canada Nickel has implemented a Responsible Exploration Policy that includes specific measures such as reducing waste by 20% and minimizing water usage by 15%.,canada nickel has implemented a responsible exploration policy that includes specific measures such as reducing waste by 20% and minimizing water usage by 15%.,not_greenwashing,"The claim states the implementation of a policy with specific, measurable targets (20% waste reduction, 15% water usage minimization). Without evidence to the contrary, this is a verifiable action and not misleading.",5.0,5.0,5.0,5.0,5.0,5.0
"Canada Nickel proudly uses electric vehicles for all exploration activities, making the entire exploration process sustainable.","canada nickel proudly uses electric vehicles for all exploration activities, making the entire exploration process sustainable.",abstain,"No context provided. While the use of electric vehicles is a positive step, the claim that the *entire* exploration process is sustainable is broad and requires information about other aspects of the process (e.g., mining, processing, supply chain) to verify. Without further information, I cannot determine if this claim is accurate.",3.0,2.0,3.0,4.0,2.0,2.8
"Canada Nickel uses electric vehicles for exploration activities, significantly reducing emissions and contributing to a more sustainable exploration process.","canada nickel uses electric vehicles for exploration activities, significantly reducing emissions and contributing to a more sustainable exploration process.",abstain,"No context provided. While the claim suggests a positive environmental practice, I lack the information to verify the extent of EV usage, the baseline emissions before the switch, or the overall impact on Canada Nickel's carbon footprint. Therefore, I cannot determine if the claim is factually accurate.",1.0,1.0,1.0,1.0,1.0,1.0
Canada Nickel ensures environmental protection is at the heart of all activities.,canada nickel ensures environmental protection is at the heart of all activities.,abstain,"No context provided. This is a general statement of intent and lacks specific, verifiable details about Canada Nickel's environmental practices or protections. I cannot determine if this claim is factually accurate or misleading without further information.",1.0,1.0,1.0,1.0,1.0,1.0
"Canada Nickel collaborates with stakeholders, regulators, and Indigenous communities to address environmental concerns, obtaining local expertise on environmental conditions and land and resource use, and discussing baseline/monitoring programs, potential impacts, and proposed mitigation measures.","canada nickel collaborates with stakeholders, regulators, and indigenous communities to address environmental concerns, obtaining local expertise on environmental conditions and land and resource use, and discussing baseline/monitoring programs, potential impacts, and proposed mitigation measures.",not_greenwashing,"The claim describes a collaborative approach to environmental impact assessment and mitigation, involving stakeholders, regulators, and Indigenous communities. This is a legitimate and responsible practice, and there is no information to suggest it is false or misleading.",5.0,5.0,5.0,5.0,5.0,5.0
"Canada Nickel reported zero instances of environmental non-compliance, notices of violation, fines, exceedances, or reportable spills in 2022, and this information is supported by third-party audits and regulatory compliance reports.","canada nickel reported zero instances of environmental non-compliance, notices of violation, fines, exceedances, or reportable spills in 2022, and this information is supported by third-party audits and regulatory compliance reports.",not_greenwashing,"The claim states that Canada Nickel had zero environmental non-compliance issues in 2022, and this is supported by third-party audits and regulatory reports. This indicates the claim is factually accurate based on available documentation.",5.0,5.0,5.0,5.0,5.0,5.0
"Canada Nickel states that reporting will evolve to reflect relevant environmental topics as operations progress, but this is presented as a future commitment without any specific plans or timelines.","canada nickel states that reporting will evolve to reflect relevant environmental topics as operations progress, but this is presented as a future commitment without any specific plans or timelines.",abstain,The claim describes a future commitment without specific details or timelines. I cannot verify if this is misleading or not without further information on what 'relevant environmental topics' are and what specific plans Canada Nickel has to address them.,3.0,4.0,4.0,4.0,5.0,4.0
"Canada Nickel claims that maintaining a distance of 100 meters from water bodies is a significant environmental achievement, without mentioning that this is a more stringent requirement than the regulatory standard of 30 meters.","canada nickel claims that maintaining a distance of 100 meters from water bodies is a significant environmental achievement, without mentioning that this is a more stringent requirement than the regulatory standard of 30 meters.",greenwashing,"The claim highlights a 100-meter distance from water bodies as an environmental achievement, but omits the crucial context that this is *more* stringent than the legally required 30-meter standard. Presenting this as a voluntary achievement when it exceeds the baseline legal requirement is a partial truth presented as a whole, constituting greenwashing.",3.0,4.0,4.0,4.0,5.0,4.0
"Canada Nickel highlights that the Responsible Exploration Policy requires maintaining a distance of 100 meters from water bodies, which is more stringent than the regulatory requirement of 30 meters.","canada nickel highlights that the responsible exploration policy requires maintaining a distance of 100 meters from water bodies, which is more stringent than the regulatory requirement of 30 meters.",not_greenwashing,"The claim states that Canada Nickel's policy is *more* stringent than the regulatory requirement. This is a verifiable statement of fact, indicating a higher standard of environmental protection than legally required.",5.0,5.0,5.0,5.0,5.0,5.0
"Canada Nickel claims that the use of biodegradable drilling fluids is a key component of the company's sustainability efforts, without providing evidence of the environmental benefits or third-party verification.","canada nickel claims that the use of biodegradable drilling fluids is a key component of the company's sustainability efforts, without providing evidence of the environmental benefits or third-party verification.",abstain,"The claim states that Canada Nickel *claims* to use biodegradable drilling fluids as part of its sustainability efforts, but does not provide evidence of environmental benefits or third-party verification. Without further information, I cannot verify if this claim is accurate or misleading.",3.0,2.0,3.0,4.0,2.0,2.8
"Canada Nickel mandates the use of biodegradable drilling fluids as part of its Responsible Exploration Policy, which is supported by third-party verification and evidence of reduced environmental impact.","canada nickel mandates the use of biodegradable drilling fluids as part of its responsible exploration policy, which is supported by third-party verification and evidence of reduced environmental impact.",not_greenwashing,"The claim states that Canada Nickel mandates the use of biodegradable drilling fluids, supported by third-party verification and evidence of reduced environmental impact. This suggests a genuine commitment to environmental responsibility, and without contradictory evidence, the claim appears factually accurate.",5.0,5.0,5.0,5.0,5.0,5.0
LVMH collaborates with Canopy to reduce the impact of packaging and textiles on ancient and endangered forests.,lvmh collaborates with canopy to reduce the impact of packaging and textiles on ancient and endangered forests.,not_greenwashing,"Based on internal knowledge, LVMH has publicly committed to sustainable sourcing and has partnered with Canopy, a non-profit focused on forest conservation. This collaboration is a verifiable initiative to reduce the impact of packaging and textiles on ancient and endangered forests.",5.0,5.0,5.0,5.0,5.0,5.0
LVMH is leading far-reaching changes in the industry by preserving ancient and endangered forests.,lvmh is leading far-reaching changes in the industry by preserving ancient and endangered forests.,abstain,"No context provided. I lack the specific, verifiable information about LVMH's forest preservation initiatives to determine if this claim is factually accurate or false.",1.0,1.0,1.0,1.0,1.0,1.0
"Kering claims to support regenerative agriculture projects without defining what ""regenerative"" means, leading to potential confusion about the specific practices involved.","kering claims to support regenerative agriculture projects without defining what ""regenerative"" means, leading to potential confusion about the specific practices involved.",abstain,"The claim highlights a lack of definition for 'regenerative agriculture,' but does not provide evidence of factual inaccuracy. It points to a potential for misleading communication, but without knowing the specific practices Kering supports, I cannot determine if the claim is false or misleading.",3.0,4.0,4.0,4.0,5.0,4.0
"Kering supports regenerative agriculture projects in various countries, providing clear definitions and metrics for what constitutes ""regenerative"" practices, ensuring transparency and accountability.","kering supports regenerative agriculture projects in various countries, providing clear definitions and metrics for what constitutes ""regenerative"" practices, ensuring transparency and accountability.",abstain,"No context provided. While Kering is a major fashion group and may support regenerative agriculture, I lack specific, verifiable information about the definitions, metrics, transparency, and accountability measures they employ to determine if this claim is accurate.",1.0,1.0,1.0,1.0,1.0,1.0
Kering claims that regenerative agriculture projects are benefiting the environment without providing evidence or third-party verification of these claims.,kering claims that regenerative agriculture projects are benefiting the environment without providing evidence or third-party verification of these claims.,greenwashing,"The claim states that Kering claims benefits without providing evidence or verification. This suggests a partial truth (the projects exist) presented as a whole (environmental benefit), without supporting data to confirm the extent or validity of those benefits.",3.0,4.0,4.0,4.0,5.0,4.0
"Kering supports regenerative agriculture projects and provides evidence and third-party verification of the environmental benefits, ensuring the claims are substantiated.","kering supports regenerative agriculture projects and provides evidence and third-party verification of the environmental benefits, ensuring the claims are substantiated.",not_greenwashing,"The claim states that Kering supports regenerative agriculture projects and provides evidence and third-party verification of environmental benefits. This suggests the claims are substantiated and factually accurate, based on the information provided.",5.0,5.0,5.0,5.0,5.0,5.0
"Kering proudly supports the International Union for Conservation of Nature (IUCN) and other organizations, ensuring a green and sustainable future.","kering proudly supports the international union for conservation of nature (iucn) and other organizations, ensuring a green and sustainable future.",abstain,"No context provided. While Kering's support of IUCN is a positive step, I lack the information to verify the extent of their support, the impact of these partnerships, or whether the claim of 'ensuring a green and sustainable future' is a factually accurate representation of the outcome.",3.0,2.0,3.0,4.0,2.0,2.8
"Kering has maintained a strategic partnership with the International Union for Conservation of Nature (IUCN) since 2019, supporting the Red List of Threatened Species project.","kering has maintained a strategic partnership with the international union for conservation of nature (iucn) since 2019, supporting the red list of threatened species project.",not_greenwashing,"The claim states a strategic partnership between Kering and IUCN since 2019, supporting the Red List of Threatened Species project. This is a verifiable fact and does not appear to be misleading.",5.0,5.0,5.0,5.0,5.0,5.0
"Kering has taken a pioneering role by becoming the first IPBES private sector supporter, demonstrating a commitment to biodiversity and ecosystem services.","kering has taken a pioneering role by becoming the first ipbes private sector supporter, demonstrating a commitment to biodiversity and ecosystem services.",not_greenwashing,"Based on internal knowledge, IPBES (Intergovernmental Science-Policy Platform on Biodiversity and Ecosystem Services) is a credible international organization. Kering being the first private sector supporter is a verifiable fact demonstrating a commitment to biodiversity, and does not appear to be misleading.",5.0,5.0,5.0,5.0,5.0,5.0
Kering aims to measure and reduce its environmental impact and that of its customers through specific initiatives such as carbon footprint reduction and waste management programs.,kering aims to measure and reduce its environmental impact and that of its customers through specific initiatives such as carbon footprint reduction and waste management programs.,abstain,"No context provided. While Kering is a luxury group with sustainability goals, I lack specific, verifiable information about the details of their initiatives, their effectiveness, or whether the claim is accurate.",1.0,1.0,1.0,1.0,1.0,1.0
"Kering's engagement is described as vital for transformative change, without providing evidence of the company's specific contributions or impact.","kering's engagement is described as vital for transformative change, without providing evidence of the company's specific contributions or impact.",abstain,"The claim is vague and lacks specific details about Kering's engagement or impact. Without further information, it is impossible to verify whether the claim is accurate or misleading.",1.0,1.0,1.0,1.0,1.0,1.0
"Kering's engagement is described as vital for transformative change, as the company has implemented several initiatives that have shown measurable progress in environmental sustainability.","kering's engagement is described as vital for transformative change, as the company has implemented several initiatives that have shown measurable progress in environmental sustainability.",abstain,"No context provided. While the claim states Kering has implemented initiatives with measurable progress, there is no information provided to verify the accuracy of this statement.",1.0,1.0,1.0,1.0,1.0,1.0
"LVMH launched Nona Source, an online resale platform for surplus materials, as a key initiative to reduce waste.","lvmh launched nona source, an online resale platform for surplus materials, as a key initiative to reduce waste.",not_greenwashing,The claim states that LVMH launched Nona Source to reduce waste. This is a verifiable action that aligns with sustainability goals and does not appear to be misleading based on the information provided.,5.0,5.0,5.0,5.0,5.0,5.0
"LVMH introduced Nona Source, an online resale platform for surplus materials, which has diverted a significant amount of waste from landfills since its launch.","lvmh introduced nona source, an online resale platform for surplus materials, which has diverted a significant amount of waste from landfills since its launch.",not_greenwashing,"The claim states that LVMH introduced Nona Source, a resale platform for surplus materials, and that it has diverted waste from landfills. This is a factual statement about a platform that exists and its stated purpose. Without further information to contradict this, it is considered accurate.",5.0,5.0,5.0,5.0,5.0,5.0
"LVMH announces the launch of a new product line made with sustainable materials, without addressing the high carbon emissions from the manufacturing process.","lvmh announces the launch of a new product line made with sustainable materials, without addressing the high carbon emissions from the manufacturing process.",greenwashing,"The claim focuses on 'sustainable materials' while ignoring the 'high carbon emissions from the manufacturing process.' This presents a partial truth as whole, implying overall sustainability when a significant environmental impact remains unaddressed.",3.0,4.0,4.0,4.0,5.0,4.0
LVMH launches a new product line made with sustainable materials and commits to reducing the carbon footprint of the manufacturing process through energy-efficient practices and renewable energy sources.,lvmh launches a new product line made with sustainable materials and commits to reducing the carbon footprint of the manufacturing process through energy-efficient practices and renewable energy sources.,abstain,"No context provided. The claim is vague and lacks specific details about the 'sustainable materials,' the extent of carbon footprint reduction, or the specific energy-efficient practices and renewable energy sources used. Without verifiable information, I cannot determine if this is a genuine sustainability effort or greenwashing.",1.0,1.0,1.0,1.0,1.0,1.0
"LVMH emphasizes the importance of craftsmanship and quality in its products, which contributes to longevity and reduces waste.","lvmh emphasizes the importance of craftsmanship and quality in its products, which contributes to longevity and reduces waste.",abstain,"No context provided. While craftsmanship and quality can contribute to product longevity and waste reduction, I lack specific information about LVMH's materials, manufacturing processes, or product lifecycles to verify if this claim is factually accurate or misleading.",1.0,1.0,1.0,1.0,1.0,1.0
LVMH is committed to reducing its carbon footprint through sustainable practices.,lvmh is committed to reducing its carbon footprint through sustainable practices.,abstain,"No context provided. While LVMH may be making commitments to reduce its carbon footprint, I lack specific, verifiable information about their practices, targets, or progress to determine if this claim is factually accurate or misleading.",1.0,1.0,1.0,1.0,1.0,1.0
LVMH's entrepreneurial mindset and decentralized structure have led to the development of sustainable practices such as reducing waste and improving supply chain efficiency.,lvmh's entrepreneurial mindset and decentralized structure have led to the development of sustainable practices such as reducing waste and improving supply chain efficiency.,abstain,"No context provided. While LVMH may be implementing sustainable practices, the claim is too vague to verify without specific details about waste reduction metrics, supply chain improvements, or supporting evidence.",1.0,1.0,1.0,1.0,1.0,1.0
Kering's investment in Vestiaire Collective demonstrates a commitment to promoting circular economy practices in the luxury fashion industry.,kering's investment in vestiaire collective demonstrates a commitment to promoting circular economy practices in the luxury fashion industry.,not_greenwashing,"Kering, a luxury fashion group, has made a significant investment in Vestiaire Collective, a leading resale platform for luxury goods. This investment supports the growth of the second-hand market, extending the life cycle of luxury items and reducing waste, which aligns with circular economy principles. This is a verifiable action demonstrating a commitment to circularity.",5.0,5.0,5.0,5.0,5.0,5.0
Kering's support for resale platforms will completely eliminate waste in the luxury fashion industry.,kering's support for resale platforms will completely eliminate waste in the luxury fashion industry.,abstain,"The claim is too broad and lacks specific, verifiable details. Supporting resale platforms is a positive step, but it won't 'completely eliminate waste' in the entire luxury fashion industry. I lack the information to determine the extent of Kering's support, the actual impact on waste reduction, or the overall waste generated by the industry.",3.0,4.0,4.0,4.0,5.0,4.0
Kering highlights the Balenciaga Re-sell Program as a major sustainability initiative without specifying how much clothing is actually reused or recycled.,kering highlights the balenciaga re-sell program as a major sustainability initiative without specifying how much clothing is actually reused or recycled.,abstain,"No context is provided. Without information on the actual reuse or recycling rates of the Balenciaga Re-sell Program, I cannot determine if highlighting it as a sustainability initiative is misleading or not.",1.0,1.0,1.0,1.0,1.0,1.0
"Kering's Balenciaga Re-sell Program aims to reduce waste by offering clients financial incentives to resell their clothing, with clear documentation and authentication processes.","kering's balenciaga re-sell program aims to reduce waste by offering clients financial incentives to resell their clothing, with clear documentation and authentication processes.",not_greenwashing,"The claim describes a program that incentivizes resale, which is a legitimate waste reduction strategy. The mention of 'clear documentation and authentication processes' suggests a commitment to transparency and quality control, supporting the claim's validity. Without contradictory evidence, this appears to be a genuine sustainability initiative.",5.0,5.0,5.0,5.0,5.0,5.0
"Kering's Balenciaga Re-sell Program encourages clients to reduce, reuse, and recycle their clothing voluntarily, beyond any legal requirements.","kering's balenciaga re-sell program encourages clients to reduce, reuse, and recycle their clothing voluntarily, beyond any legal requirements.",not_greenwashing,"No context is provided, and based on my internal knowledge, Kering's Balenciaga Re-sell Program is a voluntary initiative that encourages clients to extend the life of their clothing. There is no evidence to suggest this is a legal requirement or a misrepresentation of their efforts.",1.0,1.0,1.0,1.0,1.0,1.0
"Bottega Veneta launched Bottega Series, an e-commerce section offering archival accessories, reafﬁrming its commitment to promoting responsible consumption.","bottega veneta launched bottega series, an e-commerce section offering archival accessories, reafﬁrming its commitment to promoting responsible consumption.",not_greenwashing,"The claim states that Bottega Veneta is promoting responsible consumption by offering archival accessories. This is a legitimate effort to extend the life cycle of existing products, which aligns with sustainability principles. There is no evidence to suggest this is misleading or false.",5.0,5.0,5.0,5.0,5.0,5.0
"The Certiﬁcate of Craft offers unlimited refresh and repair on iconic bags, further encouraging the multigenerational wear of pieces designed to last forever.","the certiﬁcate of craft offers unlimited refresh and repair on iconic bags, further encouraging the multigenerational wear of pieces designed to last forever.",not_greenwashing,"The claim describes a service offered by the company to extend the life of their products through repair and refurbishment. This aligns with sustainability principles of reducing waste and promoting durability, and there is no information to suggest this is false or misleading.",5.0,5.0,5.0,5.0,5.0,5.0
"Kering claims to recover and reuse fashion show materials through a partnership with Spazio META, but the report lacks specific metrics or evidence to support the scale and impact of this initiative.","kering claims to recover and reuse fashion show materials through a partnership with spazio meta, but the report lacks specific metrics or evidence to support the scale and impact of this initiative.",abstain,"The claim states a partnership exists, but the context indicates a lack of supporting metrics or evidence. Without quantifiable data on the amount of materials recovered and reused, I cannot verify the claim's accuracy or determine if it is misleading.",3.0,4.0,4.0,4.0,5.0,4.0
"Kering partners with Spazio META to recover and reuse fashion show materials, providing specific metrics and evidence that demonstrate the initiative's success in reducing waste and promoting circularity.","kering partners with spazio meta to recover and reuse fashion show materials, providing specific metrics and evidence that demonstrate the initiative's success in reducing waste and promoting circularity.",not_greenwashing,"The claim states Kering partners with Spazio META to recover and reuse fashion show materials, and provides metrics and evidence of success. This suggests a verifiable, factual initiative focused on waste reduction and circularity, without any indication of misleading information.",5.0,5.0,5.0,5.0,5.0,5.0
"Kering deepens circular initiatives through unique collaborations and synergies, operationalizing these efforts with clear strategies and measurable outcomes that demonstrate significant progress in sustainability.","kering deepens circular initiatives through unique collaborations and synergies, operationalizing these efforts with clear strategies and measurable outcomes that demonstrate significant progress in sustainability.",abstain,"The claim is vague and lacks specific, verifiable details. Terms like 'unique collaborations,' 'clear strategies,' and 'significant progress' are subjective and do not provide concrete evidence to assess the factual accuracy of the statement. Without further information, I cannot determine if this is greenwashing or a genuine sustainability effort.",1.0,1.0,1.0,1.0,1.0,1.0
"Kering proudly claims to have set up 65 initiatives to support key actions related to sorting, dismantling, selling, donating, and recycling unsold goods, but fails to provide specific details or metrics on the effectiveness of these initiatives.","kering proudly claims to have set up 65 initiatives to support key actions related to sorting, dismantling, selling, donating, and recycling unsold goods, but fails to provide specific details or metrics on the effectiveness of these initiatives.",abstain,"The claim states Kering has set up initiatives, but the lack of specific details or metrics prevents verification of their effectiveness. Without quantifiable data, it's impossible to determine if the claim is misleading or accurate.",3.0,4.0,4.0,4.0,5.0,4.0
"Kering has established a centralized dashboard to track stock levels across all Houses and has implemented various strategies to reduce excess inventory, including friends and family sales, leveraging outlet stores, and piloting new recycling methods for unsold stock.","kering has established a centralized dashboard to track stock levels across all houses and has implemented various strategies to reduce excess inventory, including friends and family sales, leveraging outlet stores, and piloting new recycling methods for unsold stock.",not_greenwashing,"The claim describes concrete actions taken by Kering to manage inventory and reduce waste, including a centralized dashboard, sales strategies, and recycling pilots. There is no evidence to suggest these actions are false or misleading.",5.0,5.0,5.0,5.0,5.0,5.0
"Kering highlights its ban on destroying excess inventory as a significant sustainability achievement, without mentioning that this is a legal requirement in many jurisdictions.","kering highlights its ban on destroying excess inventory as a significant sustainability achievement, without mentioning that this is a legal requirement in many jurisdictions.",greenwashing,"The claim presents a ban on destroying excess inventory as a sustainability achievement, but this practice is legally mandated in many jurisdictions. Therefore, it's a misrepresentation of a legal obligation as a voluntary initiative.",3.0,4.0,4.0,4.0,5.0,4.0
Kering claims that Alexander McQueen's use of archive/surplus stock fabrics in the 2021 pre-spring/summer collection is a sustainable practice without providing specific metrics or definitions for what constitutes sustainability in this context.,kering claims that alexander mcqueen's use of archive/surplus stock fabrics in the 2021 pre-spring/summer collection is a sustainable practice without providing specific metrics or definitions for what constitutes sustainability in this context.,abstain,"The claim mentions a sustainable practice but lacks specific, verifiable information about the amount of archive/surplus stock used, the definition of 'sustainability' in this context, or any metrics to assess the environmental impact. Without this information, I cannot determine if the claim is factually accurate or misleading.",3.0,4.0,4.0,4.0,5.0,4.0
"Kering reports that Alexander McQueen's 2021 pre-spring/summer collection utilized archive/surplus stock fabrics, reducing waste and extending the lifecycle of these materials, with specific details on the methods used (over-dyeing and over-printing).","kering reports that alexander mcqueen's 2021 pre-spring/summer collection utilized archive/surplus stock fabrics, reducing waste and extending the lifecycle of these materials, with specific details on the methods used (over-dyeing and over-printing).",not_greenwashing,"The claim is supported by the provided context, which states that Alexander McQueen's collection used archive/surplus stock fabrics, reducing waste and extending material lifecycles, and provides details on the methods used (over-dyeing and over-printing).",5.0,5.0,5.0,5.0,5.0,5.0
"Kering states that Alexander McQueen's over-dyeing and over-printing of fabrics gives them a new lease of life, implying these processes are inherently sustainable without providing evidence of their environmental impact.","kering states that alexander mcqueen's over-dyeing and over-printing of fabrics gives them a new lease of life, implying these processes are inherently sustainable without providing evidence of their environmental impact.",greenwashing,"The claim implies sustainability through 'giving a new lease of life' to fabrics, but lacks evidence regarding the environmental impact of the over-dyeing and over-printing processes themselves. These processes can be resource-intensive and polluting, and presenting them as inherently sustainable without qualification is a partial truth presented as a whole.",3.0,4.0,4.0,4.0,5.0,4.0
"Kering explains that Alexander McQueen's over-dyeing and over-printing of fabrics reduces waste and extends the lifecycle of materials, supported by data on the reduction in fabric waste and the energy efficiency of these processes.","kering explains that alexander mcqueen's over-dyeing and over-printing of fabrics reduces waste and extends the lifecycle of materials, supported by data on the reduction in fabric waste and the energy efficiency of these processes.",not_greenwashing,"The claim is supported by Kering's explanation that over-dyeing and over-printing reduce waste and extend material lifecycle, backed by data on waste reduction and energy efficiency. This suggests a factual basis for the claim.",5.0,5.0,5.0,5.0,5.0,5.0
"Kering boasts a library of sustainable materials, making the company a leader in eco-friendly practices.","kering boasts a library of sustainable materials, making the company a leader in eco-friendly practices.",abstain,"No context provided. While Kering is a large fashion company, I lack the specific, verifiable information about the scope, sourcing, and impact of their 'sustainable materials library' to determine if this claim is accurate or misleading.",1.0,1.0,1.0,1.0,1.0,1.0
"Kering's Material Innovation Lab (MIL) maintains a library of almost 5,000 sustainable materials and collaborates with over 450 suppliers, demonstrating a commitment to sustainable sourcing.","kering's material innovation lab (mil) maintains a library of almost 5,000 sustainable materials and collaborates with over 450 suppliers, demonstrating a commitment to sustainable sourcing.",not_greenwashing,The claim states Kering has a library of sustainable materials and collaborates with suppliers. This is a verifiable statement of activity and does not contain any false or misleading information.,5.0,5.0,5.0,5.0,5.0,5.0
"Kering's Pomellato uses the term ""sustainable solutions"" without providing specific metrics or evidence of the environmental impact of upcycling broken gems.","kering's pomellato uses the term ""sustainable solutions"" without providing specific metrics or evidence of the environmental impact of upcycling broken gems.",abstain,"No context is provided. Without information on what 'sustainable solutions' refers to, or any metrics regarding the environmental impact of their upcycling process, I cannot verify the accuracy of the claim.",1.0,1.0,1.0,1.0,1.0,1.0
"Kering's Pomellato has implemented a capsule collection that upcycles broken gems using a traditional Japanese technique, resulting in a 30% reduction in waste compared to previous production methods.","kering's pomellato has implemented a capsule collection that upcycles broken gems using a traditional japanese technique, resulting in a 30% reduction in waste compared to previous production methods.",not_greenwashing,"The claim states a specific reduction in waste (30%) achieved through a defined process (upcycling broken gems using a Japanese technique). Without any contradictory information, this appears to be a factual statement about a waste reduction initiative.",5.0,5.0,5.0,5.0,5.0,5.0
Kering's Pomellato highlights its collaboration with a master kintsugi artist in Tokyo and artisans in Milan as a key sustainability initiative without specifying its contribution to the company's overall sustainability goals.,kering's pomellato highlights its collaboration with a master kintsugi artist in tokyo and artisans in milan as a key sustainability initiative without specifying its contribution to the company's overall sustainability goals.,abstain,"The claim describes a collaboration with artisans, but does not provide enough information to determine if it is a misleading sustainability claim. Without knowing the scope of the collaboration or its impact on Kering's overall sustainability goals, I cannot verify the claim.",3.0,4.0,4.0,4.0,4.0,3.8
"Kering's Pomellato collaborates with a master kintsugi artist in Tokyo and artisans in Milan to upcycle broken gems, contributing to a 15% reduction in waste and aligning with the company's broader sustainability goals.","kering's pomellato collaborates with a master kintsugi artist in tokyo and artisans in milan to upcycle broken gems, contributing to a 15% reduction in waste and aligning with the company's broader sustainability goals.",not_greenwashing,"The claim describes a specific collaboration and waste reduction initiative (15% reduction) which, without contradictory evidence, appears to be a genuine sustainability effort. The context does not suggest this is a legal requirement or a misrepresentation of facts.",5.0,5.0,5.0,5.0,5.0,5.0
"Kering has invested in VitroLabs to produce ""real"" cow skin in a lab, which is a game-changer for sustainability.","kering has invested in vitrolabs to produce ""real"" cow skin in a lab, which is a game-changer for sustainability.",abstain,"No context provided. While I am aware of Kering's investments in lab-grown leather, I do not have sufficient information to verify the sustainability claims associated with VitroLabs' technology or the extent of its impact. I cannot determine if this is a genuine sustainability advancement or if the claim is misleading.",1.0,1.0,1.0,1.0,1.0,1.0
"Kering has invested in VitroLabs to produce cell-cultivated leather, which aims to reduce the environmental impacts associated with traditional leather production.","kering has invested in vitrolabs to produce cell-cultivated leather, which aims to reduce the environmental impacts associated with traditional leather production.",not_greenwashing,"The claim states Kering invested in VitroLabs to produce cell-cultivated leather, which is a known effort to reduce the environmental impact of traditional leather production. This is a factual statement about an investment in a sustainable technology.",5.0,5.0,5.0,5.0,5.0,5.0
"Kering supports 19 startups and 13 projects focused on alternative materials, making the company a leader in sustainability.","kering supports 19 startups and 13 projects focused on alternative materials, making the company a leader in sustainability.",abstain,"No context provided. While Kering is a large fashion company, I do not have specific, verifiable information about the number of startups and projects they support, or whether this makes them a leader in sustainability.",1.0,1.0,1.0,1.0,1.0,1.0
"Kering's partnership with VitroLabs is a major step towards sustainability, showcasing the company's commitment to eco-friendly practices.","kering's partnership with vitrolabs is a major step towards sustainability, showcasing the company's commitment to eco-friendly practices.",abstain,"No context provided. While I know Kering is a luxury fashion group and VitroLabs is a company developing lab-grown leather, I do not have specific, verifiable information about the partnership's impact, the sustainability of the lab-grown leather, or Kering's overall sustainability practices to determine if the claim is factually accurate or false.",1.0,1.0,1.0,1.0,1.0,1.0
"Kering's partnership with VitroLabs demonstrates a significant investment in sustainable product development and innovation, contributing to the advancement of eco-friendly materials.","kering's partnership with vitrolabs demonstrates a significant investment in sustainable product development and innovation, contributing to the advancement of eco-friendly materials.",abstain,"No context provided. While I am aware of Kering's sustainability initiatives, I lack specific, verifiable information about the details of their partnership with VitroLabs or the impact of this partnership on sustainable product development to determine if the claim is factually accurate or false.",1.0,1.0,1.0,1.0,1.0,1.0
"Kering's financial support for VitroLabs is a key part of the company's green initiatives, showing a commitment to sustainable innovation.","kering's financial support for vitrolabs is a key part of the company's green initiatives, showing a commitment to sustainable innovation.",abstain,"No context provided. While I know Kering is a luxury fashion group and VitroLabs is a company growing leather from cells, I do not have specific, verifiable information about the extent of Kering's financial support or the impact of this support on Kering's overall sustainability initiatives to determine if the claim is factually accurate or false.",1.0,1.0,1.0,1.0,1.0,1.0
"Kering's financial and resource investment in VitroLabs is crucial for advancing sustainable product development, highlighting the company's commitment to innovation in eco-friendly materials.","kering's financial and resource investment in vitrolabs is crucial for advancing sustainable product development, highlighting the company's commitment to innovation in eco-friendly materials.",abstain,"No context provided. While I know Kering is a luxury fashion group and VitroLabs is a company developing lab-grown leather, I do not have specific, verifiable information about the amount of Kering's investment, the impact of this investment on sustainable product development, or the extent of Kering's overall commitment to eco-friendly materials to determine if the claim is factually accurate or false.",1.0,1.0,1.0,1.0,1.0,1.0
"Kering's partnership with VitroLabs is crucial for pushing forward new frontiers in sustainable product development, demonstrating a commitment to innovation in eco-friendly materials.","kering's partnership with vitrolabs is crucial for pushing forward new frontiers in sustainable product development, demonstrating a commitment to innovation in eco-friendly materials.",abstain,"No context provided. While I know Kering is a luxury fashion group and VitroLabs is a biotech company working on lab-grown leather, I do not have specific, verifiable information about the partnership's impact, the sustainability of the materials produced, or the extent of Kering's commitment to innovation in this area to determine if the claim is factually accurate or false.",1.0,1.0,1.0,1.0,1.0,1.0
"Kering proudly uses forensic science to ensure 100% traceability of organic cotton, making all of its products eco-friendly.","kering proudly uses forensic science to ensure 100% traceability of organic cotton, making all of its products eco-friendly.",abstain,"The claim mentions 'forensic science' and '100% traceability of organic cotton,' but does not provide any details about the scope of this traceability (e.g., from farm to finished product) or the specific standards used to define 'eco-friendly.' Without further information, I cannot verify the claim's accuracy.",3.0,3.0,3.0,4.0,4.0,3.4
"Kering partners with Albini Group, Supima, and Oritain to use forensic science and statistical analysis to ensure 100% traceability of organic cotton, verifying the authenticity and quality of the raw material, fabric, and final product.","kering partners with albini group, supima, and oritain to use forensic science and statistical analysis to ensure 100% traceability of organic cotton, verifying the authenticity and quality of the raw material, fabric, and final product.",not_greenwashing,"The claim describes a partnership and the use of forensic science and statistical analysis to ensure traceability of organic cotton. This is a verifiable process that, if implemented as described, would support the authenticity and quality of the cotton. There is no information to suggest this is false or misleading.",5.0,5.0,5.0,5.0,5.0,5.0
"Kering proudly supports Fashion for Good, showcasing the company's commitment to sustainability by investing in startups that promise to revolutionize the fashion industry.","kering proudly supports fashion for good, showcasing the company's commitment to sustainability by investing in startups that promise to revolutionize the fashion industry.",not_greenwashing,"Based on internal knowledge, Fashion for Good is a legitimate non-profit organization focused on promoting sustainable practices in the fashion industry. Kering's support of this initiative is a verifiable action demonstrating a commitment to sustainability, and does not appear to be misleading.",5.0,5.0,5.0,5.0,5.0,5.0
"Kering, as a Founding Partner of Fashion for Good, has piloted 39 projects through the MIL, demonstrating a concrete commitment to sustainability.","kering, as a founding partner of fashion for good, has piloted 39 projects through the mil, demonstrating a concrete commitment to sustainability.",not_greenwashing,"The claim states Kering has piloted 39 projects through the MIL (Manufacturing Innovation in Leather) with Fashion for Good. This is a verifiable fact, demonstrating a commitment to sustainability initiatives. The context does not suggest any misleading or false information.",5.0,5.0,5.0,5.0,5.0,5.0
Kering is committed to scaling nascent technologies to create a lasting impact in the fashion industry.,kering is committed to scaling nascent technologies to create a lasting impact in the fashion industry.,abstain,"No context provided. This is a general statement of intent and lacks specific, verifiable details about technologies, impact metrics, or commitments that would allow me to assess its accuracy.",1.0,1.0,1.0,1.0,1.0,1.0
"Kering is collaborating on the Full Circle Textile project, which aims to develop fiber-to-fiber recycling technologies for cellulosic-based textiles.","kering is collaborating on the full circle textile project, which aims to develop fiber-to-fiber recycling technologies for cellulosic-based textiles.",not_greenwashing,The claim states Kering is collaborating on a project to develop recycling technologies. This is a factual statement about a collaborative effort and does not contain any verifiable inaccuracies. No evidence suggests this is misleading.,5.0,5.0,5.0,5.0,5.0,5.0
"Kering states that the D(r)ye Factory of the Future project will significantly reduce water, energy, and chemicals consumption in dyeing processes.","kering states that the d(r)ye factory of the future project will significantly reduce water, energy, and chemicals consumption in dyeing processes.",abstain,"No context provided. I lack the specific, verifiable information about the D(r)ye Factory of the Future project's actual impact on water, energy, and chemical consumption to determine if the claim is accurate or misleading.",1.0,1.0,1.0,1.0,1.0,1.0
"Kering claims that the D(r)ye Factory of the Future project will revolutionize the textile industry by reducing water, energy, and chemicals consumption, without mentioning any potential trade-offs or limitations.","kering claims that the d(r)ye factory of the future project will revolutionize the textile industry by reducing water, energy, and chemicals consumption, without mentioning any potential trade-offs or limitations.",abstain,"No context is provided. I lack the specific information to verify the claims about the project's impact on water, energy, and chemical consumption, or to assess whether the lack of mention of trade-offs constitutes greenwashing.",1.0,1.0,1.0,1.0,1.0,1.0
Kering is validating and scaling bio-black pigments derived from waste feedstocks as part of the Black Pigment project.,kering is validating and scaling bio-black pigments derived from waste feedstocks as part of the black pigment project.,not_greenwashing,"The claim states Kering is 'validating and scaling' a project, which is a factual statement about ongoing work. It does not make a definitive claim about the current sustainability of any product, only about efforts to develop a more sustainable alternative. Without further information to contradict this, it is not greenwashing.",5.0,5.0,5.0,5.0,5.0,5.0
"Kering states that the Kering Generation Award motivates change makers to innovate sustainably, without providing any quantifiable impact on the environment or society.","kering states that the kering generation award motivates change makers to innovate sustainably, without providing any quantifiable impact on the environment or society.",greenwashing,"The claim states the award 'motivates change makers to innovate sustainably,' but lacks any quantifiable evidence of actual environmental or societal impact. The claim presents a potential benefit (motivation) as a concrete outcome (sustainability) without supporting data, implying a broader positive effect than is demonstrably true.",3.0,4.0,4.0,4.0,5.0,4.0
Kering reports that the Kering Generation Award has led to measurable environmental and social improvements through the innovations of startups like PEEL SPHERE.,kering reports that the kering generation award has led to measurable environmental and social improvements through the innovations of startups like peel sphere.,abstain,"No context provided. I do not have specific, verifiable information about the Kering Generation Award, PEEL SPHERE, or the measurable environmental and social improvements resulting from their innovations to determine if the claim is factually accurate or false.",1.0,1.0,1.0,1.0,1.0,1.0
StandardBank's AI partnership significantly reduces carbon emissions by optimizing financial processes.,standardbank's ai partnership significantly reduces carbon emissions by optimizing financial processes.,abstain,No context provided. I lack the information to verify whether StandardBank's AI partnership actually reduces carbon emissions or by how much. The claim is too vague without supporting data.,1.0,1.0,1.0,1.0,1.0,1.0
StandardBank is committed to reducing carbon emissions and is taking steps towards a greener future.,standardbank is committed to reducing carbon emissions and is taking steps towards a greener future.,abstain,"No context provided. This is a general statement of intent and lacks specific, verifiable details about StandardBank's actions, targets, or progress in reducing carbon emissions. I cannot determine if this claim is factually accurate or misleading without further information.",1.0,1.0,1.0,1.0,1.0,1.0
StandardBank is committed to reducing carbon emissions and has set a target to reduce emissions by 30% by 2030.,standardbank is committed to reducing carbon emissions and has set a target to reduce emissions by 30% by 2030.,abstain,No context provided. I lack sufficient internal knowledge to verify the accuracy of StandardBank's emissions reduction target or the baseline from which the 30% reduction is calculated.,1.0,1.0,1.0,1.0,1.0,1.0
"StandardBank proudly states that the company is now compliant with the new EU plastic law, presenting this as a voluntary sustainability initiative.","standardbank proudly states that the company is now compliant with the new eu plastic law, presenting this as a voluntary sustainability initiative.",greenwashing,"The claim presents compliance with the EU plastic law as a voluntary sustainability initiative. This is misleading, as compliance with the law is a legal obligation, not a voluntary action.",3.0,4.0,4.0,4.0,5.0,4.0
"StandardBank's product packaging is now eco-friendly, without specifying what percentage of materials are sustainable or providing any third-party verification.","standardbank's product packaging is now eco-friendly, without specifying what percentage of materials are sustainable or providing any third-party verification.",abstain,"The claim states the packaging is 'eco-friendly' but lacks specific details about the materials used, the percentage of sustainable content, or any independent verification. Without this information, I cannot determine if the claim is accurate or misleading.",3.0,2.0,3.0,4.0,4.0,3.2
"StandardBank's product packaging now includes 50% recycled materials, as verified by an independent third-party audit.","standardbank's product packaging now includes 50% recycled materials, as verified by an independent third-party audit.",not_greenwashing,"The claim is supported by the context, which states that the packaging includes 50% recycled materials and that this has been verified by an independent third-party audit.",5.0,5.0,5.0,5.0,5.0,5.0
StandardBank introduced reusable bags for customers as part of a broader initiative to reduce plastic waste in its operations.,standardbank introduced reusable bags for customers as part of a broader initiative to reduce plastic waste in its operations.,abstain,"No context provided. While the claim mentions a positive initiative, I lack information to verify if this is a voluntary action or a response to legal requirements, or the extent of the impact on plastic waste reduction.",1.0,1.0,1.0,1.0,1.0,1.0
"StandardBank has committed to achieving net-zero emissions by 2050, in line with the Paris Agreement, and is developing a detailed plan to achieve this goal.","standardbank has committed to achieving net-zero emissions by 2050, in line with the paris agreement, and is developing a detailed plan to achieve this goal.",abstain,"No context provided. While StandardBank's commitment to net-zero emissions by 2050 is stated, I lack the information to verify the details of their plan or whether their commitment is substantiated by concrete actions and measurable targets. Therefore, I cannot determine if this claim is accurate or misleading.",1.0,1.0,1.0,1.0,1.0,1.0
StandardBank has launched a new sustainable finance product that includes a green bond to fund renewable energy projects.,standardbank has launched a new sustainable finance product that includes a green bond to fund renewable energy projects.,abstain,"No context provided. I do not have sufficient information about the specifics of the green bond, the renewable energy projects it funds, or the criteria used to qualify as 'sustainable' to verify the claim's accuracy.",1.0,1.0,1.0,1.0,1.0,1.0
"StandardBank's new sustainable finance product is a comprehensive solution to climate change, as it includes a green bond to fund renewable energy projects.","standardbank's new sustainable finance product is a comprehensive solution to climate change, as it includes a green bond to fund renewable energy projects.",abstain,"No context provided. While the claim mentions a 'green bond' and 'renewable energy projects,' I lack the information to verify the extent to which the product is a 'comprehensive solution to climate change' or the specific details of the bond and projects to assess its sustainability credentials.",1.0,1.0,1.0,1.0,1.0,1.0
"Standard Bank claims to manage E&S impacts for all transactions, but this claim is overgeneralized as it does not specify the extent or effectiveness of the management process.","standard bank claims to manage e&s impacts for all transactions, but this claim is overgeneralized as it does not specify the extent or effectiveness of the management process.",abstain,"The claim is vague and lacks specific details about the extent or effectiveness of Standard Bank's E&S impact management process. Without further information, it is impossible to verify whether the claim is factually accurate or misleading.",3.0,3.0,3.0,4.0,5.0,3.6
"StandardBank claims to oversee the implementation of climate policies and targets, but does not provide specific details or metrics for these policies and targets.","standardbank claims to oversee the implementation of climate policies and targets, but does not provide specific details or metrics for these policies and targets.",abstain,"The claim states that StandardBank does not provide specific details or metrics for its climate policies and targets. This lack of detail does not inherently make the claim false, but rather indicates a lack of transparency. Without further information, I cannot verify the existence or effectiveness of these policies and targets.",3.0,4.0,4.0,4.0,5.0,4.0
"Baytex Energy partners with service providers who are always improving and strengthening their HSE management systems, ensuring a safer and more sustainable future.","baytex energy partners with service providers who are always improving and strengthening their hse management systems, ensuring a safer and more sustainable future.",abstain,"The claim is vague and lacks specific, verifiable information. It states that service providers are 'always improving' and 'strengthening' their HSE systems, but does not provide any evidence of actual improvements, certifications, or measurable sustainability metrics. Without concrete data, it is impossible to determine if this claim is accurate or misleading.",1.0,1.0,1.0,1.0,1.0,1.0
"Baytex Energy partners with service providers who are committed to enhancing their HSE management systems, as evidenced by their annual third-party audits and continuous improvement plans.","baytex energy partners with service providers who are committed to enhancing their hse management systems, as evidenced by their annual third-party audits and continuous improvement plans.",not_greenwashing,"The claim states Baytex Energy partners with service providers committed to HSE management systems, supported by third-party audits and improvement plans. This is a verifiable statement of partnership and process, not a misleading environmental claim.",5.0,5.0,5.0,5.0,5.0,5.0
"Baytex Energy partners with service providers who are always improving and strengthening their HSE management systems, contributing to a safer and more sustainable industry.","baytex energy partners with service providers who are always improving and strengthening their hse management systems, contributing to a safer and more sustainable industry.",abstain,"The claim is vague and does not provide specific, verifiable information about the HSE management systems or sustainability improvements. It relies on general statements about 'improving' and 'strengthening' without quantifiable data or evidence. Therefore, I cannot determine if it is factually accurate or misleading.",1.0,1.0,1.0,1.0,1.0,1.0
"Baytex Energy claims that following new EU plastic laws is a significant part of its sustainability efforts, implying that this is a voluntary initiative rather than a legal obligation.","baytex energy claims that following new eu plastic laws is a significant part of its sustainability efforts, implying that this is a voluntary initiative rather than a legal obligation.",greenwashing,"The claim frames compliance with EU plastic laws as a 'sustainability effort,' implying a voluntary action. However, adherence to these laws is a legal obligation for companies operating within the EU, not a voluntary initiative. This misrepresents a legal requirement as a proactive sustainability measure.",3.0,4.0,4.0,4.0,5.0,4.0
"Baytex Energy adheres to new EU plastic laws as part of its commitment to sustainability, and has implemented additional voluntary measures to reduce plastic waste beyond legal requirements.","baytex energy adheres to new eu plastic laws as part of its commitment to sustainability, and has implemented additional voluntary measures to reduce plastic waste beyond legal requirements.",not_greenwashing,"The claim states adherence to EU plastic laws and voluntary measures beyond those requirements. Without further context, it is reasonable to assume that the company is complying with the law and taking additional steps, and therefore the claim is not demonstrably false.",3.0,4.0,4.0,4.0,5.0,4.0
"Baytex Energy promotes a product as ""sustainable"" based on its use of recycled materials, without mentioning the significant carbon emissions associated with its production and transportation.","baytex energy promotes a product as ""sustainable"" based on its use of recycled materials, without mentioning the significant carbon emissions associated with its production and transportation.",greenwashing,"The claim focuses on the positive aspect of 'recycled materials' while omitting crucial information about 'significant carbon emissions associated with its production and transportation.' This presents a partial truth as a whole, implying sustainability without acknowledging the full environmental impact.",3.0,4.0,4.0,4.0,5.0,4.0
"Baytex Energy highlights a product's use of recycled materials as a positive feature, while also transparently disclosing the carbon emissions associated with its production and transportation, and committing to reducing these emissions.","baytex energy highlights a product's use of recycled materials as a positive feature, while also transparently disclosing the carbon emissions associated with its production and transportation, and committing to reducing these emissions.",not_greenwashing,"The claim describes a transparent approach where Baytex acknowledges both the positive aspect of recycled materials and the negative impact of carbon emissions, along with a commitment to reduction. This does not constitute greenwashing as it is not presenting a misleading picture.",5.0,5.0,5.0,5.0,5.0,5.0
Baytex Energy's multi-year safety planning approach ensures that the company is always eco-friendly and sustainable.,baytex energy's multi-year safety planning approach ensures that the company is always eco-friendly and sustainable.,abstain,"The claim is too vague. 'Eco-friendly' and 'sustainable' are broad terms, and the context does not provide specific details about Baytex Energy's safety planning approach or how it translates into environmental benefits. Without verifiable information, I cannot determine if the claim is accurate or misleading.",3.0,2.0,3.0,4.0,4.0,3.2
"Baytex Energy follows up on high-potential events and incidents by investing time and resources into understanding causes, implementing corrective actions, and sharing findings across the organization, as part of a structured safety and environmental management system.","baytex energy follows up on high-potential events and incidents by investing time and resources into understanding causes, implementing corrective actions, and sharing findings across the organization, as part of a structured safety and environmental management system.",not_greenwashing,"The claim describes a standard practice for responsible companies in the energy sector. It does not make any specific environmental claims that can be verified as false or misleading. It describes a process for improvement, which is a reasonable and expected practice.",5.0,5.0,5.0,5.0,5.0,5.0
"Baytex proudly claims to comply with the federal Greenhouse Gas Pollution Pricing Act, showcasing its commitment to environmental sustainability.","baytex proudly claims to comply with the federal greenhouse gas pollution pricing act, showcasing its commitment to environmental sustainability.",greenwashing,"The federal Greenhouse Gas Pollution Pricing Act is a legal requirement for many Canadian companies, including oil and gas producers like Baytex. Compliance with this act is not a voluntary sustainability initiative but a legal obligation. Therefore, presenting compliance as a demonstration of commitment to environmental sustainability is misleading.",5.0,5.0,5.0,5.0,5.0,5.0
"Baytex adheres to the federal Greenhouse Gas Pollution Pricing Act, which requires the company to pay a carbon price for emissions, thereby contributing to the reduction of greenhouse gas emissions.","baytex adheres to the federal greenhouse gas pollution pricing act, which requires the company to pay a carbon price for emissions, thereby contributing to the reduction of greenhouse gas emissions.",greenwashing,"The claim states that Baytex 'contributing to the reduction of greenhouse gas emissions' through adherence to the federal Greenhouse Gas Pollution Pricing Act. However, the Act mandates a carbon price for emissions, meaning Baytex is legally obligated to pay this price. This is a legal requirement, not a voluntary sustainability initiative, and presenting it as such is misleading.",5.0,5.0,5.0,5.0,5.0,5.0
"Baytex operates under provincial performance standards in Saskatchewan and Alberta, which are equivalent to the federal carbon pricing system, demonstrating the company's proactive approach to sustainability.","baytex operates under provincial performance standards in saskatchewan and alberta, which are equivalent to the federal carbon pricing system, demonstrating the company's proactive approach to sustainability.",greenwashing,"The claim frames compliance with provincial performance standards as a 'proactive approach to sustainability.' However, these standards are equivalent to the federal carbon pricing system, meaning Baytex is legally obligated to meet them. This misrepresents a legal requirement as a voluntary sustainability initiative.",3.0,2.0,3.0,4.0,5.0,3.4
"Baytex Energy has conducted a sensitivity analysis on the impact of different carbon prices, including those announced by the Canadian Federal government, showcasing its commitment to environmental sustainability.","baytex energy has conducted a sensitivity analysis on the impact of different carbon prices, including those announced by the canadian federal government, showcasing its commitment to environmental sustainability.",abstain,"No context provided. While the claim mentions a sensitivity analysis on carbon pricing, it does not provide any details about the analysis itself, its results, or how this demonstrates a commitment to environmental sustainability. I cannot verify the claim's accuracy without further information.",1.0,1.0,1.0,1.0,1.0,1.0
Baytex Energy included different taxable rates in the sensitivity analysis to better understand the financial impact of varying carbon prices.,baytex energy included different taxable rates in the sensitivity analysis to better understand the financial impact of varying carbon prices.,not_greenwashing,The claim describes a financial analysis practice (sensitivity analysis) to understand the impact of carbon pricing. This is a standard business practice and does not inherently constitute greenwashing.,5.0,5.0,5.0,5.0,5.0,5.0
Baytex Energy tested the impact of different carbon prices as part of the scenario analysis to prepare for potential future regulatory changes.,baytex energy tested the impact of different carbon prices as part of the scenario analysis to prepare for potential future regulatory changes.,not_greenwashing,The claim states that Baytex Energy tested the impact of carbon prices as part of scenario analysis. This is a standard business practice to prepare for potential regulatory changes and does not constitute greenwashing.,5.0,5.0,5.0,5.0,5.0,5.0
"Baytex Energy tested the impact of different carbon prices as part of the scenario analysis, showcasing the company's commitment to environmental sustainability.","baytex energy tested the impact of different carbon prices as part of the scenario analysis, showcasing the company's commitment to environmental sustainability.",abstain,The context does not provide enough information to determine if the carbon price testing is a genuine commitment to environmental sustainability or simply a standard business practice. It does not indicate whether the company is taking concrete actions to reduce its carbon footprint beyond scenario analysis.,3.0,3.0,3.0,4.0,4.0,3.4
"Baytex has achieved an 84% reduction in methane emissions since 2018, showcasing the company's commitment to environmental sustainability.","baytex has achieved an 84% reduction in methane emissions since 2018, showcasing the company's commitment to environmental sustainability.",abstain,No context provided. I lack the specific data and verification of Baytex's methane emission levels in 2018 and current levels to confirm the 84% reduction claim. I also cannot verify the methodology used to measure these emissions.,1.0,1.0,1.0,1.0,1.0,1.0
"Baytex has achieved an 84% reduction in methane emissions since 2018, demonstrating the company's dedication to being eco-friendly.","baytex has achieved an 84% reduction in methane emissions since 2018, demonstrating the company's dedication to being eco-friendly.",abstain,No context provided. I do not have access to Baytex's emissions data or independent verification of their reported reduction to determine if the claim is accurate.,1.0,1.0,1.0,1.0,1.0,1.0
